date, pm25, o3, no2, so2, co
2025/8/7, 29, 33, , , 5
2025/8/8, 24, 32, , 1, 5
2025/8/9, 33, 35, , 1, 5
2025/8/10, 47, 41, , 1, 5
2025/8/11, 23, 34, , 1, 5
2025/8/12, 30, 40, , 1, 5
2025/8/13, 31, 33, , 1, 5
2025/8/14, 25, 33, , 1, 5
2025/8/15, 15, 31, , 1, 5
2025/8/16, 18, 35, , 1, 5
2025/8/17, 31, 32, , 1, 5
2025/8/18, 44, 45, , 1, 5
2025/8/19, 34, 44, , 1, 5
2025/8/20, 39, 49, , 1, 5
2025/8/21, 37, 37, , 1, 5
2025/8/22, 36, 38, , 1, 5
2025/8/23, 18, 34, , 1, 5
2025/8/24, 19, 27, , 1, 5
2025/8/25, 23, 31, , 1, 5
2025/8/26, 28, 29, , 1, 5
2025/8/27, 43, 37, , 1, 6
2025/8/28, 25, 34, , 1, 6
2025/8/29, 40, 1, , 1, 7
2025/7/4, 12, 39, , 2, 3
2025/7/5, 27, 44, , 3, 3
2025/7/6, 47, 14, , 3, 4
2025/7/7, 59, 31, , 3, 5
2025/7/8, 19, 39, , 2, 3
2025/7/9, 15, 46, , 2, 4
2025/7/11, 28, 41, , 2, 4
2025/7/12, 31, 37, , 2, 4
2025/7/13, 18, 44, , 2, 4
2025/7/14, 15, 35, , 2, 4
2025/7/15, 23, 33, , 2, 4
2025/7/16, 12, 43, , 2, 3
2025/7/17, 16, 44, , 3, 4
2025/7/18, 28, 38, , 3, 5
2025/7/19, 36, 46, , 3, 5
2025/7/20, 28, 45, , 3, 4
2025/7/21, 14, 43, , 3, 4
2025/7/22, 42, 46, , 3, 5
2025/7/23, 48, 59, , 3, 5
2025/7/24, 37, 62, , 3, 5
2025/7/25, 5, 50, , 3, 4
2025/7/26, 5, 39, , 3, 4
2025/7/27, 30, 40, , 3, 4
2025/7/28, 23, 42, , 3, 4
2025/7/29, 13, 43, , 3, 4
2025/4/4, 60, 21, , 1, 6
2025/4/5, 53, 20, , 2, 6
2025/4/6, 56, 21, , 1, 5
2025/4/7, 47, 15, , 2, 6
2025/4/8, 48, 16, , 1, 5
2025/4/9, 45, 26, , 1, 5
2025/4/10, 61, 35, , 2, 7
2025/4/11, 64, 30, , 2, 7
2025/4/12, 78, 34, , 2, 8
2025/4/13, 96, 34, , 2, 9
2025/4/14, 103, 32, , 2, 9
2025/4/15, 119, 34, , 2, 12
2025/4/16, 97, 34, , 1, 8
2025/4/17, 93, 30, , 2, 8
2025/4/18, 102, 30, , 2, 9
2025/4/19, 100, 29, , 2, 9
2025/4/20, 91, 8, , 2, 9
2025/4/21, 90, 25, , 1, 9
2025/4/22, 75, 28, , 1, 7
2025/4/23, 77, 16, , 2, 7
2025/4/24, 78, 24, , 2, 6
2025/4/25, 81, 31, , 2, 2
2025/4/26, 83, 33, , 1, 1
2025/4/27, 77, 32, , 1, 2
2025/4/28, 57, 30, , 1, 2
2025/4/29, 61, 26, , 1, 3
2025/4/30, 76, 30, , 1, 3
2025/5/1, 75, 28, , 1, 2
2025/5/2, 74, 29, , 2, 3
2025/5/3, 72, 27, , 1, 3
2025/5/4, 62, 24, , 1, 2
2025/5/5, 48, 25, , 1, 2
2025/5/6, 58, 24, , 1, 3
2025/5/7, 71, 26, , 1, 4
2025/5/8, 58, 25, , 1, 3
2025/5/9, 61, 28, , 1, 3
2025/5/10, 62, 31, , 1, 2
2025/5/11, 55, 28, , 1, 3
2025/5/12, 54, 33, , 1, 3
2025/5/13, 60, 32, , 1, 4
2025/5/14, 79, 35, , 1, 4
2025/5/15, 74, 35, , 1, 3
2025/5/16, 72, 30, , 1, 4
2025/5/17, 61, 28, , 1, 3
2025/5/18, 54, 27, , 1, 3
2025/5/19, 48, 28, , 1, 3
2025/5/20, 52, 33, , 1, 3
2025/5/21, 63, 29, , 1, 3
2025/5/22, 56, 34, , 1, 3
2025/5/23, 68, 31, , 2, 3
2025/5/24, 64, 27, , 1, 3
2025/5/25, 33, 21, , 1, 2
2025/5/26, 22, 20, , 1, 2
2025/5/27, 15, 24, , 1, 2
2025/5/28, 29, 18, , 1, 2
2025/5/29, 20, 15, , 1, 2
2025/5/30, 10, 27, , 1, 2
2025/5/31, 9, 42, , 1, 2
2025/6/1, 29, 37, , 3, 2
2025/6/2, 28, 43, , 1, 2
2025/6/3, 30, 45, , 1, 3
2025/6/4, 24, 40, , 1, 2
2025/6/5, 32, 45, , 1, 3
2025/6/6, 22, 39, , 1, 3
2025/6/7, 14, 38, , 1, 3
2025/6/9, 9, 35, , 1, 2
2025/6/10, 30, 41, , 1, 3
2025/6/11, 42, 39, , , 3
2025/6/12, 40, 36, , , 3
2025/6/13, 24, 29, , , 2
2025/6/18, 5, 39, , , 3
2025/6/19, 9, 21, , , 3
2025/6/20, 11, 16, , , 3
2025/6/21, 5, 12, , , 2
2025/6/22, 7, 10, , , 3
2025/6/25, 20, 56, , , 4
2025/6/26, 21, 34, , , 4
2025/6/27, 15, 38, , , 3
2025/6/28, 16, 42, , 1, 3
2025/6/29, 18, 20, , , 3
2025/6/30, 13, 14, , , 3
2025/3/8, 48, 53, , , 
2025/3/9, 66, 54, , , 
2025/3/10, 66, 40, , , 
2025/3/11, 55, 47, , , 1
2025/3/12, 46, 53, , , 
2025/3/13, 47, 65, , , 
2025/3/14, 54, 52, , , 3
2025/3/15, 58, 45, , , 
2025/3/16, 59, 56, , , 
2025/3/17, 55, 81, , , 4
2025/3/18, 76, 86, , , 2
2025/3/19, 78, 77, , 2, 1
2025/3/20, 84, 75, , 1, 2
2025/3/21, 76, 71, , 1, 
2025/3/22, 49, 84, , 1, 
2025/3/23, 61, 56, , 2, 2
2025/3/24, 72, , , 1, 2
2025/3/25, 62, , , 1, 2
2025/3/26, 78, , , 1, 1
2025/3/27, 66, , , 1, 
2025/3/28, 65, , , 1, 
2024/10/2, 18, , , 1, 2
2024/10/3, 20, , , 1, 3
2024/10/4, 26, , , 1, 3
2024/10/5, 37, , , 1, 3
2024/10/6, 35, , , 1, 4
2024/10/7, 7, , , 1, 2
2024/10/8, 11, , , 1, 3
2024/10/9, 25, , , , 
2024/7/4, 5, 36, , 3, 
2024/7/6, 29, 54, , 3, 1
2024/7/7, 25, 44, , 3, 
2024/7/8, 19, 42, , 3, 
2024/7/9, 17, 40, , 3, 
2024/7/10, 13, 42, , 3, 
2024/7/11, 21, 28, , 3, 
2024/7/14, 31, 31, , 3, 1
2024/7/15, 57, 36, , 3, 
2024/7/16, 22, 49, , 3, 1
2024/7/17, 28, 40, , 3, 1
2024/7/18, 15, 39, , 3, 
2024/7/19, 14, 43, , 3, 
2024/7/20, 22, 38, , 3, 1
2024/7/21, 23, 41, , 3, 1
2024/7/22, 12, 41, , 3, 
2024/7/23, 5, 31, , 3, 1
2024/7/24, 6, 30, , 3, 1
2024/7/25, 13, 32, , 3, 1
2024/7/26, 10, 37, , 3, 1
2024/7/27, 10, 33, , 2, 1
2024/7/28, 13, 37, , 1, 1
2024/7/29, 16, 36, , 1, 1
2024/7/30, 18, 43, , 1, 2
2024/7/31, 14, 38, , 1, 1
2024/8/1, 13, 41, , 1, 1
2024/8/2, 18, 40, , 1, 1
2024/8/3, 13, 41, , 1, 1
2024/8/4, 5, 46, , 1, 1
2024/8/5, 15, 42, , 1, 1
2024/8/6, 22, 36, , 1, 1
2024/8/7, 11, 34, , 1, 1
2024/8/8, 27, 211, , 1, 1
2024/8/9, 32, 232, , 1, 2
2024/8/10, 28, , , 1, 2
2024/8/11, 49, , , 1, 2
2024/8/12, 46, , , 1, 3
2024/8/13, 20, , , 1, 2
2024/8/14, 22, , , 1, 1
2024/8/15, 40, , , 1, 2
2024/8/16, 21, 246, , 1, 1
2024/8/17, 20, , , 1, 2
2024/8/18, 19, , , 1, 2
2024/8/19, 24, , , , 2
2024/8/20, 31, , , , 3
2024/8/21, 28, , , , 2
2024/8/22, 29, , , , 2
2024/8/23, 22, , , , 2
2024/8/24, 14, , , , 2
2024/8/25, 24, , , , 2
2024/8/26, 31, , , , 2
2024/8/27, 27, , , , 2
2024/8/28, 29, , , , 2
2024/8/29, 15, , , , 2
2024/8/30, 11, , , 1, 2
2024/8/31, 15, , , , 2
2024/9/1, 12, , , , 2
2024/9/2, 19, , , , 2
2024/9/3, 15, , , , 2
2024/9/4, 21, , , 1, 2
2024/9/5, 21, , , , 2
2024/9/6, 24, , , , 3
2024/9/7, 18, , , 1, 2
2024/9/8, 15, , , , 2
2024/9/9, 12, , , , 2
2024/9/10, 20, , , , 3
2024/9/11, 9, , , , 3
2024/9/12, 8, 238, , , 2
2024/9/13, 13, 243, , , 2
2024/9/14, 24, , , , 3
2024/9/15, 23, , , , 2
2024/9/16, 23, , , , 3
2024/9/17, 34, , , , 3
2024/9/18, 30, , , , 3
2024/9/19, 26, , , , 3
2024/9/20, 22, , , , 3
2024/9/21, 23, , , , 3
2024/9/22, 22, , , 1, 3
2024/9/23, 21, , , 1, 2
2024/9/24, 22, , , 1, 3
2024/9/25, 17, , , 1, 3
2024/9/26, 9, , , 1, 3
2024/9/27, 5, , , 1, 2
2024/9/28, 10, , , 1, 3
2024/9/29, 8, , , 1, 2
2024/9/30, 21, , , 1, 3
2024/10/1, 21, , , 1, 3
2024/4/7, 93, 50, , 1, 2
2024/4/9, 93, 44, , 1, 2
2024/4/10, 93, 39, , 1, 2
2024/4/11, 93, 49, , 1, 3
2024/4/12, 93, 74, , 1, 2
2024/4/24, 112, 68, , 1, 1
2024/4/25, 116, 67, , 1, 1
2024/4/26, 139, 62, , 1, 1
2024/4/27, 141, 68, , 1, 
2024/4/28, 122, 51, , 1, 
2024/4/29, 89, 63, , 1, 1
2024/4/30, 103, 61, , 1, 1
2024/5/1, 103, 51, , 1, 
2024/5/2, 88, 52, , , 
2024/5/3, 84, 71, , 1, 
2024/5/4, 106, 74, , 1, 
2024/5/5, 102, 78, , 1, 
2024/5/6, 81, 75, , 1, 4
2024/5/7, 83, 65, , 1, 5
2024/5/8, 98, 73, , 1, 6
2024/5/9, 112, 78, , 1, 6
2024/5/10, 142, 56, , 1, 4
2024/5/11, 98, 52, , 1, 3
2024/5/12, 74, 65, , 1, 5
2024/5/13, 123, 66, , 1, 6
2024/5/14, 144, 65, , 1, 5
2024/5/15, 138, 58, , 1, 4
2024/5/16, 121, 50, , , 
2024/5/17, 89, 56, , 1, 3
2024/5/18, 73, 56, , 1, 2
2024/5/19, 61, 83, , , 3
2024/5/20, 72, 58, , , 3
2024/5/21, 65, 73, , , 2
2024/5/22, 69, 66, , , 2
2024/5/23, 64, 61, , 1, 3
2024/5/24, 68, 67, , , 3
2024/5/25, 72, 79, , , 2
2024/5/26, 55, 72, , , 3
2024/5/27, 74, 65, , , 
2024/5/28, 43, 69, , , 2
2024/5/29, 99, 65, , , 1
2024/5/30, 98, 71, , , 1
2024/5/31, 87, 88, , , 1
2024/6/1, 76, 65, , , 1
2024/6/2, 92, 63, , , 
2024/6/3, 75, 51, , 1, 
2024/6/4, 75, 62, , , 
2024/6/5, 72, 70, , 1, 1
2024/6/6, 77, 72, , 1, 1
2024/6/7, 93, 72, , 1, 1
2024/6/8, 97, 59, , , 
2024/6/9, 83, 57, , , 
2024/6/10, 81, 84, , , 
2024/6/11, 64, 74, , , 
2024/6/12, 49, 66, , , 
2024/6/13, 52, 53, , , 
2024/6/14, 34, 58, , , 
2024/6/15, 31, 72, , , 
2024/6/16, 33, 72, , , 
2024/6/17, 33, 66, , , 
2024/6/18, 33, 53, , , 
2024/6/19, 34, 60, , , 1
2024/6/20, 28, 276, , , 
2024/6/21, 26, 254, , , 
2024/6/22, 18, 45, , , 
2024/6/23, 13, 36, , , 
2024/6/24, 13, 22, , , 
2024/6/25, 12, 34, , , 
2024/6/26, 11, 36, , , 
2024/6/27, 14, 40, , , 
2024/6/28, 36, 31, , 1, 
2024/6/30, 13, 34, , 3, 
2024/7/1, 7, 18, , 3, 
2024/1/2, 109, 47, , 1, 
2024/1/3, 92, 38, , , 
2024/1/4, 76, 34, , , 
2024/1/5, 66, 32, , , 
2024/1/6, 59, 34, , 1, 
2024/1/7, 69, 32, , 1, 
2024/1/8, 67, 33, , 1, 
2024/1/9, 66, 34, , , 
2024/1/10, 57, 36, , 1, 
2024/1/11, 69, 38, , , 
2024/1/12, 55, 41, , 1, 
2024/1/13, 68, 40, , 1, 
2024/1/14, 64, 37, , 1, 
2024/1/15, 61, 40, , 1, 
2024/1/16, 69, 48, , , 
2024/1/17, 74, , , , 
2024/1/31, 141, 60, , 2, 
2024/2/1, 101, 41, , 1, 2
2024/2/2, 90, 40, , 1, 
2024/2/3, 75, 31, , , 
2024/2/4, 46, , , , 
2024/2/12, 44, , , , 
2024/2/13, 57, 23, , 1, 
2024/2/14, 61, 23, , 1, 1
2024/2/15, 81, 23, , 1, 
2024/2/16, 81, , , 1, 
2024/2/17, 80, , , , 
2024/2/18, 35, , , , 
2024/2/19, 56, , , 1, 
2024/2/20, 86, 55, , 1, 6
2024/2/21, 87, 79, , 3, 3
2024/2/22, 87, 80, , 3, 2
2024/2/23, 81, 85, , 3, 3
2024/2/24, 98, 87, , 3, 3
2024/2/25, 103, 86, , 3, 3
2024/2/26, 105, 53, , 3, 3
2024/2/27, 82, 54, , 3, 3
2024/2/28, 72, 66, , 3, 3
2024/2/29, 94, 67, , 3, 3
2024/3/1, 92, 49, , 3, 2
2024/3/2, 89, 49, , 2, 1
2024/3/3, 65, 44, , 2, 1
2024/3/4, 68, 42, , 2, 1
2024/3/5, 68, 43, , 3, 2
2024/3/6, 65, 48, , 4, 2
2024/3/7, 76, 46, , 3, 2
2024/3/8, 65, 44, , 2, 2
2024/3/9, 57, 50, , 2, 3
2024/3/10, 64, 50, , 2, 4
2024/3/11, 80, 46, , 1, 2
2024/3/12, 70, 45, , 1, 1
2024/3/13, 77, 57, , 1, 1
2024/3/14, 81, 51, , 1, 2
2024/3/15, 86, 43, , 1, 1
2024/3/16, 76, 42, , 1, 1
2024/3/17, 72, 36, , 1, 2
2024/3/18, 74, 41, , 1, 2
2024/3/19, 79, 43, , 1, 2
2024/3/20, 83, 42, , 1, 1
2024/3/21, 69, 41, , 1, 1
2024/3/22, 78, 39, , 1, 1
2024/3/23, 73, 43, , 1, 2
2024/3/24, 60, 38, , 1, 2
2024/3/25, 60, 45, , 1, 3
2024/3/26, 93, 57, , 1, 4
2023/10/10, 16, 15, , , 
2023/10/11, 17, 18, , , 
2023/10/12, 13, 21, , , 
2023/10/13, 19, 44, , , 
2023/10/14, 33, 41, , , 
2023/10/15, 46, 41, , , 
2023/10/16, 32, 43, , , 
2023/10/17, 10, 66, , , 
2023/10/18, 31, 82, , , 
2023/10/19, 40, 56, , , 
2023/10/20, 49, 59, , , 
2023/10/21, 56, 57, , , 
2023/10/22, 57, 41, , , 
2023/10/23, 42, 33, , , 
2023/10/24, 44, 35, , , 1
2023/10/25, 45, 17, , , 1
2023/10/26, 25, , , , 
2023/10/30, 56, 65, , , 
2023/10/31, 55, 17, , , 
2023/11/1, 26, , , , 
2023/11/14, 53, 64, , , 1
2023/11/15, 47, 64, , , 
2023/11/16, 50, 71, , , 
2023/11/17, 60, 79, , , 1
2023/11/18, 70, 88, , , 1
2023/11/19, 69, 68, , , 1
2023/11/20, 73, 48, , , 1
2023/11/21, 80, 48, , , 3
2023/11/22, 72, 34, , , 2
2023/11/23, 35, 21, , , 1
2023/11/24, 21, 25, , , 2
2023/11/25, 28, 39, , , 2
2023/11/26, 39, 27, , , 2
2023/11/27, 40, 64, , , 2
2023/11/28, 63, 78, , , 4
2023/11/29, 86, 50, , , 3
2023/11/30, 40, 29, , , 2
2023/12/1, 38, 32, , , 2
2023/12/2, 42, 32, , , 3
2023/12/3, 57, 31, , , 4
2023/12/4, 59, , , , 
2023/12/14, 72, 47, , , 
2023/12/15, 76, 64, , 1, 
2023/12/16, 99, 69, , 1, 
2023/12/17, 79, 70, , , 
2023/12/18, 79, 70, , 1, 
2023/12/19, 95, 66, , 1, 
2023/12/20, 90, 83, , 1, 
2023/12/21, 108, 86, , 1, 
2023/12/22, 126, 79, , 2, 
2023/12/23, 128, 64, , 2, 
2023/12/24, 121, 53, , 1, 
2023/12/25, 107, 39, , 1, 
2023/12/26, 97, 29, , , 
2023/12/27, 61, 30, , , 
2023/12/28, 67, 45, , , 
2023/12/29, 83, 41, , 1, 
2023/12/30, 83, 42, , , 
2023/12/31, 71, 43, , 1, 
2024/1/1, 70, 44, , , 
2023/7/6, 14, 51, , 1, 
2023/7/7, 44, 41, , 2, 
2023/7/8, 7, 38, , 1, 
2023/7/9, 9, 36, , 1, 
2023/7/10, 18, 46, , 1, 
2023/7/14, 22, 46, , 1, 
2023/7/15, 18, 39, , , 
2023/7/16, 37, 41, , , 
2023/7/17, 30, 56, , , 
2023/7/18, 23, 35, , , 
2023/7/19, 32, 56, , , 
2023/7/20, 28, 51, , , 
2023/8/2, 20, 53, , 10, 
2023/8/3, 16, 70, , 10, 
2023/8/4, 13, 45, , 10, 
2023/8/5, 13, 22, , 10, 
2023/8/6, 5, 33, , 10, 
2023/8/7, 9, 37, , 10, 
2023/8/8, 17, 43, , 10, 
2023/8/9, 18, 32, , 10, 
2023/8/26, 49, , , 2, 
2023/8/27, 48, , , 1, 
2023/8/28, 43, , , 1, 
2023/8/29, 53, , , 1, 
2023/8/30, 50, , , 1, 
2023/8/31, 47, , , 1, 
2023/5/4, 127, 66, , , 
2023/5/5, 113, 61, , , 
2023/5/6, 115, 69, , , 
2023/5/7, 113, 54, , , 
2023/5/8, 115, 83, , , 
2023/5/9, 104, 29, , , 
2023/5/10, 75, , , , 
2023/5/17, 69, 60, , , 
2023/5/18, 76, 70, , , 
2023/5/19, 87, 52, , , 
2023/5/20, 76, 74, , , 
2023/5/21, 87, 62, , , 
2023/5/22, 60, 67, , , 
2023/5/23, 68, 31, , , 
2023/5/24, 68, , , , 
2023/6/16, 50, 46, , , 
2023/6/17, 61, 44, , , 
2023/6/18, 54, 50, , 1, 
2023/6/19, 45, 55, , 1, 
2023/6/20, 37, , , , 
2023/1/3, 77, 33, , 1, 
2023/1/4, 68, 43, , 1, 
2023/1/5, 85, 49, , 2, 
2023/1/6, 94, 47, , 1, 
2023/1/7, 84, 43, , 1, 
2023/1/8, 97, 56, , 1, 
2023/1/9, 95, 48, , 1, 
2023/1/10, 100, 56, , 3, 
2023/1/11, 126, 47, , 1, 
2023/1/12, 107, 48, , 1, 
2023/1/13, 102, 54, , 1, 
2023/1/14, 81, 50, , 1, 
2023/1/15, 59, 26, , 1, 
2023/1/16, 88, 11, , 1, 
2023/1/17, 94, 1, , 1, 
2023/1/18, 101, , , 1, 
2023/1/19, 89, , , 1, 
2023/1/20, 101, , , 1, 
2023/1/21, 101, , , 1, 
2023/1/22, 83, , , , 
2023/1/23, 65, , , 1, 
2023/1/24, 74, , , 1, 
2023/1/25, 62, , , 1, 
2023/1/26, 71, , , 1, 
2023/1/27, 98, , , 1, 
2023/1/28, 64, , , 1, 
2023/1/29, 67, , , 2, 
2023/1/30, 94, , , 3, 
2023/1/31, 109, , , 1, 
2023/2/22, 38, 36, , , 
2023/2/23, 78, 46, , 1, 
2023/2/24, 94, 49, , 1, 
2023/2/25, 104, 44, , 1, 
2023/2/26, 99, 49, , 1, 
2023/2/27, 102, 47, , 2, 
2023/2/28, 103, 50, , 1, 
2023/3/1, 97, 46, , 2, 
2023/3/2, 93, 54, , 3, 
2023/3/3, 89, 47, , 2, 
2023/3/4, 78, 47, , 1, 
2023/3/5, 70, 50, , 1, 
2023/3/6, 85, 49, , 1, 
2023/3/7, 84, 48, , 1, 
2023/3/8, 75, 52, , 1, 
2023/3/9, 73, 50, , 1, 
2023/3/10, 71, 46, , 1, 
2023/3/11, 86, 52, , 1, 
2023/3/12, 64, 54, , 1, 
2023/3/13, 79, 67, , 1, 
2023/3/14, 69, 40, , 1, 
2023/3/15, 58, 57, , 1, 
2023/3/16, 78, 47, , 1, 
2023/3/17, 63, 48, , 1, 
2023/3/18, 61, 26, , , 
2023/3/19, 56, , , , 
2022/10/20, 21, 35, , , 11
2022/10/21, 25, 41, , , 5
2022/10/22, 27, 7, , , 5
2022/10/23, 38, , , , 
2022/11/2, 54, 50, , , 7
2022/11/3, 62, 60, , , 9
2022/11/4, 71, 11, , , 9
2022/11/5, 58, , , , 
2022/11/8, 66, 57, , , 10
2022/11/9, 62, 60, , , 9
2022/11/10, 54, 48, , , 10
2022/11/11, 58, 46, , , 10
2022/11/12, 70, 50, , , 10
2022/11/13, 75, 43, , , 10
2022/11/14, 71, 10, , , 11
2022/11/15, 59, , , , 
2022/11/26, 66, 39, , 1, 
2022/11/27, 71, 32, , , 
2022/11/28, 56, 39, , 1, 
2022/11/29, 67, 42, , 1, 
2022/11/30, 80, 45, , 1, 
2022/12/1, 72, 35, , 1, 
2022/12/2, 64, 41, , 1, 
2022/12/3, 56, 41, , 1, 
2022/12/4, 42, 26, , 2, 
2022/12/5, 47, 40, , 2, 
2022/12/6, 64, 57, , 2, 
2022/12/7, 93, 48, , 3, 
2022/12/8, 104, 44, , 3, 
2022/12/9, 98, 44, , 2, 
2022/12/10, 94, 42, , 1, 
2022/12/11, 90, 43, , 1, 
2022/12/12, 79, 46, , 1, 
2022/12/13, 94, 46, , 1, 
2022/12/14, 99, 18, , 1, 
2022/12/15, 70, 38, , 1, 
2022/12/16, 86, 41, , , 
2022/12/17, 85, 43, , , 
2022/12/18, 89, 42, , , 
2022/12/19, 87, 39, , 1, 
2022/12/20, 97, 51, , 1, 
2022/12/21, 100, 40, , 1, 
2022/12/22, 61, 41, , 1, 
2022/12/23, 81, 58, , 1, 
2022/12/24, 89, 45, , , 
2022/12/25, 59, 32, , , 
2022/12/26, 49, 40, , , 
2022/12/27, 60, 48, , 1, 
2022/12/28, 87, 46, , 1, 
2022/12/29, 98, 32, , , 
2022/12/30, 88, , , , 
2023/1/2, 59, 30, , 1, 
2022/7/8, 29, 31, 9, , 6
2022/7/9, 30, 46, , , 3
2022/7/10, 24, 46, , , 5
2022/7/11, 22, 50, , , 5
2022/7/12, 32, 44, , , 5
2022/7/13, 47, 58, , , 5
2022/7/14, 32, 50, , , 5
2022/7/15, 26, 45, , 11, 3
2022/7/16, 16, 45, , , 3
2022/7/17, 13, 19, , , 4
2022/7/18, 50, 32, , , 5
2022/7/19, 36, 40, , , 5
2022/7/20, 49, 50, , , 6
2022/7/21, 31, 43, , , 5
2022/7/22, 39, 40, , , 5
2022/7/23, 32, 40, , , 6
2022/7/24, 27, 41, , , 6
2022/7/25, 12, 48, , , 5
2022/7/26, 34, 37, , , 6
2022/7/27, 30, 39, , , 6
2022/7/28, 30, 35, , , 7
2022/7/29, 20, 42, , , 6
2022/7/30, 23, 47, , , 7
2022/7/31, 32, 48, , , 7
2022/8/1, 32, 52, , , 7
2022/8/2, 19, 41, , , 7
2022/8/3, 22, 46, , , 8
2022/8/4, 39, 40, , , 8
2022/8/5, 34, 38, , , 8
2022/8/6, 40, 31, , , 8
2022/8/9, 29, 49, , , 9
2022/8/10, 15, 37, , , 10
2022/8/11, 34, 33, , , 10
2022/8/12, 38, 47, , , 10
2022/4/2, 62, 61, 6, , 12
2022/4/3, 58, 58, 6, , 14
2022/4/4, 69, 52, 6, 1, 15
2022/4/5, 65, 51, 5, 1, 14
2022/4/6, 57, 57, 5, , 15
2022/4/7, 58, 75, 6, 1, 16
2022/4/8, 81, 51, 3, , 15
2022/4/9, 67, 69, 5, , 16
2022/4/10, 57, 50, 4, , 17
2022/4/11, 66, 49, 3, 1, 18
2022/4/12, 65, 47, 4, 1, 18
2022/4/13, 57, 52, 5, , 18
2022/4/14, 51, 53, 5, , 20
2022/4/15, 54, 51, 2, , 20
2022/4/16, 52, 59, 4, , 20
2022/4/17, 53, 58, 4, , 21
2022/4/18, 48, 47, 3, , 21
2022/4/19, 50, 56, 3, 1, 21
2022/4/20, 70, 71, 5, 1, 23
2022/4/21, 51, 69, 5, 1, 23
2022/4/22, 59, 69, 4, , 22
2022/4/23, 56, 62, 6, 1, 25
2022/4/24, 53, 56, 4, , 24
2022/4/25, 87, 55, 3, , 24
2022/4/26, 26, 48, 6, , 24
2022/4/27, 30, 64, 8, 1, 25
2022/4/28, 25, 60, 5, 1, 25
2022/4/29, 29, 69, 6, , 26
2022/4/30, 50, 60, 4, , 26
2022/5/1, 386, 56, 3, , 26
2022/5/16, 82, 71, 3, , 1
2022/5/17, 71, 68, 2, , 1
2022/5/18, 91, 73, 2, , 2
2022/5/19, 96, 76, 2, , 4
2022/5/20, 112, 78, 4, , 4
2022/5/21, 88, 86, 4, 1, 7
2022/5/22, 133, 65, 2, , 5
2022/5/23, 115, 90, 5, , 6
2022/5/24, 55, 65, 4, , 6
2022/5/25, 69, 80, 2, , 6
2022/5/26, 45, 90, 3, , 6
2022/5/28, 59, 49, 1, , 5
2022/6/4, 20, 59, 2, , 1
2022/6/5, 29, 47, 3, , 1
2022/6/6, 35, 51, 3, , 3
2022/6/7, 30, 55, 5, , 5
2022/6/8, 28, 57, 2, , 5
2022/6/9, 29, 39, 3, , 5
2022/6/10, 218, 37, 4, , 4
2022/6/17, 143, 41, 5, , 5
2022/6/18, 424, 21, 10, , 5
2022/3/31, 53, 57, 6, 1, 12
2022/4/1, 81, 48, 5, , 12
2021/10/2, 15, 30, 2, , 12
2021/10/3, 24, 36, 2, , 13
2021/10/4, 40, 41, 3, , 14
2021/10/5, 48, 44, 2, , 15
2021/10/6, 38, 47, 3, , 16
2021/10/7, 37, 53, 4, , 17
2021/10/8, 45, 54, 4, , 10
2021/10/9, 52, 58, 3, , 7
2021/10/10, 48, 31, 2, , 6
2021/10/11, 24, 34, 3, , 7
2021/10/12, 27, 42, 3, , 7
2021/10/13, 41, 35, 3, , 8
2021/10/14, 33, 39, 3, , 8
2021/10/15, 42, 45, 4, , 9
2021/10/16, 56, 41, 4, , 9
2021/10/17, 62, 42, 3, , 9
2021/10/18, 44, 55, 5, , 10
2021/10/19, 45, 43, 4, , 11
2021/10/20, 44, 42, 4, , 11
2021/10/21, 49, 49, 3, , 10
2021/10/22, 41, 49, 4, , 11
2021/10/23, 41, 30, 2, , 11
2021/10/24, 29, 25, 2, , 12
2021/10/25, 13, 25, 4, , 14
2021/10/26, 31, 32, 3, , 14
2021/10/27, 37, 28, 3, , 14
2021/10/28, 24, 31, 5, 1, 14
2021/10/29, 41, 42, 3, 1, 14
2021/10/30, 29, 50, 2, , 15
2021/10/31, 45, 44, 2, , 16
2021/11/1, 56, 45, 3, , 15
2021/11/2, 36, 59, 2, 1, 16
2021/11/3, 56, 55, 3, , 16
2021/11/4, 60, 52, 4, , 17
2021/11/5, 67, 63, 4, , 17
2021/11/6, 68, 65, 4, 1, 17
2021/11/7, 57, 49, 3, 1, 17
2021/11/8, 45, 54, 3, 1, 17
2021/11/9, 44, 68, 4, 1, 18
2021/11/10, 56, 41, 3, , 17
2021/11/11, 42, 51, 4, 1, 19
2021/11/12, 70, 63, 6, 1, 19
2021/11/13, 73, 59, 4, 1, 19
2021/11/14, 70, 57, 4, , 19
2021/11/15, 50, 62, 5, 1, 20
2021/11/16, 69, 64, 5, 1, 21
2021/11/17, 77, 52, 5, 1, 21
2021/11/18, 61, 47, 5, , 21
2021/11/19, 60, 69, 5, 1, 21
2021/11/20, 71, 65, 6, 1, 22
2021/11/21, 62, 49, 5, 2, 22
2021/11/22, 58, 59, 4, 1, 22
2021/11/23, 66, 50, 6, 1, 23
2021/11/24, 67, 38, 5, , 22
2021/11/25, 51, 49, 6, 1, 24
2021/11/26, 63, 73, 6, 2, 23
2021/11/27, 86, 47, 5, 1, 23
2021/11/28, 61, 52, 6, 1, 25
2021/11/29, 81, 68, 8, 2, 26
2021/7/2, 16, 19, 4, 1, 
2021/7/3, 4, 28, 3, , 
2021/7/4, 17, 34, 4, , 
2021/7/5, 12, 28, 4, , 
2021/7/6, 28, 34, 5, , 
2021/7/7, 31, 32, 4, , 
2021/7/8, 41, 36, 3, , 
2021/7/9, 20, 32, 4, , 
2021/7/10, 13, 32, 3, , 
2021/7/11, 25, 38, 4, , 
2021/7/12, 56, 44, 5, , 
2021/7/13, 74, 40, 6, , 
2021/7/14, 64, 55, 5, , 
2021/7/15, 54, 36, 3, , 
2021/7/16, 34, 30, 4, , 
2021/7/17, 824, 40, 5, , 
2021/7/18, 832, 46, 4, , 
2021/7/19, 832, 43, 4, 3, 
2021/7/20, 502, 41, 5, 2, 
2021/7/21, 18, 39, 6, 2, 
2021/7/22, 22, 42, 5, 2, 
2021/7/23, 26, 35, 4, 2, 
2021/7/24, 52, 45, 5, 2, 
2021/7/25, 72, 47, 5, 2, 
2021/7/26, 793, 51, 4, 3, 
2021/7/27, 832, 55, 4, 2, 
2021/7/28, 832, 49, 4, 2, 
2021/7/29, 832, 52, 6, 2, 
2021/7/30, 832, 34, 4, 2, 
2021/7/31, 832, 44, 4, 2, 
2021/8/1, 832, 49, 3, 2, 
2021/8/4, 832, 40, 4, 2, 
2021/8/5, 832, 35, 5, 2, 
2021/8/6, 832, 33, 4, 1, 
2021/8/7, 832, 38, 4, 2, 
2021/8/8, 832, 29, 1, 2, 
2021/8/9, 832, 46, 2, 1, 
2021/8/10, 405, 42, 3, , 
2021/8/11, 34, 37, 3, , 
2021/8/12, 21, 40, 3, , 
2021/8/13, 26, 42, 6, 8, 
2021/8/14, 36, 33, 7, , 
2021/8/15, 21, 48, 33, 1, 
2021/8/16, 31, 41, 13, 7, 
2021/8/17, 79, 34, 2, 10, 
2021/8/18, 20, 40, 3, 10, 
2021/8/19, 25, 29, 2, 10, 
2021/8/20, 25, 29, 2, 10, 
2021/8/21, 30, 17, 2, 10, 
2021/8/22, 23, 27, 2, 10, 
2021/8/23, 22, 44, 2, 10, 
2021/8/24, 26, 36, 2, 10, 
2021/8/25, 29, 41, 3, 10, 
2021/8/26, 32, 27, 1, 10, 
2021/8/27, 76, 26, 3, 10, 
2021/8/28, 62, 24, 2, 10, 
2021/8/29, 40, 15, 2, 10, 
2021/8/30, 14, 18, 1, 9, 
2021/8/31, 9, 16, 1, , 
2021/9/1, 3, 17, 1, 2, 
2021/9/2, 68, 35, 1, 8, 2
2021/9/3, 46, 31, 2, , 1
2021/9/4, 8, 30, 2, , 2
2021/9/5, 17, 26, 1, , 2
2021/9/6, 15, 23, 2, , 3
2021/9/7, 11, 30, 3, , 3
2021/9/8, 15, 33, 3, , 2
2021/9/9, 23, 47, 2, , 2
2021/9/10, 31, 42, 3, , 3
2021/9/11, 35, 40, 2, , 3
2021/9/12, 27, 39, 2, , 3
2021/9/13, 22, 22, 3, , 4
2021/9/14, 14, 16, 2, , 5
2021/9/15, 87, 19, 2, , 5
2021/9/16, 18, 24, 2, , 5
2021/9/17, 20, 23, 3, , 6
2021/9/18, 17, 25, 4, , 6
2021/9/19, 19, 27, 2, , 7
2021/9/20, 10, 31, 3, , 8
2021/9/21, 24, 33, 3, , 9
2021/9/22, 34, 44, 3, , 9
2021/9/23, 46, 51, 3, , 8
2021/9/24, 32, 43, 3, , 9
2021/9/25, 36, 44, 3, , 10
2021/9/26, 41, 48, 2, , 10
2021/9/27, 42, 28, 2, , 10
2021/9/28, 17, 25, 3, , 11
2021/9/29, 22, 32, 2, , 11
2021/9/30, 28, 28, 2, , 11
2021/10/1, 20, 31, 3, , 12
2021/4/2, 56, 38, 3, , 
2021/4/3, 27, 53, 6, 1, 
2021/4/4, 25, 51, 6, 1, 
2021/4/5, 36, , , , 
2021/4/14, 93, 53, 7, 1, 
2021/4/15, 95, 58, 8, 1, 
2021/4/16, 98, 58, 8, 1, 
2021/4/17, 83, 48, 9, 2, 1
2021/4/18, 92, 47, 7, 1, 
2021/4/19, 81, 51, 8, 1, 
2021/4/20, 82, 51, 8, 1, 
2021/4/21, 113, 63, 9, 1, 1
2021/4/22, 127, 50, 8, 1, 
2021/4/23, 128, 58, 8, 1, 
2021/4/24, 110, 68, 10, 1, 
2021/4/25, 123, 52, 7, 1, 
2021/4/26, 90, 50, 7, 1, 1
2021/4/27, 80, 63, 5, 1, 
2021/4/28, 79, 52, 6, 1, 
2021/4/29, 84, 55, 5, 1, 
2021/4/30, 91, 48, 6, 1, 
2021/5/1, 98, 50, 3, 1, 
2021/5/2, 102, 41, 5, 1, 
2021/5/3, 78, 40, 6, 1, 
2021/5/4, 82, 45, 6, 1, 
2021/5/5, 155, 42, 5, 1, 1
2021/5/6, 832, 76, 8, 1, 1
2021/5/7, 832, 53, 10, 1, 1
2021/5/8, 832, , , , 
2021/5/14, 832, 52, 7, 1, 
2021/5/15, 832, 48, 6, 1, 
2021/5/16, 832, 46, 5, , 
2021/5/17, 832, 51, 8, , 1
2021/5/18, 832, 56, 5, , 2
2021/5/19, 548, 50, 7, , 
2021/5/20, 46, 52, 8, , 
2021/5/21, 55, 63, 8, 1, 
2021/5/22, 46, 71, 6, 1, 
2021/5/23, 33, 65, 6, 1, 
2021/5/24, 58, 55, 5, 1, 
2021/5/25, 30, 50, 7, 1, 
2021/5/26, 25, 52, 4, 1, 
2021/5/27, 55, 48, 7, , 
2021/5/28, 38, 57, 5, 1, 
2021/5/29, 67, 50, 7, , 
2021/5/30, 69, 51, 5, 1, 
2021/5/31, 49, 46, 6, 1, 
2021/6/1, 31, 46, 6, 1, 
2021/6/2, 54, 43, 6, , 
2021/6/3, 47, 39, 4, , 
2021/6/4, 27, 33, 5, , 
2021/6/5, 14, 40, 6, , 
2021/6/6, 21, 51, 4, , 
2021/6/7, 22, 49, 7, 1, 
2021/6/8, 26, 46, 5, 1, 
2021/6/9, 29, 42, 6, , 
2021/6/10, 16, , , , 
2021/6/18, 2, 23, 5, , 
2021/6/19, 2, 16, 5, , 
2021/6/20, 2, 20, 4, 1, 
2021/6/21, 2, 26, 4, , 
2021/6/22, 2, 31, 4, , 
2021/6/23, 2, 37, 4, , 
2021/6/24, 2, 36, 3, , 
2021/6/25, 2, 27, 4, , 
2021/6/26, 2, 21, 4, , 
2021/6/27, 3, 21, 4, , 
2021/6/28, 5, 17, 3, , 
2021/6/29, 2, 17, 2, , 
2021/6/30, 5, 30, 3, , 
2021/7/1, 7, 33, 5, 1, 
2021/1/12, 55, 35, 5, , 11
2021/1/13, 60, 38, 6, , 12
2021/1/14, 74, 38, 7, , 12
2021/1/15, 74, 40, 6, 1, 13
2021/1/16, 84, 39, 4, 1, 13
2021/1/17, 78, 33, 3, , 12
2021/1/18, 48, 37, 4, , 12
2021/1/19, 55, 49, 6, , 14
2021/1/20, 81, 37, 4, , 13
2021/1/21, 58, 42, 4, 1, 13
2021/1/22, 43, 58, 8, 1, 15
2021/1/23, 87, 49, 8, 1, 15
2021/1/24, 87, 45, 6, 1, 15
2021/1/25, 88, 38, 3, , 15
2021/1/26, 66, 47, 4, , 15
2021/1/27, 69, 65, 5, 1, 16
2021/1/28, 83, 39, 1, , 14
2021/1/29, 28, 46, 5, 1, 15
2021/1/30, 43, 74, 5, 1, 17
2021/1/31, 72, , , , 
2021/2/11, 60, 19, 6, 2, 24
2021/2/12, 166, 12, 9, 2, 17
2021/2/13, 70, 24, 9, 1, 18
2021/2/14, 69, 32, 7, , 19
2021/2/15, 69, 37, 10, 1, 17
2021/2/16, 65, 39, 10, , 
2021/2/17, 72, , , , 
2021/3/1, 832, 58, 11, 11, 1
2021/3/2, 636, 50, 12, 1, 1
2021/3/3, 86, 44, 12, 2, 
2021/3/4, 69, 44, 12, 1, 1
2021/3/5, 69, 46, 12, 1, 
2021/3/6, 77, 52, 11, 2, 
2021/3/7, 82, 46, 8, 2, 
2021/3/8, 90, 60, 14, 1, 2
2021/3/9, 64, 61, 13, 2, 
2021/3/10, 39, 60, 16, 2, 
2021/3/11, 68, 45, 14, 2, 1
2021/3/12, 67, 50, 15, 1, 2
2021/3/13, 69, 51, 11, , 1
2021/3/14, 66, 48, 10, 1, 1
2021/3/15, 71, 45, 9, 1, 
2021/3/16, 58, 66, 8, , 
2021/3/17, 47, 40, 6, , 
2021/3/18, 47, 58, 6, , 1
2021/3/19, 58, 57, 7, 1, 
2021/3/20, 66, 55, 6, 2, 2
2021/3/21, 64, 59, 7, 2, 
2021/3/22, 60, 44, 11, 1, 
2021/3/23, 87, 40, 9, 1, 
2021/3/24, 52, 25, 11, 1, 
2021/3/25, 75, , , , 
2021/3/31, 48, 51, 7, 1, 
2021/4/1, 72, 41, 4, , 
2020/10/2, 59, 55, 3, 3, 
2020/10/3, 55, 58, 2, 2, 
2020/10/4, 55, 44, 2, 2, 
2020/10/5, 47, 68, 2, 2, 
2020/10/6, 63, 65, 3, 2, 
2020/10/7, 74, 73, 4, 2, 
2020/10/8, 80, 64, 3, 2, 
2020/10/9, 76, 50, 2, 2, 
2020/10/10, 73, 44, 1, 2, 
2020/10/11, 59, 31, 2, 2, 
2020/10/12, 48, 29, 1, 2, 
2020/10/13, 19, 33, 2, 2, 
2020/10/14, 38, 51, 2, 2, 
2020/10/15, 46, 42, 2, 2, 
2020/10/16, 52, 47, 2, 14, 
2020/10/17, 47, 46, , 3, 
2020/10/18, 24, 52, 1, 3, 
2020/10/19, 50, 40, 1, 3, 
2020/10/20, 47, 43, 1, 3, 7
2020/10/21, 44, 51, 1, 3, 7
2020/10/22, 55, 45, 1, 3, 8
2020/10/23, 52, 48, 1, 3, 8
2020/10/24, 59, 60, 1, 3, 8
2020/10/25, 58, 53, 1, 3, 9
2020/10/26, 58, 46, 2, 3, 9
2020/10/27, 58, 44, 2, 3, 10
2020/10/28, 64, 39, 1, 3, 11
2020/10/29, 64, 39, , 3, 11
2020/10/30, 72, 48, 1, 3, 11
2020/10/31, 46, 40, 1, 3, 10
2020/11/1, 35, 43, , 3, 11
2020/11/2, 45, 42, , 3, 10
2020/11/3, 33, 54, 1, 3, 11
2020/11/4, 41, 47, 3, 4, 12
2020/11/5, 43, 49, 3, 3, 9
2020/11/6, 96, 52, 2, , 3
2020/11/7, 64, 6, 2, , 4
2020/11/8, 69, , , , 
2020/11/24, 63, 60, 5, 1, 9
2020/11/25, 73, 70, 7, 1, 7
2020/11/26, 95, 53, 6, 1, 7
2020/11/27, 82, 59, 9, 1, 8
2020/11/28, 86, 55, 8, 1, 8
2020/11/29, 87, 45, 5, 1, 8
2020/11/30, 81, 49, 6, 2, 8
2020/12/1, 87, 34, 5, 1, 7
2020/12/2, 35, 39, 7, 1, 9
2020/12/3, 74, 36, 6, 1, 9
2020/12/4, 77, 37, 7, 1, 9
2020/12/5, 78, 32, 7, 1, 10
2020/12/6, 72, 29, 5, 1, 10
2020/12/7, 64, 45, 7, 2, 11
2020/12/8, 79, 45, 7, 2, 11
2020/12/9, 79, 67, 9, 2, 13
2020/12/10, 103, 49, 7, 2, 14
2020/12/11, 108, 40, 6, 2, 13
2020/12/12, 85, 42, 6, 1, 13
2020/12/13, 80, 35, 6, 1, 13
2020/12/14, 71, 45, 7, 3, 13
2020/12/15, 79, 38, 6, 1, 14
2020/12/16, 80, 37, 7, 2, 14
2020/12/17, 87, 43, 8, 1, 15
2020/12/18, 93, 39, 8, 1, 15
2020/12/19, 77, 53, 10, 2, 16
2020/12/20, 83, 52, 9, 2, 17
2020/12/21, 92, 38, 8, 2, 16
2020/12/22, 73, 45, 10, 2, 17
2020/12/23, 78, 70, 11, 8, 14
2020/12/24, 160, 52, 8, 1, 7
2020/12/25, 102, 42, 4, 1, 6
2020/12/26, 86, 48, 5, 1, 6
2020/12/27, 87, 44, 5, , 6
2020/12/28, 78, 66, 5, 1, 7
2020/12/29, 86, , , , 
2020/8/24, 25, , , , 
2020/8/26, 832, 37, 3, 3, 
2020/8/27, 461, 20, 2, 3, 
2020/8/28, 7, 23, 2, 3, 
2020/8/29, 7, 28, 2, 3, 
2020/8/30, 11, 20, 2, 3, 
2020/8/31, 6, 22, 3, 3, 
2020/9/1, 11, 24, 2, 3, 
2020/9/2, 20, 32, 3, 3, 
2020/9/3, 34, 39, 3, 3, 
2020/9/4, 50, 39, 4, 3, 
2020/9/5, 42, 32, 6, 3, 
2020/9/6, 29, 33, 4, 3, 
2020/9/7, 39, 40, 3, 3, 
2020/9/8, 20, 31, 3, 3, 
2020/9/9, 19, 26, 3, 3, 
2020/9/10, 14, 29, 2, 3, 
2020/9/11, 10, 38, 4, 3, 
2020/9/12, 22, 37, 2, 3, 
2020/9/13, 13, 31, 1, 3, 
2020/9/14, 20, 42, 3, 3, 
2020/9/15, 29, 28, 2, 3, 
2020/9/16, 50, , , , 
2020/9/22, 15, 40, 2, 2, 
2020/9/23, 20, 35, 1, 2, 
2020/9/24, 38, 32, 1, 2, 
2020/9/25, 44, 33, 1, 2, 
2020/9/26, 21, 37, 3, 2, 
2020/9/27, 32, 29, , 2, 
2020/9/28, 41, 33, 1, 2, 
2020/9/29, 17, 24, 2, 2, 
2020/9/30, 15, 66, 3, 2, 
2020/10/1, 48, 52, 2, 2, 
2025/8/5, , 36, , , 5
2025/8/6, , 42, , , 4
2025/7/2, , 28, , , 3
2025/7/3, , 28, , 2, 3
2025/7/10, , 27, , 3, 4
2025/7/30, , 59, , 3, 5
2025/7/31, , 42, , , 5
2025/4/3, , 25, , 1, 3
2025/6/8, , 26, , 1, 2
2025/6/14, , 17, , , 2
2025/6/15, , 28, , , 3
2025/6/16, , 26, , , 2
2025/6/17, , 36, , , 2
2025/6/23, , 18, , , 3
2025/6/24, , 30, , , 4
2025/7/1, , 21, , , 3
2025/3/7, , 41, , , 
2024/7/2, , 25, , 3, 
2024/7/3, , 30, , 3, 
2024/7/5, , 42, , 3, 
2024/7/12, , 31, , 3, 
2024/7/13, , 38, , 3, 
2024/4/6, , 29, , 1, 1
2024/4/8, , 45, , 1, 3
2024/4/13, , 73, , 1, 2
2024/4/14, , 73, , 1, 2
2024/4/15, , 62, , 1, 4
2024/4/16, , 61, , 1, 4
2024/4/17, , 66, , 1, 4
2024/4/18, , 53, , 1, 4
2024/4/19, , 56, , 1, 5
2024/4/20, , 67, , 1, 4
2024/4/21, , 68, , 2, 4
2024/4/22, , 58, , 1, 3
2024/4/23, , 69, , 2, 2
2024/6/29, , 36, , 3, 
2024/1/30, , 21, , 2, 
2024/3/27, , 42, , 1, 5
2023/10/9, , 2, , 1, 
2023/10/29, , 18, , , 
2023/11/13, , 26, , , 1
2023/12/12, , 69, , , 5
2023/12/13, , 15, , 1, 3
2023/7/5, , 40, , 4, 
2023/5/3, , 63, , , 
2023/5/16, , 47, , , 
2023/6/14, , 60, , , 
2023/6/15, , 53, , 1, 
2023/2/1, , , , 1, 
2023/2/2, , , , 1, 
2023/2/3, , , , , 
2023/2/5, , , , 2, 
2023/2/6, , , , 1, 
2023/2/7, , , , 1, 
2023/2/20, , , , 1, 
2023/2/21, , 32, , 1, 
2022/10/19, , 33, , , 12
2022/11/1, , 42, , , 7
2022/11/7, , 63, , , 9
2022/11/16, , 55, , 1, 12
2022/11/17, , 53, , , 12
2022/11/18, , 56, , , 12
2022/11/19, , 61, , , 13
2022/11/20, , 78, , 1, 13
2022/11/21, , 49, , , 11
2022/11/22, , 53, , , 13
2022/11/23, , 47, , , 13
2022/11/24, , 43, , , 13
2022/11/25, , 37, , , 13
2023/1/1, , 25, , 1, 
2022/7/4, , 38, 8, 1, 10
2022/7/5, , 40, 5, , 10
2022/5/2, , 64, 4, , 26
2022/5/3, , 71, 5, 1, 27
2022/5/4, , 66, 5, 1, 28
2022/5/5, , 84, , , 28
2022/5/6, , 96, , , 27
2022/5/15, , 60, 2, , 1
2022/5/27, , 70, 3, , 6
2022/5/29, , 43, 2, , 6
2022/5/30, , 43, 3, , 7
2022/5/31, , 48, 2, , 7
2022/6/1, , 58, 4, , 7
2022/6/2, , 57, 3, , 7
2022/6/3, , 53, 5, 2, 12
2022/6/11, , 22, , , 4
2022/6/13, , 40, 1, , 5
2022/6/14, , 36, 1, , 5
2022/6/15, , 37, 1, , 6
2022/6/16, , 28, 2, , 5
2022/6/19, , 55, 3, , 6
2022/6/20, , 53, 4, , 6
2022/6/21, , 44, 6, , 7
2022/6/22, , 28, 4, , 7
2022/6/23, , 14, 5, , 6
2022/6/25, , 34, 3, , 8
2022/6/26, , 44, 3, , 8
2022/6/27, , 52, 5, , 9
2022/6/28, , 45, 4, , 8
2022/6/29, , 38, 4, , 9
2022/7/3, , 38, 8, 1, 10
2022/3/30, , 18, 13, , 12
2021/11/30, , 57, 9, 2, 26
2021/12/1, , 63, 7, 1, 26
2021/12/2, , 46, 7, 2, 27
2021/8/2, , 35, 3, 2, 
2021/8/3, , 31, 4, 2, 
2021/4/13, , 51, 8, 1, 1
2021/5/12, , 53, 6, , 
2021/5/13, , 53, 5, , 
2021/6/17, , 45, 5, 1, 
2021/1/11, , 28, 1, , 10
2021/2/10, , 34, 6, 2, 20
2021/2/28, , 45, 12, 2, 3
2021/3/30, , 45, 9, 1, 1
2020/11/23, , 49, 6, , 11
2020/8/23, , 36, 3, 5, 
2020/8/25, , 31, 2, 3, 
2020/9/21, , 27, 4, 3, 
2025/4/2, , , , 2, 2
2025/3/29, , , , 1, 1
2025/3/30, , , , 2, 2
2025/3/31, , , , 2, 3
2025/4/1, , , , 2, 3
2023/10/2, , , , 1, 
2023/10/3, , , , 1, 
2023/10/4, , , , 1, 
2023/10/5, , , , 1, 
2023/10/6, , , , 1, 
2023/10/7, , , , 1, 
2023/10/8, , , , 1, 
2023/8/25, , , , 1, 
2023/9/7, , , , 1, 1
2023/9/8, , , , 1, 1
2023/9/9, , , , 1, 1
2023/9/10, , , , 1, 1
2023/9/11, , , , 1, 2
2023/9/12, , , , 1, 2
2023/9/13, , , , 1, 2
2023/9/14, , , , 1, 1
2023/9/15, , , , 1, 
2023/9/16, , , , 2, 
2023/9/19, , , , 1, 
2023/9/20, , , , 1, 
2023/9/21, , , , 1, 
2023/9/22, , , , 1, 
2023/9/23, , , , 1, 
2023/9/24, , , , 1, 
2023/9/25, , , , 1, 
2023/9/26, , , , 1, 
2023/9/27, , , , 1, 
2023/9/28, , , , 1, 
2023/9/29, , , , 1, 
2023/9/30, , , , 1, 
2023/10/1, , , , 1, 
2023/2/8, , , , 1, 
2023/2/9, , , , 1, 
2023/2/10, , , , 2, 
2023/2/11, , , , 1, 
2023/2/12, , , , 1, 
2023/2/13, , , , 2, 
2023/2/14, , , , 2, 
2023/2/15, , , , 1, 