date, pm10, o3, no2, so2, co
2025/8/2, 22, 32, 9, 22, 13
2025/8/3, 28, 38, 7, 24, 13
2025/8/4, 27, 48, 9, 25, 13
2025/8/5, 26, 37, 7, 27, 12
2025/8/6, 28, 26, 7, 22, 12
2025/8/7, 34, 32, 6, 21, 12
2025/8/8, 26, 41, 8, 25, 13
2025/8/9, 25, 50, 9, 27, 13
2025/8/10, 32, 60, 10, 25, 13
2025/8/11, 38, 34, 8, 32, 12
2025/8/12, 21, 58, 4, 25, 12
2025/8/13, 30, 48, 5, 24, 12
2025/8/14, 34, 43, 6, 23, 12
2025/8/15, 32, 46, 15, 28, 13
2025/8/16, 36, , , , 
2025/8/18, 35, 36, 7, 24, 12
2025/8/19, 34, 38, 5, 26, 11
2025/8/20, 27, 43, 7, 25, 12
2025/8/21, 27, 43, 6, 24, 12
2025/8/22, 29, 48, 7, 22, 13
2025/8/23, 35, 39, 6, 22, 12
2025/8/24, 23, 39, 6, 22, 12
2025/8/25, 19, 43, 8, 22, 13
2025/8/26, 29, 37, 7, 22, 11
2025/8/27, 27, 38, 7, 23, 11
2025/8/28, 31, 45, 8, 22, 12
2025/8/29, 22, 16, 8, 22, 12
2025/8/30, 21, , , , 
2025/7/11, 48, 29, , 21, 17
2025/7/12, 29, 33, , 22, 18
2025/7/13, 26, 38, , 27, 19
2025/7/14, 34, 34, , 24, 20
2025/7/15, 25, 37, 7, 23, 18
2025/7/16, 26, 41, 9, 25, 18
2025/7/17, 33, 45, 10, 29, 19
2025/7/18, 34, 32, 11, 26, 19
2025/7/19, 28, 14, , 21, 17
2025/7/23, 39, 31, 8, 24, 15
2025/7/24, 31, 45, 7, 26, 14
2025/7/25, 23, 45, 9, 26, 13
2025/7/26, 26, 44, 8, 29, 13
2025/7/27, 31, 37, 5, 27, 13
2025/7/28, 25, 32, 5, 24, 13
2025/7/29, 29, 32, 6, 21, 12
2025/7/30, 31, 32, 6, 21, 12
2025/7/31, 29, 39, 8, 28, 13
2025/8/1, 28, 45, 9, 22, 13
2025/4/2, 41, 36, 7, 8, 16
2025/4/3, 38, 32, 4, 7, 15
2025/4/4, 23, 15, 6, 8, 15
2025/4/5, 19, 23, 3, 7, 14
2025/4/6, 27, 29, 3, 8, 15
2025/4/7, 28, 33, 4, 8, 15
2025/4/8, 24, 29, 4, 7, 15
2025/4/9, 26, 41, 4, 10, 16
2025/4/10, 29, 34, 3, 12, 15
2025/4/11, 8, 33, 3, 13, 15
2025/4/12, 3, 37, 3, 10, 15
2025/4/13, 3, 43, 4, 24, 18
2025/4/14, 3, 38, 6, 8, 17
2025/4/15, 3, 34, 4, 18, 16
2025/4/16, 3, 20, 3, 7, 16
2025/4/17, 3, 40, 4, 8, 18
2025/4/18, 3, 22, 4, 7, 17
2025/4/19, 3, 36, 4, 7, 17
2025/4/20, 3, 35, 4, 7, 18
2025/4/21, 3, 39, 4, 8, 16
2025/4/22, 25, 37, 3, 8, 14
2025/4/23, 31, 31, 5, 8, 13
2025/4/24, 37, 36, 5, 8, 14
2025/4/25, 38, 99, 7, 9, 15
2025/4/26, 33, 30, 6, 9, 13
2025/4/27, 42, 41, 4, 9, 13
2025/4/28, 30, 50, 5, 22, 14
2025/4/29, 34, 40, 5, 10, 13
2025/4/30, 38, 41, 5, 9, 14
2025/5/1, 32, 42, 4, 9, 14
2025/5/2, 32, 38, 4, 8, 14
2025/5/3, 36, 39, 5, 8, 14
2025/5/4, 27, 20, 9, 10, 15
2025/5/5, 57, 38, 3, 8, 14
2025/5/6, 4, 36, 4, 8, 15
2025/5/7, 45, 36, 5, 8, 15
2025/5/8, 33, 38, 6, 8, 15
2025/5/9, 37, 41, 4, 10, 14
2025/5/10, 34, 34, 4, 12, 14
2025/5/11, 29, 36, 5, 8, 16
2025/5/12, 27, 44, 5, 8, 16
2025/5/13, 38, 41, 5, 8, 15
2025/5/14, 35, 52, 6, 11, 15
2025/5/15, 27, 45, 8, 9, 15
2025/5/16, 34, , , , 
2025/5/19, 34, 41, 5, 9, 14
2025/5/20, 34, , , , 
2025/5/22, 25, 38, 8, 9, 16
2025/5/23, 28, 20, 7, 9, 15
2025/5/24, 18, 49, 6, 16, 17
2025/5/25, 35, 44, 5, 10, 16
2025/5/26, 24, 45, 5, 8, 17
2025/5/27, 26, 48, 5, 14, 16
2025/5/28, 34, 46, 6, 15, 16
2025/5/29, 22, 35, 6, 8, 15
2025/5/30, 22, 40, 6, 13, 17
2025/5/31, 22, , , , 
2025/6/3, 13, 37, 4, 12, 17
2025/1/2, 80, 27, 3, 21, 17
2025/1/3, 33, 25, 3, 21, 16
2025/1/4, 34, 24, 4, 18, 18
2025/1/5, 30, 32, 5, 18, 18
2025/1/6, 34, 23, 9, 19, 22
2025/1/7, 69, 17, 7, 20, 19
2025/1/8, 60, 21, 6, 18, 19
2025/1/9, 43, 14, 5, 18, 18
2025/1/10, 39, 12, 4, 18, 18
2025/1/11, 28, 13, 2, 18, 18
2025/1/12, 11, 5, 4, 18, 17
2025/1/13, 13, , , , 
2025/1/17, 3, 26, 8, 19, 34
2025/1/18, 3, 23, 7, 19, 35
2025/1/19, 3, 23, 6, 18, 34
2025/1/20, 3, 22, 6, 18, 33
2025/1/21, 5, , , , 
2025/1/24, 24, 21, 3, 20, 52
2025/1/25, 3, 20, 3, 18, 51
2025/1/26, 9, , , , 
2025/1/29, 43, , , , 
2025/1/31, 26, 26, 4, 20, 16
2025/2/1, 32, 29, 5, 19, 19
2025/2/2, 24, 12, 4, 19, 16
2025/2/3, 41, 28, 7, 21, 23
2025/2/4, 37, 19, 5, 20, 16
2025/2/5, 23, 33, 10, 23, 10
2025/2/6, 46, 46, 8, 31, 16
2025/2/7, 44, 35, 5, 21, 12
2025/2/8, 26, 38, 5, 25, 13
2025/2/9, 30, , , , 
2025/2/11, 4, 28, 5, 19, 40
2025/2/12, 16, 29, 5, 19, 39
2025/2/13, 30, 28, 8, 22, 43
2025/2/14, 36, 21, 8, 20, 45
2025/2/15, 42, 29, 5, 19, 40
2025/2/16, 28, 32, 4, 24, 40
2025/2/17, 34, 18, 3, 19, 38
2025/2/18, 21, 25, 6, 20, 42
2025/2/19, 24, 25, 4, 20, 39
2025/2/20, 20, 30, 6, 21, 40
2025/2/21, 23, 25, 6, 20, 41
2025/2/22, 17, 14, 11, 20, 50
2025/2/23, 39, 29, 6, 20, 42
2025/2/24, 22, 31, 5, 22, 40
2025/2/25, 21, 38, 8, 21, 43
2025/2/26, 23, 34, 5, 21, 41
2025/2/27, 35, 31, 7, 20, 44
2025/2/28, 30, 38, 5, 20, 40
2025/3/1, 31, 33, 6, 20, 41
2025/3/2, 28, 31, 7, 21, 43
2025/3/3, 33, 32, 6, 21, 41
2025/3/4, 31, 32, 6, 21, 41
2025/3/5, 32, 37, 8, 19, 26
2025/3/6, 40, 31, 5, 9, 11
2025/3/7, 42, 37, 5, 9, 12
2025/3/8, 28, 33, 6, 9, 12
2025/3/9, 25, , , , 
2025/3/11, 30, 39, 6, 20, 46
2025/3/12, 28, 30, 7, 20, 45
2025/3/13, 30, 29, 5, 20, 45
2025/3/14, 27, 24, 4, 19, 44
2025/3/15, 32, 29, 4, 19, 45
2025/3/16, 27, 34, 5, 27, 47
2025/3/17, 31, 36, 3, 20, 46
2025/3/18, 40, 36, 3, 20, 25
2025/3/19, 35, 37, 7, 21, 24
2025/3/20, 36, 30, 4, 20, 50
2025/3/21, 85, 34, 4, 20, 51
2025/3/22, 35, 36, 5, 20, 52
2025/3/23, 34, 33, 4, 20, 51
2025/3/24, 28, 34, 5, 21, 51
2025/3/25, 30, 36, 4, 17, 31
2025/3/26, 32, 35, 4, 8, 15
2025/3/27, 28, 28, 6, 9, 15
2025/3/28, 39, 35, 4, 7, 15
2025/3/29, 21, 32, 8, 8, 17
2025/3/30, 31, 37, 7, 8, 19
2025/3/31, 32, 38, 8, 8, 19
2025/4/1, 38, 42, 8, 9, 17
2024/10/23, 24, 28, 2, 19, 11
2024/10/24, 25, 25, 3, 25, 12
2024/10/25, 23, 25, 3, 25, 12
2024/10/26, 29, 29, 2, 17, 11
2024/10/27, 26, 20, 1, 21, 12
2024/10/28, 18, 26, 3, 22, 12
2024/10/29, 35, 32, 3, 19, 12
2024/10/30, 34, 32, 6, 19, 14
2024/10/31, 43, 32, 6, 22, 15
2024/11/1, 42, 26, 5, 21, 13
2024/11/2, 49, 28, 2, 20, 12
2024/11/3, 40, 25, 4, 18, 13
2024/11/4, 36, 21, 4, 18, 13
2024/11/5, 35, 24, 5, 18, 15
2024/11/6, 41, 27, 5, 19, 14
2024/11/7, 44, 31, 6, 22, 16
2024/11/8, 52, 34, 7, 21, 15
2024/11/9, 51, 34, 6, 21, 15
2024/11/10, 52, 26, 3, 19, 12
2024/11/11, 39, 28, 4, 19, 12
2024/11/12, 38, 35, 3, 19, 12
2024/11/13, 34, 34, 5, 22, 14
2024/11/14, 48, 26, 2, 18, 12
2024/11/15, 42, 30, 6, 22, 17
2024/11/16, 48, , , , 
2024/11/18, 65, 18, 4, 18, 15
2024/11/19, 40, 18, 4, 18, 14
2024/11/20, 34, 21, 4, 21, 15
2024/11/21, 53, 27, 2, 20, 13
2024/11/22, 27, 29, 3, 20, 13
2024/11/23, 30, 31, 6, 19, 17
2024/11/24, 44, 37, 7, 18, 19
2024/11/25, 51, 43, 7, 20, 17
2024/11/26, 55, 34, 6, 18, 14
2024/11/27, 43, 50, 7, 27, 20
2024/11/28, 55, 36, 9, 19, 22
2024/11/29, 69, 23, 8, 19, 15
2024/11/30, 52, 31, 9, 19, 29
2024/12/1, 73, 25, 4, 22, 16
2024/12/2, 39, 23, 3, 35, 14
2024/12/3, 38, 22, 3, 21, 15
2024/12/4, 30, 29, 6, 20, 20
2024/12/5, 44, 33, 8, 20, 18
2024/12/6, 66, 31, 3, 19, 14
2024/12/7, 35, 25, 3, 18, 15
2024/12/8, 31, 30, 4, 18, 18
2024/12/9, 33, 34, 7, 20, 20
2024/12/10, 52, 32, 9, 19, 24
2024/12/11, 69, 24, 4, 20, 17
2024/12/12, 56, 32, 6, 22, 24
2024/12/13, 47, 38, 10, 21, 22
2024/12/14, 73, 4, 9, 19, 17
2024/12/15, 57, , , , 
2024/12/18, 39, 25, 4, 21, 15
2024/12/19, 37, 18, 2, 18, 14
2024/12/20, 27, 14, 3, 29, 16
2024/12/21, 28, 21, 3, 23, 17
2024/12/22, 22, 24, 2, 19, 16
2024/12/23, 24, 36, 5, 18, 17
2024/12/24, 36, 22, 7, 20, 20
2024/12/25, 55, 4, 11, 29, 32
2024/12/26, 155, , , , 
2024/8/9, 31, 29, 3, 25, 17
2024/8/10, 30, 22, 2, 24, 17
2024/8/11, 32, , , , 
2024/8/13, 19, 28, 3, 21, 17
2024/8/14, 21, 47, 2, 19, 17
2024/8/15, 20, 32, 2, 21, 19
2024/8/16, 22, 29, 2, 18, 18
2024/8/17, 15, , , , 
2024/8/28, 28, 27, 2, 17, 18
2024/8/29, 26, 30, 2, 18, 18
2024/8/30, 21, , , , 
2024/9/4, 19, , , , 
2024/9/6, 32, 17, 3, 20, 21
2024/9/7, 19, 21, 3, 17, 21
2024/9/8, 17, 28, 3, 17, 21
2024/9/9, 21, 30, 3, 17, 20
2024/9/10, 24, 28, 3, 17, 20
2024/9/11, 21, 21, 3, 17, 19
2024/9/12, 19, 14, 2, 17, 20
2024/9/13, 19, 23, 2, 17, 20
2024/9/14, 17, 29, 3, 18, 19
2024/9/15, 21, 23, 2, 17, 19
2024/9/16, 12, 17, 3, 17, 20
2024/9/17, 17, 37, 3, 18, 21
2024/9/18, 25, , , , 
2024/4/27, 39, 31, 7, 14, 12
2024/4/28, 40, 40, 5, 14, 12
2024/4/29, 34, 38, 7, 18, 13
2024/4/30, 41, 45, 6, 19, 12
2024/5/1, 40, 37, 6, 16, 12
2024/5/2, 39, , , , 
2024/5/10, 42, 51, 7, 20, 15
2024/5/11, 61, 55, 8, 27, 14
2024/5/12, 55, 44, 5, 15, 13
2024/5/13, 47, 42, 5, 15, 13
2024/5/14, 43, 44, 8, 16, 15
2024/5/15, 52, 39, 5, 15, 14
2024/5/16, 48, , , , 
2024/6/12, 75, , , , 
2024/6/27, 28, 33, 6, 15, 17
2024/6/28, 17, , , , 
2024/1/16, 91, 25, 11, 16, 19
2024/1/17, 106, , , , 
2023/10/2, 34, 18, 4, 33, 7
2023/10/3, 28, , , , 
2023/10/11, 4, 9, 2, 10, 8
2023/10/12, 18, , , , 
2023/10/22, 30, , , , 
2023/10/29, 22, , , , 
2023/11/3, 15, , , , 
2023/11/5, 16, , , , 
2023/11/14, 47, 25, 2, 13, 10
2023/11/15, 30, , , , 
2023/11/17, 45, , , , 
2023/12/16, 18, , , , 
2023/12/22, 59, , , , 
2023/7/11, 44, 37, 5, 15, 8
2023/7/12, 20, 60, 7, 16, 10
2023/7/13, 25, 54, 6, 28, 9
2023/7/14, 41, 57, 6, 18, 9
2023/7/15, 37, 39, 9, 19, 10
2023/7/16, 37, 38, 4, 15, 8
2023/7/17, 49, 33, 4, 17, 8
2023/7/18, 44, 43, 4, 16, 8
2023/7/19, 53, 32, 4, 17, 8
2023/7/20, 55, 35, 5, 27, 8
2023/7/21, 43, 44, 5, 20, 9
2023/7/22, 49, 31, 7, 14, 10
2023/7/23, 37, 28, 5, 16, 9
2023/7/24, 36, 26, 4, 20, 9
2023/7/25, 34, 26, 5, 16, 9
2023/7/26, 32, 34, 5, 16, 10
2023/7/27, 34, 35, 6, 14, 10
2023/7/28, 34, 17, 9, 10, 10
2023/7/29, 33, 45, 3, 13, 10
2023/7/30, 34, 25, 4, 17, 10
2023/7/31, 33, 23, 4, 16, 10
2023/8/1, 43, 32, 6, 18, 10
2023/8/2, 39, 31, 4, 21, 10
2023/8/3, 45, 33, 5, 26, 10
2023/8/4, 31, 28, 5, 12, 11
2023/8/5, 27, 55, 5, 14, 11
2023/8/6, 24, , , , 
2023/8/8, 36, 62, 7, 14, 12
2023/8/9, 38, 48, 5, 10, 11
2023/8/10, 39, 53, 6, 9, 10
2023/8/11, 30, , , , 
2023/8/13, 53, 39, 5, 13, 11
2023/8/14, 29, 27, 5, 14, 12
2023/8/15, 32, , , , 
2023/8/20, 27, 22, 4, 10, 12
2023/8/21, 30, , , , 
2023/8/23, 29, 30, 5, 21, 11
2023/8/24, 33, 15, 5, 11, 11
2023/8/25, 16, , , , 
2023/9/2, 36, 43, 6, 16, 13
2023/9/3, 37, 43, 4, 19, 12
2023/9/4, 36, , , , 
2023/9/8, 36, 29, 6, 11, 9
2023/9/9, 22, , , , 
2023/9/21, 35, 41, 6, 15, 8
2023/9/22, 39, 36, 6, 14, 8
2023/9/23, 40, 33, 5, 21, 9
2023/9/24, 40, 45, 5, 24, 8
2023/9/25, 40, 30, 4, 18, 7
2023/9/26, 39, 32, 5, 13, 8
2023/9/27, 40, 35, 5, 17, 8
2023/9/28, 42, 40, 6, 15, 8
2023/9/29, 42, 38, 5, 16, 8
2023/9/30, 42, 36, 5, 14, 8
2023/10/1, 40, 30, 4, 21, 8
2023/4/2, 69, 52, 6, 11, 16
2023/4/3, 59, 51, 6, 9, 14
2023/4/4, 58, 45, 4, 8, 13
2023/4/5, 55, 45, 6, 8, 15
2023/4/6, 55, 44, 6, 12, 15
2023/4/7, 65, 39, 3, 9, 14
2023/4/8, 42, 46, 4, 11, 15
2023/4/9, 43, 40, 4, 13, 15
2023/4/10, 41, 40, 4, 19, 15
2023/4/11, 47, 33, 5, 26, 15
2023/4/12, 46, 41, 3, 8, 15
2023/4/13, 22, 34, 7, 9, 16
2023/4/14, 50, 33, 5, 8, 15
2023/4/15, 45, 32, 6, 8, 16
2023/4/16, 47, 42, 4, 12, 15
2023/4/17, 58, 40, 4, 9, 15
2023/4/18, 39, 32, 4, 8, 15
2023/4/19, 45, 39, 5, 9, 16
2023/4/20, 53, 35, 5, 9, 16
2023/4/21, 54, 33, 5, 9, 16
2023/4/22, 50, 35, 4, 18, 15
2023/4/23, 56, 38, 5, 9, 17
2023/4/24, 66, 36, 5, 9, 16
2023/4/25, 53, 42, 6, 9, 17
2023/4/26, 57, 40, 5, 9, 16
2023/4/27, 58, 39, 5, 9, 17
2023/4/28, 59, 42, 7, 11, 18
2023/4/29, 63, , , , 
2023/5/4, 62, 49, 7, 11, 19
2023/5/5, 68, , , , 
2023/5/8, 102, 42, 5, 15, 19
2023/5/9, 55, 39, 5, 9, 19
2023/5/10, 51, 29, 4, 9, 19
2023/5/11, 51, 49, 4, 8, 18
2023/5/12, 56, 47, 6, 9, 20
2023/5/13, 63, 40, 6, 9, 19
2023/5/14, 65, 37, 4, 11, 19
2023/5/15, 48, 36, 4, 13, 19
2023/5/16, 47, 38, 4, 9, 19
2023/5/17, 48, 34, 4, 8, 20
2023/5/18, 44, 45, 5, 9, 20
2023/5/19, 55, 52, 5, 14, 20
2023/5/20, 69, 35, 5, 21, 21
2023/5/21, 37, 41, 3, 11, 20
2023/5/22, 34, 56, 4, 14, 20
2023/5/23, 44, 47, 5, 13, 21
2023/5/24, 50, 42, 5, 9, 20
2023/5/25, 46, 48, 6, 10, 21
2023/5/26, 59, 60, 5, 20, 21
2023/5/27, 55, 43, 5, 25, 23
2023/5/28, 41, 43, 4, 13, 22
2023/5/29, 29, 36, 5, 9, 22
2023/5/30, 62, 43, 7, 9, 22
2023/5/31, 57, 54, 6, 15, 22
2023/6/1, 55, 47, 5, 9, 21
2023/6/2, 62, 46, 5, 10, 21
2023/6/3, 54, 40, 5, 10, 21
2023/6/4, 57, 33, 5, 9, 21
2023/6/5, 53, 47, 4, 10, 21
2023/6/6, 37, , , , 
2023/6/8, 54, 38, 4, 10, 21
2023/6/9, 57, 45, 7, 11, 23
2023/6/10, 61, 48, 6, 10, 22
2023/6/11, 62, 47, 5, 10, 22
2023/6/12, 67, 47, 4, 10, 21
2023/6/13, 57, 31, 8, 19, 17
2023/6/14, 52, 68, 8, 25, 5
2023/6/15, 55, 52, 4, 10, 6
2023/6/16, 65, 72, 7, 44, 8
2023/6/17, 78, 65, 5, 20, 7
2023/6/18, 73, 41, 6, 11, 7
2023/6/19, 63, 48, 6, 17, 6
2023/6/20, 64, 45, 5, 18, 5
2023/6/21, 56, 18, 6, 19, 5
2023/6/22, 53, , , , 
2023/1/9, 52, 46, 10, 9, 
2023/1/10, 57, 48, 11, 9, 
2023/1/11, 61, 49, 12, 10, 
2023/1/12, 65, 64, 13, 18, 
2023/1/13, 74, 40, 6, 24, 
2023/1/14, 52, 45, 11, 12, 
2023/1/15, 59, 13, 24, 11, 
2023/1/16, 151, 39, 11, 6, 
2023/1/17, 60, 156, 11, 7, 
2023/1/18, 72, 41, 13, 8, 
2023/1/19, 66, 49, 15, 9, 
2023/1/20, 76, 40, 13, 7, 
2023/1/21, 68, 36, 11, 7, 
2023/1/22, 64, 36, 9, 8, 
2023/1/23, 54, 34, 8, 7, 
2023/1/24, 60, 156, 7, 8, 
2023/1/25, 55, 58, 10, 10, 
2023/1/26, 56, 44, 8, 9, 
2023/1/27, 57, 21, 7, 6, 8
2023/1/28, 46, 7, 10, 7, 4
2023/1/29, 49, 7, 10, 8, 
2023/1/30, 57, 8, 12, 9, 
2023/1/31, 70, , 10, 10, 
2023/2/1, 61, , 7, 8, 
2023/2/2, 52, , 11, 7, 17
2023/2/3, 63, , 8, 13, 6
2023/2/4, 52, , , , 
2023/2/6, 40, 62, 9, 9, 10
2023/2/7, 59, 51, 14, 8, 11
2023/2/8, 77, 41, 10, 9, 7
2023/2/9, 64, 48, 9, 9, 6
2023/2/10, 56, 45, 10, 12, 6
2023/2/11, 55, 39, 4, 13, 4
2023/2/12, 34, 45, 8, 7, 8
2023/2/13, 46, 40, 9, 7, 7
2023/2/14, 59, 30, 6, 7, 5
2023/2/15, 46, 31, 7, 7, 5
2023/2/16, 42, 29, 10, 7, 9
2023/2/17, 54, 50, 7, 11, 5
2023/2/18, 64, 52, 6, 10, 6
2023/2/19, 50, 46, 8, 7, 7
2023/2/20, 50, 56, 9, 8, 6
2023/2/21, 53, 38, 5, 7, 6
2023/2/22, 52, 30, 6, 7, 6
2023/2/23, 44, 58, 13, 10, 11
2023/2/24, 58, 118, 25, 12, 11
2023/2/25, 89, , , , 
2023/3/3, 54, 39, 7, 8, 8
2023/3/4, 56, 38, 9, 7, 10
2023/3/5, 48, 46, 12, 8, 12
2023/3/6, 60, 31, 18, 12, 12
2023/3/7, 59, , , , 
2023/3/10, 68, 46, 15, 9, 12
2023/3/11, 69, 51, 6, 8, 10
2023/3/12, 59, 45, 3, 7, 10
2023/3/13, 59, 44, 6, 8, 10
2023/3/14, 49, 50, 6, 8, 11
2023/3/15, 52, 35, 4, 8, 10
2023/3/16, 43, 35, 3, 7, 10
2023/3/17, 46, 34, 4, 7, 11
2023/3/18, 56, 30, 4, 8, 11
2023/3/19, 48, 32, 3, 9, 11
2023/3/20, 35, 36, 3, 10, 11
2023/3/21, 36, 35, 8, 8, 14
2023/3/22, 45, 49, 9, 11, 15
2023/3/23, 59, 41, 7, 10, 13
2023/3/24, 54, 36, 5, 8, 12
2023/3/25, 44, 41, 4, 10, 12
2023/3/26, 49, 39, 5, 8, 12
2023/3/27, 48, 43, 7, 9, 14
2023/3/28, 55, 76, 6, 20, 13
2023/3/29, 79, 56, 5, 24, 13
2023/3/30, 54, 41, 5, 9, 14
2023/3/31, 45, 51, 8, 10, 15
2023/4/1, 51, 66, 8, 20, 14
2022/10/4, 26, 46, 3, 11, 8
2022/10/5, 23, 34, 4, 8, 7
2022/10/6, 19, 28, 4, 9, 8
2022/10/7, 12, 25, 4, 17, 8
2022/10/8, 14, 17, 6, 10, 7
2022/10/9, 14, 30, 3, 16, 7
2022/11/8, 33, , , , 
2022/12/15, 48, 44, 13, 12, 
2022/12/16, 80, 39, 13, 8, 
2022/12/17, 81, 40, 13, 10, 
2022/12/18, 79, 39, 8, 7, 
2022/12/19, 57, 32, 11, 8, 
2022/12/20, 76, 41, 9, 13, 
2022/12/21, 69, 38, 8, 7, 
2022/12/22, 62, 64, 12, 10, 
2022/12/23, 77, 49, 16, 8, 
2022/12/24, 94, , , , 
2022/7/2, 27, , 9, 4, 14
2022/7/3, 29, , 6, 4, 15
2022/7/4, 25, , 5, 7, 14
2022/7/5, 42, 32, 6, 4, 15
2022/7/6, 19, 42, 8, 4, 15
2022/7/7, 21, 41, 7, 4, 15
2022/7/8, 28, 40, 7, 14, 15
2022/7/9, 25, 34, 6, 9, 15
2022/7/10, 23, 40, 4, 5, 14
2022/7/11, 17, 47, 8, 4, 16
2022/7/12, 21, 63, 6, 7, 15
2022/7/13, 20, 61, 3, 4, 14
2022/7/14, 20, 26, 5, 14, 7
2022/7/15, 27, 35, 6, 4, 7
2022/7/16, 33, 35, 5, 4, 7
2022/7/17, 15, 33, 4, 6, 7
2022/7/18, 19, 37, 6, 6, 7
2022/7/19, 20, , , , 
2022/8/9, 19, 43, 4, 9, 7
2022/8/10, 22, 47, 6, 6, 6
2022/8/11, 16, 43, 3, 11, 6
2022/8/12, 19, 35, 4, 6, 6
2022/8/13, 25, 44, 5, 6, 7
2022/8/14, 18, 45, 3, 5, 7
2022/8/15, 9, 35, 4, 4, 7
2022/8/16, 12, 18, 4, 5, 6
2022/8/17, 6, 38, 3, 7, 7
2022/8/18, 16, 51, 4, 5, 7
2022/8/19, 16, 50, 5, 6, 7
2022/8/20, 20, 36, 5, 5, 7
2022/8/21, 17, 31, 5, 5, 8
2022/8/22, 16, 50, 5, 5, 8
2022/8/23, 22, 42, 4, 6, 7
2022/8/24, 23, 53, 6, 6, 8
2022/8/25, 21, 43, 5, 10, 7
2022/8/26, 20, 44, 5, 10, 7
2022/8/27, 22, 45, 4, 8, 8
2022/8/28, 25, 41, 5, 5, 9
2022/8/29, 20, 41, 4, 6, 8
2022/8/30, 19, 28, 3, 7, 7
2022/8/31, 15, 45, 4, 7, 8
2022/9/1, 15, 36, 4, 7, 7
2022/9/2, 17, 28, 4, 10, 7
2022/9/3, 17, 20, 3, 14, 7
2022/9/4, 14, 23, 2, 8, 7
2022/9/5, 16, 19, 4, 7, 8
2022/9/6, 14, 22, 4, 7, 8
2022/9/7, 13, 26, 4, 7, 8
2022/9/8, 12, 23, 4, 8, 8
2022/9/9, 14, 40, 6, 7, 8
2022/9/10, 20, 44, 5, 8, 8
2022/9/11, 19, 38, 3, 15, 7
2022/9/12, 20, 36, 4, 14, 7
2022/9/13, 20, 33, 4, 17, 7
2022/9/14, 21, 35, 4, 18, 7
2022/9/15, 22, , , , 
2022/4/2, 55, 44, 16, 4, 12
2022/4/3, 47, 42, 10, 3, 11
2022/4/4, 41, 46, 12, 4, 12
2022/4/5, 54, 45, 10, 4, 11
2022/4/6, 42, 102, 14, 4, 13
2022/4/7, 44, 49, 15, 19, 11
2022/4/8, 71, 46, 7, 9, 11
2022/4/9, 48, 48, 7, 5, 11
2022/4/10, 42, 34, 7, 3, 11
2022/4/11, 36, 16, 9, 3, 12
2022/4/12, 22, , , , 
2022/4/14, 25, 49, 14, 5, 12
2022/4/15, 36, 38, 6, 2, 11
2022/4/16, 25, 45, 12, 4, 13
2022/4/17, 40, 42, 11, 6, 13
2022/4/18, 39, 61, 12, 10, 13
2022/4/19, 56, 49, 6, 10, 11
2022/4/20, 34, 42, 8, 5, 12
2022/4/21, 41, 30, 11, 7, 13
2022/4/22, 50, 60, 7, 14, 12
2022/4/23, 35, 43, 7, 6, 12
2022/4/24, 36, 44, 7, 5, 12
2022/4/25, 35, 42, 9, 7, 12
2022/4/26, 51, 45, 5, 7, 12
2022/4/27, 51, , , , 
2022/4/29, 57, 20, 12, 5, 12
2022/4/30, 37, , , , 
2022/5/2, 66, , , , 
2022/5/24, 64, 57, 10, 6, 14
2022/5/25, 44, 53, 12, 4, 15
2022/5/26, 43, 58, 8, 5, 13
2022/5/27, 54, 41, 7, 4, 13
2022/5/28, 45, 43, 7, 5, 13
2022/5/29, 37, 47, 7, 5, 13
2022/5/30, 40, 62, 7, 3, 13
2022/5/31, 24, 54, 8, 9, 14
2022/6/1, 37, 44, 8, 4, 13
2022/6/2, 38, 36, 8, 7, 13
2022/6/3, 28, 44, 7, 6, 13
2022/6/4, 34, 52, 9, 5, 13
2022/6/5, 34, 47, 13, 4, 17
2022/6/6, 30, 69, 13, 4, 14
2022/6/7, 28, 58, 13, 11, 15
2022/6/8, 30, 58, 8, 8, 13
2022/6/9, 30, 31, 7, 4, 13
2022/6/10, 34, 19, 9, 5, 14
2022/6/11, 23, , , , 
2022/6/16, 31, 30, 6, 4, 13
2022/6/17, 41, 41, 6, 3, 14
2022/6/18, 36, , , , 
2022/6/28, 26, 30, 6, 3, 13
2022/6/29, 28, 42, 6, 3, 14
2022/6/30, 21, 26, 6, 5, 14
2022/7/1, 34, , 7, 5, 14
2022/1/4, 52, 36, 27, 10, 21
2022/1/5, 68, 42, 23, 15, 16
2022/1/6, 56, 39, 20, 13, 17
2022/1/7, 52, 45, 17, 8, 15
2022/1/8, 48, 34, 22, 12, 19
2022/1/9, 60, 52, 19, 21, 18
2022/1/10, 62, 29, 7, 7, 12
2022/1/11, 39, 26, 6, 6, 12
2022/1/12, 26, 46, 14, 13, 15
2022/1/13, 36, 42, 17, 9, 14
2022/1/14, 38, 38, 16, 7, 15
2022/1/15, 35, 40, 22, 14, 20
2022/1/16, 54, 39, 12, 13, 15
2022/1/17, 40, 31, 15, 15, 15
2022/1/18, 39, 36, 18, 18, 15
2022/1/19, 42, 35, 18, 10, 18
2022/1/20, 45, 44, 19, 17, 16
2022/1/21, 55, 22, 24, 28, 18
2022/1/22, 63, 39, 16, 11, 15
2022/1/23, 38, 39, 10, 10, 15
2022/1/24, 29, 30, 7, 5, 13
2022/1/25, 37, 30, 10, 4, 14
2022/1/26, 24, 37, 17, 8, 16
2022/1/27, 46, 49, 17, 10, 17
2022/1/28, 45, 35, 10, 9, 14
2022/1/29, 37, 39, 9, 8, 15
2022/1/30, 28, , , , 
2022/2/2, 33, 31, 14, 4, 15
2022/2/3, 39, 33, 12, 4, 15
2022/2/4, 34, 32, 15, 5, 16
2022/2/5, 38, 40, 10, 9, 16
2022/2/6, 37, 31, 15, 5, 17
2022/2/7, 47, 28, 8, 3, 15
2022/2/8, 31, 35, 8, 4, 15
2022/2/9, 24, 35, 12, 3, 14
2022/2/10, 40, 34, 9, 5, 15
2022/2/11, 35, 35, 15, 4, 16
2022/2/12, 38, 31, 16, 4, 17
2022/2/13, 35, 32, 6, 9, 15
2022/2/14, 24, 36, 7, 6, 15
2022/2/15, 22, 39, 16, 3, 17
2022/2/16, 28, 34, 17, 3, 17
2022/2/17, 35, 31, 13, 3, 17
2022/2/18, 32, 48, 21, 3, 19
2022/2/19, 52, 45, 11, 3, 16
2022/2/20, 41, 41, 11, 3, 18
2022/2/21, 32, 42, 12, 3, 17
2022/2/22, 40, 40, 15, 2, 19
2022/2/23, 38, 64, 23, 8, 19
2022/2/24, 57, 40, 17, 4, 13
2022/2/25, 40, 55, 9, 4, 10
2022/2/26, 48, 42, 11, 5, 9
2022/2/27, 27, 46, 8, 3, 7
2022/2/28, 28, 42, 9, 3, 8
2022/3/1, 28, 44, 14, 5, 9
2022/3/2, 36, , , , 
2022/3/11, 37, 34, 13, 3, 9
2022/3/12, 42, 44, 11, 4, 10
2022/3/13, 57, 39, 7, 4, 8
2022/3/14, 28, 37, 12, 3, 10
2022/3/15, 39, 63, 14, 4, 10
2022/3/16, 51, 41, 8, 2, 9
2022/3/17, 40, 32, 7, 2, 8
2022/3/18, 38, 54, 17, 7, 11
2022/3/19, 47, 45, 12, 4, 9
2022/3/20, 50, 41, 6, 3, 9
2022/3/21, 37, 36, 8, 2, 9
2022/3/22, 41, 37, 10, 3, 10
2022/3/23, 42, 41, 13, 5, 10
2022/3/24, 44, 48, 13, 13, 10
2022/3/25, 45, 54, 9, 11, 9
2022/3/26, 42, 54, 8, 3, 9
2022/3/27, 39, 55, 13, 3, 11
2022/3/28, 40, 51, 15, 4, 12
2022/3/29, 54, 60, 14, 4, 11
2022/3/30, 48, 39, 10, 2, 10
2022/3/31, 42, 44, 11, 3, 11
2022/4/1, 42, 47, 17, 4, 12
2021/10/3, 18, 31, , 5, 8
2021/10/4, 10, 20, , 7, 8
2021/10/5, 12, 24, , 7, 7
2021/10/6, 10, 33, , 8, 7
2021/10/7, 16, 36, , 11, 7
2021/10/8, 15, 39, 8, 9, 7
2021/10/9, 15, 36, 7, 8, 9
2021/10/10, 19, 39, 8, 6, 8
2021/10/11, 20, 36, 6, 4, 8
2021/10/12, 18, 34, , 4, 7
2021/10/13, 18, 17, , 6, 8
2021/10/14, 24, 35, , 4, 10
2021/10/15, 25, , , , 
2021/10/27, 41, 33, 10, 5, 10
2021/10/28, 22, 39, 16, 10, 11
2021/10/29, 36, 40, 9, 7, 9
2021/10/30, 28, , , , 
2021/11/2, 31, 35, 8, 3, 8
2021/11/3, 24, 35, 14, 8, 12
2021/11/4, 36, 44, 11, 8, 10
2021/11/5, 34, , , , 
2021/11/10, 31, 62, 8, 5, 9
2021/11/11, 32, 25, 5, 6, 8
2021/11/12, 39, 38, 9, 13, 10
2021/11/13, 28, 33, 6, 9, 9
2021/11/14, 27, 38, 7, 15, 9
2021/11/15, 20, 43, 8, 7, 8
2021/11/16, 23, 46, 15, 5, 15
2021/11/17, 46, 47, 20, 11, 12
2021/11/18, 54, 54, 17, 15, 11
2021/11/19, 53, 29, 6, 5, 9
2021/11/20, 28, 37, 9, 11, 11
2021/11/21, 24, 45, 6, 10, 9
2021/11/22, 19, 31, 6, 8, 10
2021/11/23, 29, 39, 7, 7, 10
2021/11/24, 23, 35, 10, 7, 11
2021/11/25, 28, 35, 19, 11, 14
2021/11/26, 43, 43, 7, 6, 10
2021/11/27, 31, 36, 11, 6, 12
2021/11/28, 29, 57, 17, 17, 15
2021/11/29, 51, 45, 8, 6, 10
2021/11/30, 27, 49, 17, 8, 16
2021/12/1, 48, 27, 18, 11, 12
2021/12/2, 44, 12, 13, 11, 10
2021/12/3, 29, 32, 11, 15, 11
2021/12/4, 36, 14, 16, 10, 10
2021/12/5, 35, , , , 
2021/12/8, 72, 16, 32, 6, 25
2021/12/9, 71, 43, 24, 13, 19
2021/12/10, 68, 38, 22, 13, 15
2021/12/11, 65, 40, 22, 14, 18
2021/12/12, 72, 50, 13, 8, 14
2021/12/13, 47, 41, 11, 16, 12
2021/12/14, 39, 38, 12, 6, 12
2021/12/15, 34, 11, 8, 5, 10
2021/12/16, 20, 23, 41, 11, 30
2021/12/17, 110, 56, 20, 17, 14
2021/12/18, 59, 39, 17, 10, 14
2021/12/19, 46, 8, 17, 11, 15
2021/12/20, 28, 22, 18, 6, 20
2021/12/21, 33, 42, 23, 15, 19
2021/12/22, 46, 44, 29, 16, 21
2021/12/23, 63, 61, 33, 30, 21
2021/12/24, 74, 52, 28, 21, 28
2021/12/25, 72, 61, 25, 29, 24
2021/12/26, 95, 40, 16, 27, 17
2021/12/27, 49, 54, 20, 21, 15
2021/12/28, 56, 37, 15, 10, 15
2021/12/29, 48, 37, 16, 9, 15
2021/12/30, 45, 41, 23, 11, 19
2021/12/31, 62, 35, 21, 11, 18
2022/1/1, 61, 28, 15, 12, 19
2022/1/2, 83, 35, 12, 17, 16
2022/1/3, 53, 42, 15, 9, 16
2021/7/2, 24, 29, , 2, 7
2021/7/3, 17, 23, , 1, 7
2021/7/4, 15, 35, , 1, 7
2021/7/5, 17, 36, , 1, 7
2021/7/6, 21, 28, , 1, 7
2021/7/7, 14, 33, , , 6
2021/7/8, 15, 25, , 1, 7
2021/7/9, 12, 27, , 1, 7
2021/7/10, 16, 40, , 3, 7
2021/7/11, 24, 37, , 2, 7
2021/7/12, 15, 34, , 1, 6
2021/7/13, 26, 16, , 2, 6
2021/7/14, 16, , , , 
2021/7/16, 13, , , , 
2021/8/2, 21, 59, , 4, 7
2021/8/3, 22, , , , 
2021/8/9, 20, 36, , 3, 8
2021/8/10, 22, , , , 
2021/8/12, 19, 50, , 4, 7
2021/8/13, 22, 36, , 5, 7
2021/8/14, 14, , , , 
2021/8/16, 13, 41, , 4, 7
2021/8/17, 16, 48, , 5, 7
2021/8/18, 21, 50, , 3, 7
2021/8/19, 21, 41, , 4, 8
2021/8/20, 22, 29, , 8, 6
2021/8/21, 20, 23, , 16, 8
2021/8/22, 13, 32, , 4, 6
2021/8/23, 10, 36, , 5, 6
2021/8/24, 18, 30, , 11, 6
2021/8/25, 22, 27, , 15, 7
2021/8/26, 21, 30, , 11, 6
2021/8/27, 31, 32, , 13, 7
2021/8/28, 39, 14, , 6, 8
2021/8/29, 23, 15, , 3, 8
2021/8/30, 12, 29, , 3, 7
2021/8/31, 13, 34, , 3, 8
2021/9/1, 10, , , , 
2021/9/3, 19, 28, , 4, 8
2021/9/4, 14, 31, , 3, 8
2021/9/5, 16, 41, , 3, 8
2021/9/6, 18, 30, , 4, 8
2021/9/7, 15, 31, , 3, 8
2021/9/8, 14, 41, , 4, 8
2021/9/9, 16, 38, , 4, 8
2021/9/10, 19, 40, , 9, 8
2021/9/11, 22, 32, , 13, 9
2021/9/12, 18, 27, , 4, 7
2021/9/13, 9, 33, , 4, 8
2021/9/14, 16, , , , 
2021/9/20, 13, 32, , 4, 8
2021/9/21, 14, 11, , 3, 8
2021/9/22, 10, , , , 
2021/9/28, 18, 18, , 3, 8
2021/9/29, 16, 37, , 5, 8
2021/9/30, 19, 44, , 4, 8
2021/10/1, 11, , , , 
2021/4/2, 53, 28, , 8, 10
2021/4/3, 26, 37, , 11, 11
2021/4/4, 25, 39, , 10, 11
2021/4/5, 25, 39, , 8, 11
2021/4/6, 36, 38, , 10, 11
2021/4/7, 41, 42, , 27, 13
2021/4/8, 39, 44, , 13, 13
2021/4/9, 50, 42, , 12, 13
2021/4/10, 54, 39, , 10, 13
2021/4/11, 46, 40, , 12, 13
2021/4/12, 52, 41, , 8, 13
2021/4/13, 48, 38, , 11, 13
2021/4/14, 46, 37, , 22, 13
2021/4/15, 56, 41, , 12, 13
2021/4/16, 54, 39, , 9, 13
2021/4/17, 53, 38, , 10, 13
2021/4/18, 55, 34, , 10, 13
2021/4/19, 50, 35, , 11, 14
2021/4/20, 55, 35, , 14, 14
2021/4/21, 53, 42, , 17, 14
2021/4/22, 59, 38, , 11, 13
2021/4/23, 52, 38, , 9, 15
2021/4/24, 67, 33, , 11, 15
2021/4/25, 50, 40, , 11, 13
2021/4/26, 59, 39, , 10, 14
2021/4/27, 55, 38, , 8, 14
2021/4/28, 56, 35, , 10, 14
2021/4/29, 53, 33, , 9, 14
2021/4/30, 51, 32, , 9, 14
2021/5/1, 51, 29, , 10, 13
2021/5/2, 50, , , , 
2021/5/12, 38, 37, , 16, 15
2021/5/13, 30, 27, , 15, 13
2021/5/14, 16, 31, , 10, 14
2021/5/15, 17, 39, , 9, 14
2021/5/16, 22, 38, , 9, 15
2021/5/17, 22, 42, , 8, 15
2021/5/18, 40, 41, , 8, 14
2021/5/19, 35, 36, , 8, 14
2021/5/20, 47, , , , 
2021/5/26, 34, 35, , 2, 12
2021/5/27, 35, 51, , 21, 13
2021/5/28, 34, 42, , 7, 13
2021/5/29, 42, 36, , 3, 13
2021/5/30, 40, 14, , 7, 13
2021/5/31, 31, 63, , 7, 14
2021/6/1, 40, 26, , 5, 
2021/6/2, 27, , , , 
2021/6/7, 22, 54, , , 
2021/6/8, 27, 47, , , 
2021/6/9, 42, 49, , , 
2021/6/10, 37, 39, , , 
2021/6/11, 26, 36, , 14, 
2021/6/12, 33, 34, , 15, 
2021/6/13, 29, 22, , 4, 
2021/6/14, 19, 21, , 6, 
2021/6/15, 15, 38, , 15, 
2021/6/16, 18, 39, , 18, 
2021/6/17, 23, 26, , 20, 
2021/6/18, 19, 30, , 14, 
2021/6/19, 12, 13, , 1, 
2021/6/20, 7, 33, , 1, 
2021/6/21, 12, 32, , , 6
2021/6/22, 21, 41, , 1, 7
2021/6/23, 11, 48, , 1, 6
2021/6/24, 9, 36, , 5, 7
2021/6/25, 30, 21, , 1, 7
2021/6/26, 18, 24, , 1, 6
2021/6/27, 10, 16, , 1, 6
2021/6/28, 11, 15, , 1, 8
2021/6/29, 14, 26, , , 7
2021/6/30, 14, 37, , 2, 7
2021/7/1, 19, 30, , 2, 7
2021/1/5, 71, 39, , 7, 44
2021/1/6, 58, 25, , 11, 44
2021/1/7, 63, 29, , 9, 45
2021/1/8, 65, 31, , 8, 42
2021/1/9, 75, 23, , 6, 40
2021/1/10, 47, 23, , 4, 41
2021/1/11, 35, 25, , 9, 40
2021/1/12, 38, 22, , 13, 42
2021/1/13, 45, 29, , 7, 41
2021/1/14, 43, 20, , 13, 43
2021/1/15, 57, 35, , 12, 48
2021/1/16, 75, 37, , 7, 42
2021/1/17, 59, 26, , 5, 41
2021/1/18, 34, 27, , 7, 41
2021/1/19, 41, 25, , 11, 42
2021/1/20, 48, 31, , 5, 41
2021/1/21, 38, 30, , 4, 42
2021/1/22, 35, 31, , 5, 45
2021/1/23, 47, 32, , 11, 46
2021/1/24, 66, 31, , 8, 44
2021/1/25, 54, 27, , 5, 42
2021/1/26, 41, 28, , 6, 42
2021/1/27, 44, 38, , 25, 42
2021/1/28, 71, 29, , 4, 40
2021/1/29, 36, 34, , 7, 45
2021/1/30, 43, 39, , 10, 49
2021/1/31, 76, 38, , 27, 43
2021/2/1, 60, 27, , 10, 40
2021/2/2, 38, 31, , 15, 42
2021/2/3, 39, 37, , 23, 45
2021/2/4, 54, 42, , 18, 44
2021/2/5, 62, 37, , 16, 45
2021/2/6, 61, 27, , 12, 44
2021/2/7, 47, 38, , 12, 44
2021/2/8, 54, 26, , 10, 48
2021/2/9, 56, 39, , 13, 45
2021/2/10, 57, 31, , 11, 43
2021/2/11, 46, 24, , 10, 41
2021/2/12, 48, 21, , 14, 42
2021/2/13, 58, 34, , 9, 42
2021/2/14, 40, 33, , 9, 42
2021/2/15, 39, 31, , 9, 42
2021/2/16, 40, 31, , 12, 44
2021/2/17, 52, 32, , 10, 21
2021/2/18, 37, 32, , 12, 5
2021/2/19, 45, 28, , 30, 4
2021/2/20, 53, 43, , 15, 11
2021/2/21, 54, 43, , 16, 6
2021/2/22, 60, 55, , 25, 16
2021/2/23, 58, 51, , 18, 7
2021/2/24, 45, 55, , 27, 11
2021/2/25, 49, 36, , 20, 10
2021/2/26, 45, 41, , 17, 11
2021/2/27, 57, 40, , 17, 12
2021/2/28, 62, 41, , 8, 10
2021/3/1, 51, 53, , 11, 11
2021/3/2, 61, 42, , 26, 9
2021/3/3, 58, 44, , 11, 11
2021/3/4, 51, 45, , 11, 10
2021/3/5, 54, 40, , 9, 12
2021/3/6, 56, 38, , 37, 9
2021/3/7, 59, 36, , 9, 10
2021/3/8, 41, 40, , 26, 10
2021/3/9, 50, 42, , 31, 10
2021/3/10, 47, 34, , 16, 10
2021/3/11, 43, 39, , 17, 12
2021/3/12, 51, 42, , 19, 11
2021/3/13, 55, 44, , 11, 11
2021/3/14, 52, 34, , 9, 11
2021/3/15, 52, 34, , 10, 11
2021/3/16, 50, 33, , 9, 10
2021/3/17, 46, 34, , 10, 11
2021/3/18, 40, 40, , 25, 10
2021/3/19, 70, 40, , 20, 10
2021/3/20, 57, 40, , 15, 12
2021/3/21, 49, 36, , 9, 10
2021/3/22, 44, 34, , 12, 11
2021/3/23, 49, 27, , 9, 10
2021/3/24, 50, 27, , 10, 10
2021/3/25, 58, 30, , 9, 11
2021/3/26, 42, 32, , 9, 14
2021/3/27, 49, 41, , 11, 14
2021/3/28, 55, 44, , 17, 12
2021/3/29, 80, 37, , 15, 11
2021/3/30, 52, 44, , 11, 12
2021/3/31, 58, 47, , 15, 11
2021/4/1, 57, 25, , 9, 10
2020/10/2, 33, 26, , 7, 31
2020/10/3, 23, , , , 
2020/10/6, 35, 41, , 6, 31
2020/10/7, 33, 38, , 16, 32
2020/10/8, 28, 38, , 8, 33
2020/10/9, 34, 6, , 7, 34
2020/10/10, 44, , , , 
2020/10/12, 39, 40, , 15, 33
2020/10/13, 44, 33, , 9, 33
2020/10/14, 27, 11, , 11, 32
2020/10/15, 26, 31, , 7, 33
2020/10/16, 27, 14, , 8, 32
2020/10/17, 26, , , , 
2020/10/19, 21, 29, , 10, 33
2020/10/20, 24, 31, , 8, 33
2020/10/21, 24, 35, , 9, 33
2020/10/22, 26, 35, , 15, 34
2020/10/23, 29, , , 18, 36
2020/10/24, 56, , , , 
2020/10/26, 33, 44, , 16, 38
2020/10/27, 54, 39, , 6, 36
2020/10/28, 56, 33, , 6, 35
2020/10/29, 40, 41, , 7, 35
2020/10/30, 43, 24, , 6, 34
2020/10/31, 24, , , , 
2020/11/3, 35, 34, , 6, 33
2020/11/4, 32, 28, , 13, 34
2020/11/5, 25, 29, , 17, 34
2020/11/6, 26, 33, , 13, 36
2020/11/7, 30, 41, , 8, 38
2020/11/8, 44, 36, , 14, 42
2020/11/9, 63, 45, , 10, 39
2020/11/10, 56, 40, , 8, 36
2020/11/11, 42, , , , 
2020/11/13, 70, 48, , 12, 41
2020/11/14, 75, 50, , 7, 39
2020/11/15, 63, 42, , 9, 37
2020/11/16, 61, 23, , 6, 35
2020/11/17, 28, 20, , 13, 35
2020/11/18, 23, 28, , 4, 34
2020/11/19, 33, 29, , 4, 35
2020/11/20, 27, 24, , 3, 35
2020/11/21, 24, 22, , 4, 36
2020/11/22, 22, 25, , 13, 36
2020/11/23, 20, 30, , 8, 37
2020/11/24, 31, 38, , 7, 43
2020/11/25, 58, 49, , 11, 45
2020/11/26, 74, 45, , 14, 43
2020/11/27, 66, 52, , 15, 45
2020/11/28, 77, 48, , 16, 43
2020/11/29, 75, 42, , 5, 39
2020/11/30, 59, 35, , 2, 36
2020/12/1, 45, 30, , 2, 35
2020/12/2, 38, 35, , 5, 37
2020/12/3, 43, 26, , 7, 38
2020/12/4, 47, 19, , 11, 38
2020/12/5, 52, 21, , 5, 37
2020/12/6, 40, 18, , 7, 38
2020/12/7, 40, 20, , 8, 36
2020/12/8, 30, 24, , 5, 36
2020/12/9, 36, 30, , 17, 38
2020/12/10, 37, 31, , 12, 38
2020/12/11, 45, 28, , 7, 39
2020/12/12, 45, 32, , 8, 39
2020/12/13, 57, 24, , 5, 40
2020/12/14, 46, 35, , 3, 38
2020/12/15, 47, 24, , 5, 39
2020/12/16, 46, 24, , 8, 39
2020/12/17, 52, 29, , 6, 39
2020/12/18, 51, 31, , 6, 38
2020/12/19, 49, 32, , 9, 46
2020/12/20, 71, 37, , 4, 40
2020/12/21, 48, 36, , 5, 44
2020/12/22, 54, 33, , 6, 44
2020/12/23, 71, 35, , 7, 41
2020/12/24, 59, 31, , 12, 42
2020/12/25, 64, 13, , 5, 37
2020/12/26, 62, 31, , 4, 40
2020/12/27, 59, 34, , 11, 44
2020/12/28, 67, 29, , 16, 44
2020/12/29, 63, 35, , 7, 40
2020/12/30, 55, 31, , 4, 39
2020/12/31, 53, 26, , 5, 38
2021/1/1, 41, 29, , 9, 41
2021/1/2, 77, 31, , 17, 43
2021/1/3, 53, 35, , 14, 44
2021/1/4, 67, 34, , 18, 46
2020/7/2, 24, 22, 9, 5, 21
2020/7/3, 12, 45, 10, 8, 22
2020/7/4, 34, 44, 9, 9, 22
2020/7/5, 25, 41, 10, 6, 22
2020/7/6, 33, 59, 14, 8, 22
2020/7/7, 23, 37, 9, 7, 22
2020/7/8, 17, 23, 10, 6, 22
2020/7/9, 17, 18, 10, 10, 22
2020/7/10, 13, , , , 
2020/7/13, 17, 52, 14, 8, 24
2020/7/14, 42, 66, 16, 15, 24
2020/7/15, 14, 38, 11, 7, 24
2020/7/16, 43, 48, 11, 10, 25
2020/7/17, 41, 47, 9, 5, 24
2020/7/18, 44, 54, 12, 8, 24
2020/7/19, 36, 40, 9, 3, 25
2020/7/20, 52, 51, 13, 2, 25
2020/7/21, 43, 50, 12, 5, 25
2020/7/22, 37, 40, 13, 4, 25
2020/7/23, 23, 47, 11, 7, 25
2020/7/24, 20, 17, 17, 6, 26
2020/7/25, 21, , , , 
2020/8/4, 24, 43, 14, 6, 27
2020/8/5, 42, 29, 12, 6, 27
2020/8/6, 29, 33, 10, 11, 26
2020/8/7, 30, 6, 13, 11, 26
2020/8/8, 24, , , , 
2020/8/10, 16, 19, 12, 8, 28
2020/8/11, 17, 28, 10, 8, 26
2020/8/12, 22, 9, 15, 7, 27
2020/8/13, 16, 27, 4, 2, 28
2020/8/14, 19, 18, 4, 8, 28
2020/8/15, 33, , , , 
2020/8/17, 21, 32, , 6, 28
2020/8/18, 21, 41, , 4, 28
2020/8/19, 23, 14, , 5, 28
2020/8/20, 18, 44, , 10, 30
2020/8/21, 31, 5, , 5, 30
2020/8/22, 33, , , , 
2020/8/24, 23, 37, , 5, 28
2020/8/25, 26, 23, , 7, 28
2020/8/26, 19, 24, , 21, 28
2020/8/27, 19, 15, , 7, 29
2020/8/28, 19, 8, , 3, 28
2020/8/29, 9, , , , 
2020/8/31, 14, 5, , 4, 29
2020/9/1, 17, 57, , 7, 30
2020/9/2, 23, 54, , 2, 29
2020/9/3, 20, 43, , 12, 29
2020/9/4, 35, 9, , 9, 29
2020/9/5, 35, , , , 
2020/9/7, 19, 39, , 9, 29
2020/9/8, 20, 32, , 10, 30
2020/9/9, 21, 11, , 6, 30
2020/9/10, 38, , , , 
2020/9/15, 26, 29, , 3, 29
2020/9/16, 21, 23, , 2, 31
2020/9/17, 14, 22, , 7, 31
2020/9/18, 20, 21, , 18, 30
2020/9/19, 20, , , , 
2020/9/21, 22, 43, , 14, 31
2020/9/22, 32, 45, , 6, 31
2020/9/23, 23, 39, , 10, 32
2020/9/24, 29, 36, , 12, 32
2020/9/25, 33, 13, , 17, 31
2020/9/26, 32, , , , 
2020/9/29, 33, 28, , 2, 31
2020/9/30, 32, 17, , 5, 30
2020/10/1, 19, 36, , 25, 31
2020/4/2, 39, 45, , 4, 5
2020/4/3, 32, 40, , 7, 6
2020/4/4, 33, 39, , 5, 6
2020/4/5, 30, 20, , 6, 7
2020/4/6, 32, 41, , 7, 7
2020/4/7, 16, 33, , 5, 8
2020/4/8, 22, , , , 
2020/4/14, 24, 51, , 6, 13
2020/4/15, 38, , , , 
2020/4/17, 38, 43, , 3, 14
2020/4/18, 36, , , , 
2020/4/20, 32, 42, , 1, 15
2020/4/21, 29, 48, , 7, 15
2020/4/22, 33, 47, , 4, 15
2020/4/23, 34, 55, , 2, 16
2020/4/24, 36, 54, , 5, 17
2020/4/25, 34, 52, , 6, 18
2020/4/26, 46, 46, , 16, 21
2020/4/27, 44, 51, , 9, 20
2020/4/28, 23, 52, , 6, 20
2020/4/29, 26, 48, , 12, 19
2020/4/30, 33, 50, , 10, 20
2020/5/1, 19, 53, , 10, 25
2020/5/2, 25, 56, , 9, 27
2020/5/3, 33, 61, , 10, 27
2020/5/4, 29, 60, , 10, 27
2020/5/5, 35, 54, , 23, 29
2020/5/6, 24, 41, , 7, 25
2020/5/7, 20, 49, , 5, 26
2020/5/8, 20, 47, , 8, 27
2020/5/9, 20, 59, , 6, 27
2020/5/10, 15, 66, , 10, 27
2020/5/11, 13, 60, , 3, 27
2020/5/12, 26, 60, , 4, 27
2020/5/13, 22, 65, , 5, 29
2020/5/14, 40, 55, , 5, 29
2020/5/15, 35, 46, , 5, 29
2020/5/16, 34, 38, , 5, 30
2020/5/17, 36, 54, , 9, 31
2020/5/18, 36, 63, , 6, 30
2020/5/19, 35, 68, , 5, 32
2020/5/20, 44, 55, , 6, 32
2020/5/21, 45, 37, , 5, 31
2020/5/22, 34, 42, , 5, 31
2020/5/23, 27, 44, , 7, 32
2020/5/24, 37, 50, , 5, 31
2020/5/25, 31, 65, , 5, 31
2020/5/26, 30, 63, , 10, 33
2020/5/27, 38, 66, , 8, 32
2020/5/28, 43, 72, , 14, 33
2020/5/29, 44, 40, , 13, 33
2020/5/30, 45, 35, , 11, 32
2020/5/31, 19, 41, , 8, 32
2020/6/1, 14, 41, , 7, 32
2020/6/2, 23, 38, , 11, 33
2020/6/3, 32, 31, , 16, 34
2020/6/4, 30, 34, , 13, 33
2020/6/5, 23, 39, , 8, 33
2020/6/6, 29, 48, , 11, 34
2020/6/7, 28, 44, , 6, 34
2020/6/8, 22, 46, , 4, 34
2020/6/9, 22, 60, , 11, 34
2020/6/10, 18, 40, , 13, 35
2020/6/11, 21, 29, , 16, 35
2020/6/12, 17, 29, , 6, 34
2020/6/13, 16, 42, , 8, 34
2020/6/14, 27, 47, , 4, 34
2020/6/15, 25, 44, , 7, 34
2020/6/16, 23, 43, 8, 12, 35
2020/6/17, 28, 43, 11, 12, 36
2020/6/18, 27, 44, 11, 8, 37
2020/6/19, 30, 46, 9, 9, 37
2020/6/20, 46, 41, 8, 14, 38
2020/6/21, 19, 45, 8, 7, 38
2020/6/22, 28, 41, 9, 10, 37
2020/6/23, 21, 47, 10, 6, 37
2020/6/24, 16, 31, 14, 11, 38
2020/6/25, 22, 24, 10, 7, 38
2020/6/26, 22, 25, 12, 4, 38
2020/6/27, 21, 49, 14, 7, 38
2020/6/28, 25, , , , 
2020/6/30, 37, 50, 10, 6, 22
2020/7/1, 22, 79, 10, 16, 24
2020/1/10, 81, 32, , 21, 30
2020/1/11, 73, , , , 
2020/1/15, 40, 26, , 16, 24
2020/1/16, 33, 23, , 18, 23
2020/1/17, 25, , , , 
2020/1/20, 28, 21, , 13, 24
2020/1/21, 10, 22, , 11, 25
2020/1/22, 21, 22, , 8, 25
2020/1/23, 30, 6, , 10, 26
2020/1/24, 24, , , , 
2020/1/27, 23, 28, , 10, 26
2020/1/28, 26, 11, , 10, 27
2020/1/29, 33, , , , 
2020/2/6, 12, 24, , 10, 28
2020/2/7, 7, 2, , 13, 32
2020/2/8, 48, , , , 
2020/2/10, 12, 22, , 9, 28
2020/2/11, 20, 31, , 10, 28
2020/2/12, 32, 23, , 10, 27
2020/2/13, 22, 28, , 10, 29
2020/2/14, 32, 13, , 9, 28
2020/2/15, 21, , , , 
2020/2/17, 43, 7, , 10, 30
2020/2/18, 33, 30, , 16, 29
2020/2/19, 41, 36, , 12, 28
2020/2/20, 44, 34, , 13, 28
2020/2/21, 43, 24, , 35, 28
2020/2/22, 32, 34, , 17, 31
2020/2/23, 33, 33, , 8, 31
2020/2/24, 48, 27, , 10, 30
2020/2/25, 30, 24, , 10, 30
2020/2/26, 35, 33, , 19, 29
2020/2/27, 41, 28, , 37, 30
2020/2/28, 36, 34, , 17, 30
2020/2/29, 36, 38, , 13, 32
2020/3/1, 36, 22, , 10, 31
2020/3/2, 33, 27, , 10, 33
2020/3/3, 46, 24, , 10, 32
2020/3/4, 53, 25, , 10, 32
2020/3/5, 26, 28, , 22, 33
2020/3/6, 38, 24, , 30, 33
2020/3/7, 30, 37, , 26, 35
2020/3/8, 33, 31, , 17, 32
2020/3/9, 32, 35, , 14, 32
2020/3/10, 31, 28, , 15, 34
2020/3/11, 29, 53, , 24, 
2020/3/12, 40, 48, , 5, 4
2020/3/13, 38, 14, , 4, 4
2020/3/14, 45, , , , 
2020/3/17, 18, 38, , 3, 10
2020/3/18, 18, , , , 
2020/3/20, 35, 48, , 4, 
2020/3/21, 32, 45, , 10, 
2020/3/22, 41, 40, , 10, 
2020/3/23, 30, 45, , 9, 
2020/3/24, 31, 49, , 6, 
2020/3/25, 36, 50, , 5, 
2020/3/26, 34, 51, , 13, 12
2020/3/27, 42, 39, , 4, 3
2020/3/28, 31, 40, , 5, 5
2020/3/29, 32, 49, , 9, 4
2020/3/30, 43, 48, , 11, 5
2020/3/31, 41, 46, , 12, 5
2020/4/1, 35, 45, , 8, 5
2019/10/2, 19, 30, , 14, 7
2019/10/3, 15, 22, , 20, 7
2019/10/4, 17, 19, , 16, 6
2019/10/5, 18, 13, , 12, 6
2019/10/6, 17, 26, , 22, 6
2019/10/7, 12, 25, , 17, 7
2019/10/8, 19, 25, , 9, 7
2019/10/9, 13, 29, , 9, 8
2019/10/10, 16, 26, , 10, 7
2019/10/11, 19, 12, , 8, 8
2019/10/12, 16, , , , 
2019/10/14, 21, 24, , 9, 8
2019/10/15, 16, 25, , 10, 8
2019/10/16, 18, 15, , 10, 8
2019/10/17, 21, 22, , 8, 8
2019/10/18, 13, 15, , 9, 9
2019/10/19, 10, , , , 
2019/10/21, 10, 20, , 8, 11
2019/10/22, 14, 23, , 11, 10
2019/10/23, 15, 25, , 10, 10
2019/10/24, 12, 28, , 9, 10
2019/10/25, 15, 15, , 10, 11
2019/10/26, 20, 17, , 9, 9
2019/10/27, 6, 24, , 8, 12
2019/10/28, 19, 29, , 7, 12
2019/10/29, 24, 31, , 9, 11
2019/10/30, 25, 24, , 9, 11
2019/10/31, 23, 22, , 10, 11
2019/11/1, 25, 19, , 10, 10
2019/11/2, 10, , , , 
2019/11/4, 18, 28, , 11, 12
2019/11/5, 22, 24, , 9, 12
2019/11/6, 29, 21, , 22, 11
2019/11/7, 19, 25, 9, 17, 12
2019/11/8, 17, 12, , 11, 12
2019/11/9, 13, , , , 
2019/11/13, 35, 18, , 7, 14
2019/11/14, 16, 21, , 9, 15
2019/11/15, 20, 13, , 18, 13
2019/11/16, 14, , , , 
2019/11/19, 27, 20, , 10, 16
2019/11/20, 25, 10, , 11, 16
2019/11/21, 36, 26, , 8, 15
2019/11/22, 31, 10, , 9, 16
2019/11/23, 32, , , , 
2019/11/26, 38, 26, , 9, 17
2019/11/27, 37, 33, , 9, 17
2019/11/28, 50, 26, , 11, 19
2019/11/29, 39, 3, , 8, 18
2019/11/30, 47, , , , 
2019/12/2, 32, 25, , 11, 17
2019/12/3, 32, 31, , 12, 23
2019/12/4, 44, 9, , 11, 22
2019/12/5, 63, 40, , 24, 24
2019/12/6, 57, 5, , 9, 21
2019/12/7, 63, , , , 
2019/12/9, 64, 36, , 7, 22
2019/12/10, 60, 32, , 9, 22
2019/12/11, 45, 20, , 9, 18
2019/12/12, 37, 26, , 11, 25
2019/12/13, 44, 3, , 9, 24
2019/12/14, 56, , , , 
2019/12/16, 43, 26, , 10, 25
2019/12/17, 45, 35, , 11, 26
2019/12/18, 61, 21, , 25, 21
2019/12/19, 36, 27, , 12, 22
2019/12/20, 38, 8, , 10, 20
2019/12/21, 40, , , , 
2019/7/2, 13, 44, , 22, 11
2019/7/3, 23, 43, , 24, 11
2019/7/4, 16, 40, , 26, 13
2019/7/5, 27, 33, , 16, 10
2019/7/6, 18, 31, , 18, 10
2019/7/7, 27, 37, , 8, 9
2019/7/8, 19, 33, , 14, 10
2019/7/9, 23, 43, , 8, 11
2019/7/10, 31, 33, , 5, 10
2019/7/11, 26, 31, , 8, 10
2019/7/12, 21, 35, , 9, 10
2019/7/13, 20, 39, , 9, 11
2019/7/14, 20, 38, , 8, 11
2019/7/15, 24, 36, , 8, 12
2019/7/16, 23, 32, , 7, 12
2019/7/17, 21, 31, , 10, 11
2019/7/18, 20, 28, , 17, 12
2019/7/19, 16, 31, , 11, 12
2019/7/20, 23, 38, , 12, 12
2019/7/21, 22, 36, , 9, 12
2019/7/22, 18, 42, , 12, 12
2019/7/23, 17, 30, , 6, 11
2019/7/24, 18, 25, , 11, 10
2019/7/25, 18, 20, , 17, 13
2019/7/26, 19, 33, , 16, 11
2019/7/27, 18, 28, , 17, 11
2019/7/28, 19, 32, , 23, 11
2019/7/29, 19, 34, , 9, 11
2019/7/30, 19, , , 11, 12
2019/7/31, 18, , , , 
2019/8/6, 27, , , , 
2019/8/9, 15, 39, , 21, 16
2019/8/10, 24, 29, , 13, 15
2019/8/11, 30, 31, , 14, 15
2019/8/12, 14, 30, , 15, 15
2019/8/13, 16, 32, , 10, 15
2019/8/14, 15, 13, , 8, 15
2019/8/15, 11, , , , 
2019/8/20, 24, 29, , 18, 10
2019/8/21, 25, 37, , 11, 10
2019/8/22, 21, 11, , 12, 10
2019/8/23, 23, , , , 
2019/8/30, 33, 18, , 11, 
2019/8/31, 20, 14, , 14, 
2019/9/1, 25, , , , 
2019/9/5, 35, 18, , 7, 
2019/9/6, 16, , , , 
2019/9/8, 22, 27, , 8, 
2019/9/9, 7, 42, , 25, 12
2019/9/10, 28, 18, , 10, 12
2019/9/11, 17, 14, , 12, 6
2019/9/12, 4, , , , 
2019/9/15, 10, 16, , 11, 6
2019/9/16, 17, , , , 
2019/9/18, 16, 18, , 7, 6
2019/9/19, 18, 10, , 9, 6
2019/9/20, 7, 25, , 11, 7
2019/9/21, 32, , , , 
2019/9/24, 18, 11, , 14, 15
2019/9/25, 10, , , , 
2019/9/28, 39, 15, , 13, 11
2019/9/29, 15, 21, , 8, 10
2019/9/30, 10, 16, , 7, 11
2019/10/1, 8, 27, , 14, 8
2019/4/2, 28, 52, , 9, 15
2019/4/3, 28, 50, , 10, 16
2019/4/4, 32, 49, , 11, 16
2019/4/5, 30, 48, , 15, 17
2019/4/6, 32, 45, , 8, 16
2019/4/7, 36, 46, , 9, 17
2019/4/8, 26, 57, , 21, 17
2019/4/9, 31, 55, , 12, 16
2019/4/10, 20, 61, , 13, 17
2019/4/11, 28, 56, , 8, 17
2019/4/12, 27, 55, , 6, 18
2019/4/13, 32, 52, , 7, 17
2019/4/14, 27, 68, , 10, 19
2019/4/15, 33, 73, , 11, 19
2019/4/16, 30, 66, , 8, 19
2019/4/17, 33, 40, , 8, 19
2019/4/18, 25, 47, , 8, 19
2019/4/19, 21, 47, , 16, 19
2019/4/20, 30, 54, , 8, 19
2019/4/21, 19, 49, , 9, 20
2019/4/22, 29, 47, , 7, 20
2019/4/23, 25, 54, , 7, 20
2019/4/24, 28, 47, , 9, 21
2019/4/25, 32, 29, , 9, 20
2019/4/26, 28, , , , 
2019/4/29, 32, 23, , 8, 22
2019/4/30, 31, 15, , 13, 26
2019/5/1, 44, 61, , 10, 22
2019/5/2, 33, 29, , 9, 22
2019/5/3, 30, , , , 
2019/5/6, 26, 8, , 12, 25
2019/5/7, 35, 56, , 12, 23
2019/5/8, 41, 59, , 7, 24
2019/5/9, 44, 57, , 9, 25
2019/5/10, 47, 40, , 9, 26
2019/5/11, 45, 44, , 8, 24
2019/5/12, 28, 38, , 9, 25
2019/5/13, 36, 43, , 9, 25
2019/5/14, 34, 43, , 9, 26
2019/5/15, 41, 54, , 12, 26
2019/5/16, 45, 57, , 13, 25
2019/5/17, 40, 47, , 6, 26
2019/5/18, 42, 48, , 7, 26
2019/5/19, 37, 53, , 7, 25
2019/5/20, 32, 58, , 9, 26
2019/5/21, 34, 59, , 9, 26
2019/5/22, 47, 73, , 7, 27
2019/5/23, 50, 101, , 27, 29
2019/5/24, 48, 59, , 25, 27
2019/5/25, 41, 51, , 19, 27
2019/5/26, 37, 57, , 21, 27
2019/5/27, 27, 67, , 12, 28
2019/5/28, 32, 63, , 9, 28
2019/5/29, 34, 67, , 9, 28
2019/5/30, 38, 66, , 10, 29
2019/5/31, 38, 48, , 13, 28
2019/6/1, 30, 36, , 22, 27
2019/6/2, 19, 25, , 24, 28
2019/6/3, 18, 22, , 25, 19
2019/6/4, 34, 36, , 19, 11
2019/6/5, 18, 32, , 10, 12
2019/6/6, 13, 44, , 8, 13
2019/6/7, 18, 61, , 10, 11
2019/6/8, 18, 67, , 14, 10
2019/6/9, 23, 52, , 17, 9
2019/6/10, 17, 36, , 11, 9
2019/6/11, 21, , , 26, 9
2019/6/12, 8, , , 8, 11
2019/6/13, 12, , , , 
2019/6/17, 28, , , 12, 12
2019/6/18, 22, , , 16, 13
2019/6/19, 25, 29, , 8, 11
2019/6/20, 13, , , , 
2019/6/25, 19, 21, , 9, 9
2019/6/26, 10, 27, , 12, 10
2019/6/27, 19, 27, , 18, 9
2019/6/28, 35, 27, , 23, 9
2019/6/29, 23, 32, , 19, 10
2019/6/30, 16, 31, , 16, 10
2019/7/1, 14, 37, , 7, 10
2019/1/2, 90, 30, , 6, 21
2019/1/3, 27, 32, , 9, 23
2019/1/4, 31, 61, , 18, 27
2019/1/5, 49, 53, , 11, 25
2019/1/6, 38, 55, , 12, 26
2019/1/7, 33, 43, , 18, 24
2019/1/8, 32, 41, , 14, 23
2019/1/9, 19, 34, , 22, 23
2019/1/10, 23, 41, , 17, 25
2019/1/11, 22, 42, , 14, 28
2019/1/12, 38, 16, , 10, 28
2019/1/13, 23, 33, , 10, 25
2019/1/14, 13, 27, , 18, 26
2019/1/15, 13, 28, , 11, 28
2019/1/16, 16, 34, , 9, 30
2019/1/17, 24, 38, , 7, 28
2019/1/18, 19, 31, , 11, 29
2019/1/19, 20, 41, , 11, 31
2019/1/20, 27, 31, , 7, 28
2019/1/21, 14, 41, , 14, 32
2019/1/22, 20, 62, , 9, 33
2019/1/23, 42, 38, , 8, 33
2019/1/24, 27, 37, , 8, 34
2019/1/25, 29, 31, , 11, 34
2019/1/26, 29, 25, , 7, 33
2019/1/27, 26, 31, , 8, 33
2019/1/28, 16, 35, , 6, 34
2019/1/29, 21, 42, , 8, 
2019/1/30, 30, 36, , 8, 
2019/1/31, 28, 31, , 10, 
2019/2/1, 26, 27, , 8, 
2019/2/2, 24, 33, , 10, 
2019/2/3, 30, 37, , 8, 
2019/2/4, 26, 40, , 10, 
2019/2/5, 27, 46, , 17, 
2019/2/6, 40, 55, , 12, 
2019/2/7, 41, 38, , 16, 
2019/2/8, 35, 30, , 40, 
2019/2/9, 38, 28, , 28, 
2019/2/10, 18, 36, , 10, 
2019/2/11, 21, 34, , 7, 
2019/2/12, 29, 39, , 13, 
2019/2/13, 29, 39, , 7, 
2019/2/14, 19, 33, , 7, 
2019/2/15, 30, 46, , 14, 
2019/2/16, 32, 42, , 7, 
2019/2/17, 27, 30, , 11, 
2019/2/18, 28, 36, , 11, 
2019/2/19, 25, 25, , 8, 2
2019/2/20, 25, 27, , 11, 4
2019/2/21, 22, 19, , 10, 4
2019/2/22, 24, 22, , 9, 5
2019/2/23, 20, 21, , 8, 5
2019/2/24, 15, 35, , 12, 7
2019/2/25, 27, 30, , 7, 6
2019/2/26, 17, 38, , 12, 7
2019/2/27, 26, 48, , 17, 9
2019/2/28, 34, 40, , 8, 7
2019/3/1, 28, , , , 
2019/3/4, 24, 44, , 12, 8
2019/3/5, 39, 49, , 14, 9
2019/3/6, 31, 45, , 7, 8
2019/3/7, 21, 49, , 12, 9
2019/3/8, 35, 45, , 8, 10
2019/3/9, 32, 41, , 7, 10
2019/3/10, 26, 40, , 9, 11
2019/3/11, 28, 59, , 9, 10
2019/3/12, 36, 44, , 9, 10
2019/3/13, 37, 34, , 7, 10
2019/3/14, 23, 41, , 10, 11
2019/3/15, 27, 45, , 10, 11
2019/3/16, 32, 39, , 10, 11
2019/3/17, 23, 41, , 13, 12
2019/3/18, 21, 30, , 11, 11
2019/3/19, 15, 9, , 13, 11
2019/3/20, 24, , , , 
2018/10/2, 18, 16, , 29, 
2018/10/3, 14, 19, , 22, 
2018/10/4, 13, 18, , 23, 
2018/10/5, 13, 24, , 36, 
2018/10/6, 19, 19, , 22, 
2018/10/7, 15, 20, , 11, 
2018/10/8, 18, 19, , 5, 
2018/10/9, 11, 19, , 4, 
2018/10/10, 13, 23, , 7, 
2018/10/11, 21, 24, , 11, 
2018/10/12, 18, 23, 14, 17, 
2018/10/13, 21, 26, 14, 16, 
2018/10/14, 27, 18, 8, 12, 
2018/10/15, 12, 14, 10, 15, 
2018/10/16, 14, 19, 11, 13, 
2018/10/17, 15, 12, 9, 43, 
2018/10/18, 17, 11, 8, 27, 
2018/10/19, 12, 9, 8, 53, 
2018/10/20, 16, , , , 
2018/11/8, 45, 30, , 12, 
2018/11/9, 37, 30, , 25, 
2018/11/10, 36, 21, , 30, 
2018/11/11, 21, 24, , 4, 
2018/11/12, 17, 22, , 7, 
2018/11/13, 18, 18, , 21, 
2018/11/14, 20, 18, , 36, 
2018/11/15, 16, 13, , 8, 
2018/11/16, 13, , , , 
2018/11/20, 25, 27, , 20, 
2018/11/21, 30, 16, , 13, 
2018/11/22, 29, 53, , 11, 
2018/11/23, 39, 35, , 11, 
2018/11/24, 37, 35, , 13, 
2018/11/25, 33, 27, , 10, 
2018/11/26, 23, 31, , 14, 
2018/11/27, 27, 27, , 7, 
2018/11/28, 24, 16, , 9, 
2018/11/29, 20, 16, , 8, 4
2018/11/30, 6, 21, , 14, 7
2018/12/1, 23, 25, , 6, 6
2018/12/2, 19, 17, , 7, 13
2018/12/3, 37, 38, , 17, 8
2018/12/4, 35, 43, , 15, 6
2018/12/5, 32, 25, , 33, 4
2018/12/6, 20, 33, , 21, 7
2018/12/7, 23, 30, , 9, 6
2018/12/8, 24, 24, , 8, 7
2018/12/9, 23, 31, , 12, 9
2018/12/10, 29, 20, , 24, 6
2018/12/11, 19, 28, , 20, 9
2018/12/12, 24, 29, , 11, 9
2018/12/13, 34, 21, , 8, 8
2018/12/14, 21, 29, , 17, 12
2018/12/15, 29, 36, , 17, 11
2018/12/16, 25, 43, , 16, 14
2018/12/17, 31, 40, , 12, 14
2018/12/18, 34, 29, , 11, 15
2018/12/19, 43, 29, , 7, 12
2018/12/20, 27, 37, , 24, 14
2018/12/21, 40, 45, , 25, 18
2018/12/22, 46, 50, , 18, 25
2018/12/23, 61, 40, , 20, 18
2018/12/24, 47, 43, , 13, 21
2018/12/25, 34, 51, , 14, 25
2018/12/26, 85, 37, , 7, 19
2018/12/27, 41, 25, , 9, 18
2018/12/28, 30, 32, , 13, 20
2018/12/29, 35, 36, , 12, 21
2018/12/30, 43, 30, , 7, 20
2018/12/31, 34, , , , 
2018/7/2, 42, 21, 5, 5, 
2018/7/3, 31, 26, 4, 3, 
2018/7/4, 26, 24, 7, 4, 
2018/7/5, 20, 18, 5, 3, 
2018/7/6, 32, 15, 5, 7, 
2018/7/7, 20, 17, 4, 3, 
2018/7/8, 23, 18, 3, 1, 
2018/7/9, 28, 22, 5, 4, 
2018/7/10, 17, 15, 6, 5, 
2018/7/11, 21, 22, 5, 4, 
2018/7/12, 18, 22, 5, 5, 
2018/7/13, 21, 20, 6, 5, 
2018/7/14, 40, 20, 5, 6, 
2018/7/15, 19, 19, 4, 5, 
2018/7/16, 24, 21, 5, 4, 
2018/7/17, 37, 27, 7, 5, 
2018/7/18, 34, 23, 10, 4, 
2018/7/19, 23, 27, 10, 4, 
2018/7/20, 20, 31, 10, 9, 
2018/7/21, 30, 23, 14, 11, 
2018/7/22, 29, 25, 5, 6, 
2018/7/23, 20, 28, 9, 9, 
2018/7/24, 28, 30, 12, 7, 
2018/7/25, 30, 23, 15, 8, 
2018/7/26, 24, 26, 12, 8, 
2018/7/27, 34, 30, 9, 7, 
2018/7/28, 29, 27, , 9, 
2018/7/29, 19, , , , 
2018/7/31, 30, 23, 7, 9, 
2018/8/1, 17, 19, 6, 10, 
2018/8/2, 24, 18, 6, 8, 
2018/8/3, 19, 19, 6, 6, 
2018/8/4, 17, 16, 6, 6, 
2018/8/5, 14, 11, 3, 4, 
2018/8/6, 12, 14, 4, 16, 
2018/8/7, 19, 14, 7, 8, 
2018/8/8, 13, 21, 10, 8, 
2018/8/9, 21, 21, 9, 6, 
2018/8/10, 19, 24, 11, 8, 
2018/8/11, 19, 26, 9, 6, 
2018/8/12, 18, 22, 6, 9, 
2018/8/13, 10, 21, 4, 4, 
2018/8/14, 7, 22, 11, 7, 
2018/8/15, 17, 31, 9, 7, 
2018/8/16, 25, 25, 8, 9, 
2018/8/17, 18, 23, 11, 9, 
2018/8/18, 18, 23, 9, 10, 
2018/8/19, 18, 26, 11, 6, 
2018/8/20, 20, 27, 13, 6, 
2018/8/21, 23, 21, 7, 6, 
2018/8/22, 15, 19, 8, 6, 
2018/8/23, 13, 18, 6, 6, 
2018/8/24, 8, 22, 8, 9, 
2018/8/25, 19, 25, 11, 9, 
2018/8/26, 16, 22, 6, 9, 
2018/8/27, 14, 26, 8, 11, 
2018/8/28, 14, 21, 6, 8, 
2018/8/29, 14, 7, 10, 16, 
2018/8/30, 9, 20, 10, 12, 
2018/8/31, 17, 25, 6, 9, 
2018/9/1, 14, 13, 8, 13, 
2018/9/2, 8, 25, 6, 4, 
2018/9/3, 21, 23, 8, 5, 
2018/9/4, 14, 11, 15, 7, 
2018/9/5, 23, 10, 11, 13, 
2018/9/6, 19, 9, 10, 12, 
2018/9/7, 14, 14, 12, 11, 
2018/9/8, 17, 9, 7, 6, 
2018/9/9, 10, , , , 
2018/9/11, 7, 11, 6, 15, 
2018/9/12, 14, 9, 7, 10, 
2018/9/13, 11, , , , 
2018/9/17, 21, , , , 
2018/9/19, 23, 28, 6, 8, 
2018/9/20, 19, 28, 9, 22, 
2018/9/21, 24, 26, 5, 17, 
2018/9/22, 21, 24, , 23, 
2018/9/23, 15, 19, , 18, 
2018/9/24, 16, 17, , 28, 
2018/9/25, 14, 22, , 26, 
2018/9/26, 18, 21, , 26, 
2018/9/27, 17, 21, , 12, 
2018/9/28, 15, 18, , 27, 
2018/9/29, 16, 17, , 32, 
2018/9/30, 17, 18, , 27, 
2018/10/1, 11, 16, , 44, 
2018/4/2, 39, 18, 9, 5, 
2018/4/3, 38, 21, 7, 4, 
2018/4/4, 36, 22, 12, 14, 
2018/4/5, 57, 20, 6, 13, 
2018/4/6, 38, 17, 9, 7, 
2018/4/7, 44, 7, 12, 6, 
2018/4/8, 55, 21, 10, 5, 
2018/4/9, 46, 21, 6, 5, 
2018/4/10, 40, 20, 14, 29, 
2018/4/11, 58, 23, 8, 19, 
2018/4/12, 27, 26, 7, 4, 
2018/4/13, 26, 21, 9, 3, 
2018/4/14, 38, 15, 12, 5, 
2018/4/15, 42, 20, 8, 23, 
2018/4/16, 55, 18, 8, 22, 
2018/4/17, 51, 15, 9, 6, 
2018/4/18, 49, 20, 9, , 
2018/4/19, 40, 25, 9, , 
2018/4/20, 46, 24, 7, , 
2018/4/21, 43, 23, 7, , 
2018/4/22, 46, 21, 6, , 
2018/4/23, 43, 24, 6, , 
2018/4/24, 45, 25, 6, , 
2018/4/25, 44, 25, 7, 4, 
2018/4/26, 58, 17, 8, 14, 
2018/4/27, 38, 24, 9, 10, 
2018/4/28, 55, 26, 6, 9, 
2018/4/29, 41, 24, 6, 9, 
2018/4/30, 34, 24, 9, 9, 
2018/5/1, 49, 20, 5, 10, 
2018/5/2, 57, 23, 6, 12, 
2018/5/3, 34, 23, 5, 5, 
2018/5/4, 36, 32, 10, 21, 
2018/5/5, 32, 22, 5, 22, 
2018/5/6, 27, 21, , 29, 
2018/5/7, 16, 17, , 8, 
2018/5/8, 15, 22, , 13, 
2018/5/9, 23, 23, , 12, 
2018/5/10, 30, 30, , 11, 
2018/5/11, 28, 31, , 6, 
2018/5/12, 30, 31, , 7, 
2018/5/13, 36, 30, , 12, 
2018/5/14, 34, 24, , 35, 
2018/5/15, 40, 30, 10, 17, 
2018/5/16, 36, 26, 7, 16, 
2018/5/17, 32, 28, 8, 13, 
2018/5/18, 44, 29, 11, 10, 
2018/5/19, 53, 28, 8, 4, 
2018/5/20, 48, 27, 8, 3, 
2018/5/21, 43, 31, 10, 16, 
2018/5/22, 52, 32, 10, 15, 
2018/5/23, 41, 24, 7, 7, 
2018/5/24, 41, 28, 7, 17, 
2018/5/25, 37, 24, 6, 26, 
2018/5/26, 33, 27, 6, 18, 
2018/5/27, 27, 31, 7, 14, 
2018/5/28, 31, 30, 11, 15, 
2018/5/29, 38, 29, 6, 10, 
2018/5/30, 48, 31, 12, 18, 
2018/5/31, 44, 5, 22, 15, 
2018/6/1, 48, , , , 
2018/6/4, 34, 22, 4, 17, 
2018/6/5, 25, 29, 6, 9, 
2018/6/6, 28, 30, 10, 22, 
2018/6/7, 40, 24, 7, 26, 
2018/6/8, 35, 21, 7, 29, 
2018/6/9, 36, 17, 6, 31, 
2018/6/10, 46, 24, 4, 26, 
2018/6/11, 22, 19, 8, 15, 
2018/6/12, 24, 22, 7, 23, 
2018/6/13, 22, 14, 6, 16, 
2018/6/14, 22, 15, 7, 8, 
2018/6/15, 21, 16, 9, 4, 
2018/6/16, 19, 24, 12, 3, 
2018/6/17, 20, 22, 5, 1, 
2018/6/18, 12, 22, 5, 4, 
2018/6/19, 7, 18, 3, 3, 
2018/6/20, 6, 14, 2, 3, 
2018/6/21, 6, 19, 3, 4, 
2018/6/22, 10, 24, 4, 4, 
2018/6/23, 12, , , , 
2018/6/25, 17, 17, 5, 3, 
2018/6/26, 12, 19, 5, 5, 
2018/6/27, 14, 26, 4, 5, 
2018/6/28, 14, 21, 6, 6, 
2018/6/29, 16, 16, 6, 6, 
2018/6/30, 13, , , , 
2018/1/5, 96, 21, 7, 20, 
2018/1/6, 72, 21, 6, 15, 
2018/1/7, 49, 23, 5, 18, 
2018/1/8, 44, 24, 8, 19, 
2018/1/9, 66, 23, 10, 13, 
2018/1/10, 55, 22, 18, 11, 
2018/1/11, 70, 16, 15, 10, 
2018/1/12, 47, , , , 
2018/1/15, 32, 15, 11, 10, 
2018/1/16, 42, 15, 13, 9, 
2018/1/17, 48, 13, 10, 17, 
2018/1/18, 35, 14, 9, 10, 
2018/1/19, 34, 14, 16, 11, 
2018/1/20, 52, 14, 18, 10, 
2018/1/21, 53, 13, 14, 14, 
2018/1/22, 57, 15, 18, 21, 
2018/1/23, 62, 14, 11, 8, 
2018/1/24, 48, 11, 8, 9, 
2018/1/25, 47, 8, 10, 24, 
2018/1/26, 23, 13, 9, 13, 
2018/1/27, 30, 14, 10, 7, 
2018/1/28, 37, 7, 5, 15, 
2018/1/29, 20, 7, 4, 30, 
2018/1/30, 28, 13, 4, 16, 
2018/1/31, 31, 11, 12, 24, 
2018/2/1, 35, 14, 17, 27, 
2018/2/2, 52, 12, 11, 15, 
2018/2/3, 46, 14, 14, 22, 
2018/2/4, 52, 14, 18, 25, 
2018/2/5, 62, 18, 12, 9, 
2018/2/6, 50, 14, 15, 12, 
2018/2/7, 44, 15, 16, 29, 
2018/2/8, 55, 8, 6, 22, 
2018/2/9, 35, 4, 10, 14, 
2018/2/10, 21, 9, 10, 10, 
2018/2/11, 19, 9, 11, 8, 
2018/2/12, 23, 13, 12, 11, 
2018/2/13, 37, 11, 6, 19, 
2018/2/14, 25, 16, 7, 30, 
2018/2/15, 28, 21, 8, 16, 
2018/2/16, 30, 22, 15, 14, 
2018/2/17, 37, 2, 19, 11, 
2018/2/18, 43, 20, 7, 6, 
2018/2/19, 41, 17, 6, 8, 
2018/2/20, 31, 17, 8, 7, 
2018/2/21, 32, 16, 14, 23, 
2018/2/22, 46, 21, 14, 16, 
2018/2/23, 51, 22, 10, 13, 
2018/2/24, 42, 18, 8, 4, 
2018/2/25, 36, 17, 8, 7, 
2018/2/26, 38, 17, 15, 11, 
2018/2/27, 46, 23, 8, 12, 
2018/2/28, 44, 20, 8, 9, 
2018/3/1, 41, 22, 11, 11, 
2018/3/2, 47, 22, 7, 33, 
2018/3/3, 54, 25, 9, 28, 
2018/3/4, 46, 22, 10, 13, 
2018/3/5, 43, 22, 12, 8, 
2018/3/6, 46, 23, 13, 12, 
2018/3/7, 48, 22, 9, 15, 
2018/3/8, 52, 19, 7, 12, 
2018/3/9, 31, 20, 11, 11, 
2018/3/10, 47, 24, 10, 17, 
2018/3/11, 38, 26, 15, 13, 
2018/3/12, 51, 22, 6, 16, 
2018/3/13, 50, 20, 6, 7, 
2018/3/14, 36, 18, 7, 11, 
2018/3/15, 38, 17, 11, 10, 
2018/3/16, 56, 19, 13, 20, 
2018/3/17, 49, 17, 12, 20, 
2018/3/18, 43, 12, 12, 7, 
2018/3/19, 43, 12, 11, 17, 
2018/3/20, 38, 16, 16, 12, 
2018/3/21, 53, 17, 10, 7, 
2018/3/22, 46, 16, 8, 14, 
2018/3/23, 42, 17, 11, 11, 
2018/3/24, 33, 19, 12, 17, 
2018/3/25, 40, 18, 12, 14, 
2018/3/26, 45, 15, 12, 11, 
2018/3/27, 42, 11, 6, 12, 
2018/3/28, 42, 11, 7, 9, 
2018/3/29, 38, 14, 9, 5, 
2018/3/30, 43, 10, 6, 10, 
2018/3/31, 43, 16, 9, 11, 
2018/4/1, 30, 17, 10, 15, 
2017/10/2, 11, 13, 4, 20, 18
2017/10/3, 17, 13, 5, 18, 17
2017/10/4, 19, 9, 4, 17, 17
2017/10/5, 17, 11, 4, 23, 
2017/10/6, 16, 12, 6, 14, 
2017/10/7, 19, 22, 8, 8, 
2017/10/8, 28, 17, 5, 6, 
2017/10/9, 18, 18, 7, 9, 
2017/10/10, 23, 14, 9, 21, 
2017/10/11, 28, 16, 6, 39, 
2017/10/12, 21, 21, 5, 37, 
2017/10/13, 23, 18, 5, 33, 
2017/10/14, 18, 22, 6, 17, 
2017/10/15, 19, 18, 4, 23, 
2017/10/16, 17, 15, 4, 27, 
2017/10/17, 19, 22, 6, 23, 
2017/10/18, 20, 24, 7, 24, 
2017/10/19, 22, 29, 11, 20, 
2017/10/20, 36, 5, 13, 18, 
2017/10/21, 30, , , , 
2017/10/25, 30, 21, 6, 20, 
2017/10/26, 30, 33, 15, 15, 
2017/10/27, 34, 36, 16, 18, 
2017/10/28, 54, 34, 7, 7, 
2017/10/29, 32, 30, 11, 8, 
2017/10/30, 40, 23, 10, 9, 
2017/10/31, 38, 20, 11, 10, 
2017/11/1, 36, 6, 17, 11, 
2017/11/2, 69, 32, 12, 19, 
2017/11/3, 38, 23, 11, 23, 
2017/11/4, 36, 21, 11, 19, 
2017/11/5, 35, 23, 7, 27, 
2017/11/6, 28, 29, 14, 16, 
2017/11/7, 41, 25, 13, 19, 
2017/11/8, 38, 24, 12, 24, 
2017/11/9, 31, 21, 11, 34, 
2017/11/10, 45, 21, 7, 22, 
2017/11/11, 31, 19, 6, 43, 
2017/11/12, 25, 19, 3, 27, 
2017/11/13, 21, 18, 5, 27, 
2017/11/14, 30, 20, 6, 29, 
2017/11/15, 26, 18, 10, 32, 
2017/11/16, 28, 20, 10, 14, 
2017/11/17, 31, 19, 12, 17, 
2017/11/18, 32, 29, 16, 17, 
2017/11/19, 54, 3, 17, 54, 
2017/11/20, 49, , , , 
2017/11/23, 47, 25, 14, 29, 
2017/11/24, 48, 27, 23, 10, 
2017/11/25, 64, 32, 26, 15, 
2017/11/26, 82, 20, 16, 16, 
2017/11/27, 48, 20, 10, 36, 
2017/11/28, 33, 26, 20, 32, 
2017/11/29, 56, 22, 14, 21, 
2017/11/30, 49, 19, 11, 19, 
2017/12/1, 35, 22, 13, 12, 
2017/12/2, 36, 20, 14, 28, 
2017/12/3, 48, 15, 27, 19, 
2017/12/4, 63, 9, 30, 15, 
2017/12/5, 79, 30, 31, 24, 
2017/12/6, 93, 25, 21, 10, 
2017/12/7, 67, 21, 19, 17, 
2017/12/8, 70, 15, 12, 12, 
2017/12/9, 54, 21, 8, 20, 
2017/12/10, 30, 20, 6, 23, 
2017/12/11, 27, 21, 18, 9, 
2017/12/12, 43, 20, 12, 12, 
2017/12/13, 39, 23, 22, 10, 
2017/12/14, 64, 27, 36, 17, 
2017/12/15, 111, 23, 22, 21, 
2017/12/16, 76, 13, 14, 9, 
2017/12/17, 60, 16, 17, 8, 
2017/12/18, 57, 19, 18, 10, 
2017/12/19, 70, 23, 23, 10, 
2017/12/20, 72, 28, 17, 7, 
2017/12/21, 58, , , , 
2017/7/2, 35, 22, 5, 15, 8
2017/7/3, 95, 26, 7, 15, 8
2017/7/4, 69, 28, 8, 14, 9
2017/7/7, 23, 19, 7, 28, 8
2017/7/8, 27, 14, 6, 18, 9
2017/7/9, 30, 15, 6, 27, 9
2017/7/10, 15, 18, 6, 8, 9
2017/7/11, 21, 17, 9, 11, 10
2017/7/13, 17, 25, 12, 11, 10
2017/7/14, 22, 26, 9, 16, 9
2017/7/15, 34, 5, 9, 19, 8
2017/7/16, 38, 22, 7, 18, 8
2017/7/17, 31, 35, 12, 21, 10
2017/7/18, 34, 36, 11, 12, 9
2017/7/19, 29, 26, 9, 24, 10
2017/7/20, 26, 46, 7, 19, 15
2017/7/21, 35, 23, 8, 13, 10
2017/7/22, 20, 21, 11, 16, 11
2017/7/23, 27, 24, 9, 19, 12
2017/7/24, 29, 25, 12, 14, 10
2017/7/25, 29, 23, 9, 12, 11
2017/7/26, 27, 22, 11, 12, 12
2017/7/27, 22, 22, 11, 19, 12
2017/7/28, 21, 27, 9, 16, 11
2017/7/29, 31, 32, 6, 9, 11
2017/7/30, 14, 29, 7, 10, 11
2017/7/31, 30, 23, 11, 22, 11
2017/8/1, 25, 27, 7, 35, 12
2017/8/2, 25, 32, 8, 14, 11
2017/8/3, 33, 34, 8, 16, 11
2017/8/4, 31, 31, 9, 17, 12
2017/8/5, 23, 38, 9, 14, 12
2017/8/6, 27, 30, 11, 14, 12
2017/8/7, 28, 49, 10, 24, 14
2017/8/8, 30, 28, 7, 17, 12
2017/8/9, 22, 18, 7, 25, 11
2017/8/10, 29, 12, 5, 44, 16
2017/8/11, 19, 24, 7, 14, 12
2017/8/12, 22, 27, 6, 23, 11
2017/8/13, 18, 32, 6, 11, 11
2017/8/14, 22, 32, 5, 11, 12
2017/8/15, 14, 36, 5, 9, 11
2017/8/16, 25, 28, 8, 15, 11
2017/8/17, 30, 24, 9, 15, 12
2017/8/18, 21, 30, 8, 16, 12
2017/8/19, 19, 27, 9, 28, 14
2017/8/20, 27, 29, 4, 25, 12
2017/8/21, 19, 23, 5, 37, 13
2017/8/22, 26, 23, 6, 20, 13
2017/8/23, 21, 22, 8, 27, 14
2017/8/24, 24, 26, 7, 30, 13
2017/8/25, 24, 34, 6, 9, 13
2017/8/26, 30, 39, 7, 16, 14
2017/8/27, 31, 26, 5, 19, 14
2017/8/28, 22, 27, 5, 16, 14
2017/8/29, 22, 20, 6, 19, 14
2017/8/30, 23, 15, 8, 8, 15
2017/8/31, 14, 15, 8, 16, 16
2017/9/1, 11, 19, 8, 24, 16
2017/9/2, 23, 18, 5, 32, 14
2017/9/3, 22, 18, 3, 22, 14
2017/9/4, 13, 23, 5, 15, 14
2017/9/5, 15, 21, 5, 24, 15
2017/9/6, 12, , , , 
2017/9/11, 1, 26, 6, 23, 15
2017/9/12, 16, 27, 11, 16, 16
2017/9/13, 30, 38, 14, 13, 17
2017/9/14, 37, 27, 14, 33, 19
2017/9/15, 55, 39, 15, 13, 19
2017/9/16, 53, 36, 11, 19, 18
2017/9/17, 43, 26, 4, 11, 16
2017/9/18, 28, 25, 7, 9, 16
2017/9/19, 22, 20, 7, 10, 16
2017/9/20, 26, 16, 7, 19, 16
2017/9/21, 24, 15, 5, 18, 16
2017/9/22, 25, 16, 7, 17, 17
2017/9/23, 22, 11, 5, 8, 17
2017/9/24, 14, 11, 5, 8, 17
2017/9/25, 14, 12, 4, 7, 17
2017/9/26, 15, 16, 6, 36, 17
2017/9/27, 13, , , , 
2017/9/29, 25, 9, 5, 15, 17
2017/9/30, 15, 11, 4, 16, 17
2017/10/1, 15, 11, 4, 13, 17
2017/4/2, 40, 20, 6, 8, 
2017/4/3, 40, 22, 8, 9, 
2017/4/4, 46, 20, 10, 12, 
2017/4/5, 49, 61, 11, 25, 
2017/4/6, 60, 33, 7, 8, 
2017/4/7, 57, 35, 9, 14, 
2017/4/8, 54, 31, 9, 9, 
2017/4/9, 50, 27, 8, 10, 
2017/4/10, 46, 23, 10, 9, 
2017/4/11, 44, 27, 10, 16, 
2017/4/12, 50, 31, 7, 22, 
2017/4/13, 49, 30, 4, 23, 
2017/4/14, 40, 32, 4, 16, 
2017/4/15, 38, 33, 5, 30, 
2017/4/16, 41, 30, 5, 20, 
2017/4/17, 42, 31, 8, 10, 
2017/4/18, 44, 30, 9, 25, 
2017/4/19, 44, 35, 8, 25, 
2017/4/20, 38, 34, 10, 18, 
2017/4/21, 38, 35, 7, 29, 
2017/4/22, 49, 35, 16, 20, 
2017/4/23, 56, 27, 4, 21, 
2017/4/24, 37, 33, 10, 12, 
2017/4/25, 48, 35, 5, 9, 
2017/4/26, 55, 39, 7, 9, 
2017/4/27, 44, 36, 14, 15, 
2017/4/28, 64, 28, 10, 10, 
2017/4/29, 57, 43, 16, 8, 
2017/4/30, 63, 32, 12, 16, 
2017/5/1, 58, 30, 13, 14, 
2017/5/2, 60, 34, 12, 15, 
2017/5/3, 77, 29, 7, 11, 
2017/5/4, 70, 29, 9, 19, 
2017/5/5, 61, 28, 8, 30, 
2017/5/6, 43, 31, 10, 10, 
2017/5/7, 55, 30, 8, 9, 
2017/5/8, 50, 30, 9, 11, 
2017/5/9, 55, 31, 12, 17, 
2017/5/10, 54, 39, 10, 21, 
2017/5/11, 65, 35, 11, 14, 
2017/5/12, 52, 37, 12, 19, 
2017/5/13, 62, 33, 5, 18, 
2017/5/14, 48, 31, 6, 10, 
2017/5/15, 46, 34, 10, 11, 
2017/5/16, 58, 33, 7, 10, 
2017/5/17, 59, 40, 10, 12, 
2017/5/18, 64, 34, 7, 10, 
2017/5/19, 59, 35, 10, 10, 
2017/5/20, 68, 35, 16, 12, 
2017/5/21, 75, 38, 8, 14, 
2017/5/22, 64, 34, 10, 13, 
2017/5/23, 56, 34, 5, 10, 
2017/5/24, 59, 36, 9, 12, 
2017/5/25, 67, 33, 5, 13, 
2017/5/26, 55, 41, 6, 13, 
2017/5/27, 67, 38, 8, 14, 
2017/5/28, 43, 34, 8, 21, 
2017/5/29, 50, 32, 11, 30, 
2017/5/30, 46, 207, 92, 83, 11
2017/5/31, 24, 22, 6, 30, 9
2017/6/1, 28, 22, 5, 23, 6
2017/6/2, 27, 26, 6, 25, 5
2017/6/3, 36, 44, 11, 13, 
2017/6/4, 41, 42, 8, 20, 
2017/6/5, 65, 38, 7, 11, 
2017/6/6, 108, 27, 8, 16, 
2017/6/7, 49, 23, 7, 11, 
2017/6/8, 38, 24, 8, 16, 6
2017/6/9, 32, 27, 10, 16, 6
2017/6/10, 37, 25, 5, 10, 6
2017/6/11, 31, 26, 7, 15, 6
2017/6/12, 33, 31, 9, 17, 7
2017/6/13, 34, 23, 6, 25, 6
2017/6/14, 33, 13, 6, 20, 6
2017/6/15, 35, 20, 4, 13, 6
2017/6/16, 68, 28, 5, 23, 6
2017/6/17, 33, 30, 12, 31, 7
2017/6/18, 62, 19, 12, 30, 6
2017/6/19, 37, 21, 6, 33, 6
2017/6/20, 34, 20, 5, 22, 6
2017/6/21, 31, 22, 7, 24, 6
2017/6/22, 44, 29, 7, 11, 9
2017/6/23, 42, 29, 5, 10, 7
2017/6/24, 38, 23, 8, 30, 9
2017/6/25, 45, 18, 5, 23, 7
2017/6/26, 30, 20, 6, 14, 9
2017/6/27, 26, 27, 7, 16, 9
2017/6/28, 42, 22, 5, 7, 7
2017/6/29, 20, 25, 9, 12, 8
2017/6/30, 38, 20, 10, 10, 9
2017/7/1, 43, 25, 7, 9, 8
2017/1/3, 63, 30, 23, 7, 
2017/1/4, 100, 35, 24, 7, 
2017/1/5, 91, 29, 21, 6, 
2017/1/6, 87, 21, 20, 8, 
2017/1/7, 83, 20, 13, 5, 
2017/1/8, 70, 20, 4, 12, 
2017/1/9, 32, 23, 7, 8, 
2017/1/10, 35, 24, 13, 13, 
2017/1/11, 64, 22, 23, 12, 
2017/1/12, 96, 28, 25, 13, 
2017/1/13, 108, 26, 16, 13, 
2017/1/14, 63, 20, 9, 15, 
2017/1/15, 45, 20, 10, 12, 
2017/1/16, 50, 22, 17, 12, 
2017/1/17, 76, 19, 14, 15, 
2017/1/18, 61, 16, 15, 15, 
2017/1/19, 61, 19, 11, 8, 
2017/1/20, 55, 19, 10, 7, 
2017/1/21, 58, 23, 14, 10, 
2017/1/22, 55, 25, 16, 13, 
2017/1/23, 64, 23, 18, 8, 
2017/1/24, 86, 28, 15, 8, 
2017/1/25, 21, 25, 13, 4, 
2017/1/26, 50, 28, 21, 15, 
2017/1/27, 83, 28, 19, 7, 
2017/1/28, 70, 26, 14, 10, 
2017/1/29, 59, 21, 4, 8, 
2017/1/30, 28, 26, 10, 9, 
2017/1/31, 44, 25, 18, 14, 
2017/2/1, 60, 23, 14, 18, 
2017/2/2, 60, 25, 9, 7, 
2017/2/3, 38, 29, 8, 7, 
2017/2/4, 37, 26, 6, 7, 
2017/2/5, 41, 26, 9, 6, 
2017/2/6, 42, 28, 13, 4, 
2017/2/7, 55, 29, 21, 6, 
2017/2/8, 84, 31, 23, 8, 
2017/2/9, 74, 23, 12, 6, 
2017/2/10, 58, 29, 9, 11, 
2017/2/11, 48, 23, 13, 4, 
2017/2/12, 50, 30, 17, 8, 
2017/2/13, 63, 28, 12, 4, 
2017/2/14, 56, 24, 9, 2, 
2017/2/15, 47, 23, 12, 6, 
2017/2/16, 58, 17, 12, 4, 
2017/2/17, 68, 13, 8, 4, 
2017/2/18, 33, 13, 10, 1, 
2017/2/19, 34, 11, 7, 1, 
2017/2/20, 37, 15, 9, 2, 
2017/2/21, 38, 16, 14, 18, 
2017/2/22, 51, 23, 12, 7, 
2017/2/23, 46, 16, 15, 4, 
2017/2/24, 51, 17, 12, 3, 
2017/2/25, 49, 21, 18, 6, 
2017/2/26, 66, 16, 13, 3, 
2017/2/27, 49, 19, 14, 3, 
2017/2/28, 48, 19, 16, 5, 
2017/3/1, 55, 26, 15, 12, 
2017/3/2, 69, 15, 7, 14, 
2017/3/3, 58, 14, 6, 11, 
2017/3/4, 35, 18, 6, 7, 
2017/3/5, 37, 18, 6, 3, 
2017/3/6, 33, 18, 12, 3, 
2017/3/7, 48, 20, 15, 7, 
2017/3/8, 54, 20, 5, 4, 
2017/3/9, 32, 17, 7, 5, 
2017/3/10, 26, 16, 11, 6, 
2017/3/11, 31, 13, 8, 12, 
2017/3/12, 33, 3, 10, 4, 
2017/3/13, 38, 17, 9, 11, 
2017/3/14, 74, 20, 6, 12, 
2017/3/15, 28, 25, 8, 11, 
2017/3/16, 30, 20, 7, 11, 
2017/3/17, 27, 20, 7, 11, 
2017/3/18, 30, 19, 5, 10, 
2017/3/19, 32, 19, 4, 13, 
2017/3/20, 28, 24, 4, 9, 
2017/3/21, 33, 22, 11, 10, 
2017/3/22, 42, 20, 12, 10, 
2017/3/23, 43, 25, 10, 8, 
2017/3/24, 48, 23, 7, 10, 
2017/3/25, 49, 22, 11, 7, 
2017/3/26, 57, 21, 7, 8, 
2017/3/27, 36, 22, 12, 6, 
2017/3/28, 36, 21, 12, 10, 
2017/3/29, 49, 22, 11, 9, 
2017/3/30, 47, 28, 9, 8, 
2017/3/31, 43, 21, 11, 10, 
2017/4/1, 60, 19, 7, 7, 
2016/10/2, 28, 23, 3, 35, 
2016/10/3, 37, 28, 5, 1, 
2016/10/4, 33, 28, 7, , 
2016/10/5, 36, 26, 7, , 
2016/10/6, 44, 8, 5, , 
2016/10/7, 27, 19, 4, , 
2016/10/8, 32, 19, 3, , 
2016/10/9, 29, 28, 2, , 
2016/10/10, 18, 29, 4, , 
2016/10/11, 40, 31, 5, , 
2016/10/12, 26, 30, 5, 28, 
2016/10/13, 27, 16, 4, 11, 
2016/10/14, 28, 6, 5, 10, 
2016/10/15, 28, 5, 4, 10, 
2016/10/16, 25, 6, 4, 14, 
2016/10/17, 26, 7, 7, 11, 
2016/10/18, 38, 7, 10, 16, 
2016/10/19, 53, 6, 10, 19, 
2016/10/20, 39, 5, 5, 16, 
2016/10/21, 33, 14, 4, 17, 
2016/10/22, 23, 20, 3, 8, 
2016/10/23, 27, 19, 3, 8, 
2016/10/24, 20, 18, 4, 13, 
2016/10/25, 25, 18, 5, 14, 
2016/10/26, 26, 16, 5, 17, 
2016/10/27, 31, 16, 7, 16, 
2016/10/28, 35, 21, 8, 10, 
2016/10/29, 36, 20, 7, 14, 
2016/10/30, 31, 19, 4, 10, 
2016/10/31, 22, 22, 7, 10, 
2016/11/1, 22, 20, 11, 8, 
2016/11/2, 37, 16, 8, 11, 
2016/11/3, 27, 15, 5, 12, 
2016/11/4, 28, 17, 5, 13, 
2016/11/5, 21, 21, 6, 8, 
2016/11/6, 31, 28, 7, 13, 
2016/11/7, 28, 33, 11, 16, 
2016/11/8, 45, 22, 5, 6, 
2016/11/9, 31, 18, 6, 6, 
2016/11/10, 15, 13, 7, 11, 
2016/11/11, 24, 18, 8, 8, 
2016/11/12, 28, 16, 5, 8, 
2016/11/13, 14, 16, 5, 7, 
2016/11/14, 22, 24, 7, 10, 
2016/11/15, 32, 18, 5, 16, 
2016/11/16, 30, 25, 5, 6, 
2016/11/17, 27, 17, 11, 9, 
2016/11/18, 44, 28, 10, 14, 
2016/11/19, 45, 21, 6, 11, 
2016/11/20, 25, 20, 4, 2, 
2016/11/21, 18, 23, 8, 11, 
2016/11/22, 30, 24, 13, 14, 
2016/11/23, 48, 24, 11, 19, 
2016/11/24, 46, 28, 9, 13, 
2016/11/25, 39, 21, 6, 10, 
2016/11/26, 33, 20, 6, 10, 
2016/11/27, 29, 24, 10, 8, 
2016/11/28, 44, 29, 16, 11, 
2016/11/29, 61, 23, 13, 10, 
2016/11/30, 57, 24, 12, 11, 
2016/12/1, 54, 21, 12, 14, 
2016/12/2, 64, 20, 9, 9, 
2016/12/3, 56, 18, 7, 8, 
2016/12/4, 51, 14, 2, 6, 
2016/12/5, 41, 24, 8, 10, 
2016/12/6, 37, 29, 15, 10, 
2016/12/7, 67, 29, 18, 8, 
2016/12/8, 83, 29, 15, 10, 
2016/12/9, 73, 20, 5, 10, 
2016/12/10, 48, 23, 6, 6, 
2016/12/11, 30, 26, 10, 10, 
2016/12/12, 51, 30, 18, 5, 
2016/12/13, 76, 34, 23, 12, 
2016/12/14, 80, 35, 15, 9, 
2016/12/15, 50, 18, 9, 9, 
2016/12/16, 49, 24, 9, 8, 
2016/12/17, 62, 23, 13, 11, 
2016/12/18, 71, 23, 15, 10, 
2016/12/19, 59, 19, 6, 47, 
2016/12/20, 50, 17, 5, 9, 
2016/12/21, 37, 19, 6, 9, 
2016/12/22, 35, 18, 8, 9, 
2016/12/23, 34, 29, 12, 8, 
2016/12/24, 57, 30, 21, 4, 
2016/12/25, 87, 27, 21, 11, 
2016/12/26, 182, 27, 18, 8, 
2016/12/27, 81, 24, 7, 6, 
2016/12/28, 47, 20, 9, 8, 
2016/12/29, 40, 17, 5, 5, 
2016/12/30, 35, 17, 6, 10, 
2016/12/31, 36, 20, 13, 10, 
2017/1/1, 65, 21, 9, 6, 
2017/1/2, 72, 24, 16, 8, 
2016/7/28, 34, 25, 7, 6, 
2016/7/29, 36, 21, 8, 8, 
2016/7/30, 35, 18, 6, 13, 
2016/7/31, 30, 15, 7, 11, 
2016/8/1, 22, 20, 7, 14, 
2016/8/2, 31, 24, 5, 9, 
2016/8/3, 36, 22, 7, 13, 
2016/8/4, 31, 18, 6, 13, 
2016/8/5, 27, 13, 6, 14, 
2016/8/6, 30, 9, 5, 20, 
2016/8/7, 25, 9, 4, 8, 
2016/8/8, 16, 13, 4, 5, 
2016/8/9, 17, 18, 7, 14, 
2016/8/10, 29, 17, 5, 6, 
2016/8/11, 20, 22, 7, 7, 
2016/8/12, 31, 22, 7, 9, 
2016/8/13, 28, 28, 8, 7, 
2016/8/14, 36, 25, 5, 5, 
2016/8/15, 32, 17, 5, 5, 
2016/8/16, 26, 16, 6, 6, 
2016/8/17, 32, 16, 5, 6, 
2016/8/18, 28, 12, 6, 5, 
2016/8/19, 21, 15, 6, 6, 
2016/8/20, 27, 15, 5, 7, 
2016/8/21, 23, 29, 5, 8, 
2016/8/22, 33, 18, 7, 6, 
2016/8/23, 34, 16, 6, 6, 
2016/8/24, 28, 17, 6, 18, 
2016/8/25, 26, 21, 5, 21, 
2016/8/26, 26, 25, 5, 16, 
2016/8/27, 32, 12, 7, 18, 
2016/8/28, 26, 17, 5, 14, 
2016/8/29, 37, 19, 5, 16, 
2016/8/30, 37, 25, 7, 17, 
2016/8/31, 33, 20, 6, 19, 
2016/9/1, 33, 14, 5, 23, 
2016/9/2, 30, 14, 4, 28, 
2016/9/3, 27, 15, 4, 24, 
2016/9/4, 26, 11, 4, 16, 
2016/9/5, 29, 11, 3, 13, 
2016/9/6, 17, 21, 5, 18, 
2016/9/7, 35, 23, 5, 18, 
2016/9/8, 40, 23, 4, 14, 
2016/9/9, 36, 23, 7, 19, 
2016/9/10, 40, 25, 7, 20, 
2016/9/11, 41, 21, 3, 19, 
2016/9/12, 36, 22, 6, 19, 
2016/9/13, 39, 27, 8, 18, 
2016/9/14, 49, 19, 5, 24, 
2016/9/15, 34, 24, 4, 21, 
2016/9/16, 31, 20, 4, 19, 
2016/9/17, 32, 24, 4, 15, 
2016/9/18, 36, 24, 3, 16, 
2016/9/19, 25, 20, 4, 19, 
2016/9/20, 31, 18, 2, 16, 
2016/9/21, 26, 12, 4, 14, 
2016/9/22, 25, 25, 4, 13, 
2016/9/23, 37, 24, 7, 14, 
2016/9/24, 34, 24, 7, 15, 
2016/9/25, 36, 37, 7, 24, 
2016/9/26, 47, 19, 4, 16, 
2016/9/27, 33, 14, 3, 15, 
2016/9/28, 21, 15, 2, 13, 
2016/9/29, 23, 16, 4, 15, 
2016/9/30, 23, 20, 4, 10, 
2016/10/1, 28, 22, 5, 5, 
2015/4/2, 47, 46, 22, 28, 21
2015/4/3, 54, 49, 23, 29, 22
2015/4/4, 57, 44, 16, 30, 19
2015/4/5, 52, 47, 14, 23, 19
2015/4/6, 41, 44, 19, 27, 19
2015/4/7, 52, 48, 19, 38, 20
2015/4/8, 54, 63, 17, 27, 19
2015/4/9, 52, 42, 27, 24, 23
2015/4/10, 62, 39, 21, 37, 22
2015/4/11, 60, 53, 16, 40, 22
2015/4/12, 70, 40, 15, 34, 21
2015/4/13, 48, 34, 16, 35, 23
2015/4/14, 57, 42, 18, 38, 22
2015/4/15, 52, 44, 20, 41, 23
2015/4/16, 56, 46, 19, 38, 22
2015/4/17, 61, 41, 23, 40, 23
2015/4/18, 57, 39, 18, 36, 22
2015/4/19, 53, 35, 17, 38, 23
2015/4/20, 50, 38, 18, 38, 24
2015/4/21, 57, 46, 19, 37, 23
2015/4/22, 56, 40, 17, 38, 23
2015/4/23, 53, 43, 18, 39, 24
2015/4/24, 66, 38, 19, 38, 25
2015/4/25, 58, 45, 19, 41, 24
2015/4/26, 63, 37, 15, 36, 23
2015/4/27, 51, 39, 13, 34, 25
2015/4/28, 65, 36, 14, 35, 25
2015/4/29, 46, 29, 19, 37, 26
2015/4/30, 46, 8, 20, 37, 25
2015/5/1, 43, , , , 
2015/5/6, 61, 38, 12, 35, 18
2015/5/7, 55, 42, 15, 41, 18
2015/5/8, 47, 51, 14, 37, 17
2015/5/9, 47, 47, 14, 40, 18
2015/5/10, 35, 46, 13, 35, 19
2015/5/11, 50, 41, 13, 36, 19
2015/5/12, 59, 35, 14, 46, 19
2015/5/13, 44, 50, 14, 41, 19
2015/5/14, 41, 42, 16, 44, 19
2015/5/15, 41, 48, 15, 37, 19
2015/5/16, 48, 47, 15, 36, 19
2015/5/17, 54, 44, 15, 36, 18
2015/5/18, 41, 53, 16, 37, 18
2015/5/19, 47, 48, , 39, 18
2015/5/20, 56, 48, , 41, 19
2015/5/21, 36, 52, , 42, 19
2015/5/22, 38, 27, 12, 40, 17
2015/5/23, 21, 44, 13, 41, 18
2015/5/24, 40, 40, 13, 35, 18
2015/5/25, 45, 45, 14, 36, 18
2015/5/26, 34, 44, 18, 42, 19
2015/5/27, 57, 54, 13, 39, 18
2015/5/28, 57, 26, 13, 35, 17
2015/5/29, 47, , , , 
2015/1/2, 71, 32, 19, 27, 21
2015/1/3, 66, 28, 21, 27, 21
2015/1/4, 56, 27, 18, 31, 20
2015/1/5, 58, 31, 19, 45, 17
2015/1/6, 47, 28, 18, 27, 18
2015/1/7, 46, 27, 15, 31, 18
2015/1/8, 43, 35, 17, 30, 19
2015/1/9, 47, 42, 21, 30, 20
2015/1/10, 54, 43, 20, 27, 20
2015/1/11, 50, 46, 24, 27, 22
2015/1/12, 55, 50, 37, 31, 27
2015/1/13, 86, 36, 39, 26, 30
2015/1/14, 91, 46, 33, 15, 29
2015/1/15, 91, 49, 35, 29, 29
2015/1/16, 81, 42, 26, 21, 24
2015/1/17, 63, 37, 31, 24, 30
2015/1/18, 83, 38, 25, 29, 24
2015/1/19, 73, 47, 27, 27, 24
2015/1/20, 73, 43, 34, 14, 27
2015/1/21, 89, 39, 29, 19, 25
2015/1/22, 80, 32, 22, 26, 23
2015/1/23, 71, 27, 22, 23, 25
2015/1/24, 59, 35, 21, 27, 23
2015/1/25, 55, 27, 23, 29, 26
2015/1/26, 54, 32, 26, 24, 24
2015/1/27, 49, 40, 24, 35, 24
2015/1/28, 55, 30, 23, 40, 23
2015/1/29, 46, 28, 23, 34, 24
2015/1/30, 49, 33, 22, 40, 22
2015/1/31, 49, 33, 22, 21, 23
2015/2/1, 53, 27, 17, 22, 23
2015/2/2, 42, 28, 18, 30, 24
2015/2/3, 54, 23, 14, 21, 23
2015/2/4, 41, 35, 22, 27, 28
2015/2/5, 61, 34, 25, 29, 25
2015/2/6, 56, 34, 19, 24, 24
2015/2/7, 41, 54, 26, 31, 29
2015/2/8, 116, 54, 29, 16, 31
2015/2/9, 76, 40, 27, 21, 27
2015/2/10, 64, 47, 23, 27, 27
2015/2/11, 54, 46, 26, 24, 24
2015/2/12, 81, 38, 21, 24, 20
2015/2/13, 56, 28, 19, 24, 20
2015/2/14, 30, 28, 20, 21, 20
2015/2/15, 30, 30, 22, 20, 21
2015/2/16, 35, 23, 19, 24, 21
2015/2/17, 25, 30, 20, 25, 23
2015/2/18, 38, 40, 23, 27, 24
2015/2/19, 57, 56, 25, 22, 23
2015/2/20, 54, 37, 26, 21, 21
2015/2/21, 54, 40, 24, 24, 23
2015/2/22, 56, 44, 25, 27, 23
2015/2/23, 58, 34, 26, 25, 21
2015/2/24, 63, 47, 20, 21, 19
2015/2/25, 49, 44, 19, 20, 19
2015/2/26, 53, 33, 19, 24, 19
2015/2/27, 51, 35, 21, 26, 19
2015/2/28, 55, 37, 20, 16, 19
2015/3/1, 53, 46, 23, 29, 21
2015/3/2, 60, 53, 24, 26, 20
2015/3/3, 63, 38, 22, 22, 20
2015/3/4, 55, 33, 22, 22, 20
2015/3/5, 54, 32, 18, 38, 20
2015/3/6, 54, 33, 13, 23, 19
2015/3/7, 44, 41, 14, 24, 19
2015/3/8, 48, 37, 12, 20, 19
2015/3/9, 74, 29, 17, 21, 19
2015/3/10, 44, 29, 19, 37, 21
2015/3/11, 42, 29, 18, 26, 18
2015/3/12, 28, 34, 21, 22, 19
2015/3/13, 66, 24, 19, 25, 20
2015/3/14, 49, 15, 19, 40, 20
2015/3/15, 31, 22, 13, 19, 18
2015/3/16, 14, 23, 15, 20, 19
2015/3/17, 35, 27, 15, 20, 20
2015/3/18, 36, 27, 15, 14, 20
2015/3/19, 37, 32, 18, 23, 21
2015/3/20, 38, 28, 17, 22, 21
2015/3/21, 47, 25, 16, 23, 20
2015/3/22, 38, 29, 16, 25, 20
2015/3/23, 35, 43, 16, 20, 19
2015/3/24, 46, 40, 14, 21, 19
2015/3/25, 38, 30, 17, 26, 19
2015/3/26, 48, 33, 16, 31, 19
2015/3/27, 45, 33, 16, 25, 19
2015/3/28, 48, 32, 15, 22, 19
2015/3/29, 33, 46, 18, 28, 19
2015/3/30, 34, 55, 18, 23, 19
2015/3/31, 42, 46, 18, 23, 19
2015/4/1, 44, 43, 18, 21, 19
2014/10/2, 76, 34, 10, 19, 11
2014/10/3, 59, 41, 11, 29, 12
2014/10/4, 49, 31, 11, 27, 12
2014/10/5, 40, 35, 8, 20, 11
2014/10/6, 30, 36, 11, 22, 12
2014/10/7, 40, 43, 13, 33, 11
2014/10/8, 35, 53, 16, 34, 11
2014/10/9, 40, 50, 12, 32, 11
2014/10/10, 44, 41, 12, 29, 12
2014/10/11, 49, 44, 14, 25, 12
2014/10/12, 47, 61, 12, 21, 11
2014/10/13, 47, 81, 14, 31, 14
2014/10/14, 51, 43, 12, 30, 12
2014/10/15, 55, 33, 15, 36, 12
2014/10/16, 45, 57, 19, 39, 14
2014/10/17, 55, 33, 14, 32, 13
2014/10/18, 43, 27, 12, 34, 12
2014/10/19, 39, 20, 8, 33, 12
2014/10/20, 27, 22, 9, 29, 12
2014/10/21, 33, 23, 9, 35, 12
2014/10/22, 35, 26, 10, 34, 12
2014/10/23, 40, 30, 9, 31, 12
2014/10/24, 38, 29, 11, 36, 13
2014/10/25, 39, 39, 11, 39, 13
2014/10/26, 36, 38, 12, 26, 12
2014/10/27, 41, 76, 19, 29, 15
2014/10/28, 60, 84, 26, 29, 19
2014/10/29, 80, 43, 21, 32, 14
2014/10/30, 53, 35, 18, 47, 16
2014/10/31, 59, 34, 15, 26, 14
2014/11/1, 53, 35, 15, 32, 13
2014/11/2, 49, 38, 13, 29, 14
2014/11/3, 31, 41, 14, 25, 15
2014/11/4, 47, 36, 13, 17, 15
2014/11/5, 50, 25, 14, 22, 17
2014/11/6, 53, 46, 15, 27, 16
2014/11/7, 60, 44, 14, 26, 16
2014/11/8, 54, 26, 11, 30, 16
2014/11/9, 41, 35, 12, 28, 15
2014/11/10, 35, 37, 15, 24, 16
2014/11/11, 49, 16, 14, 32, 19
2014/11/12, 51, 27, 13, 23, 17
2014/11/13, 45, 37, 16, 31, 19
2014/11/14, 49, 41, 17, 33, 18
2014/11/15, 46, 37, 17, 20, 17
2014/11/16, 51, 26, 14, 22, 18
2014/11/17, 45, 30, 14, 26, 17
2014/11/18, 46, 31, 17, 28, 19
2014/11/19, 59, 36, 19, 28, 19
2014/11/20, 56, 39, 18, 26, 18
2014/11/21, 56, 40, 18, 29, 19
2014/11/22, 56, 27, 14, 27, 18
2014/11/23, 41, 35, 15, 23, 19
2014/11/24, 40, 29, 23, 26, 23
2014/11/25, 68, 7, 20, 28, 21
2014/11/26, 64, 43, 22, 25, 14
2014/11/27, 62, 41, 20, 38, 12
2014/11/28, 53, 48, 20, 26, 15
2014/11/29, 56, 44, 23, 24, 22
2014/11/30, 84, 74, 32, 21, 27
2014/12/1, 105, 50, 27, 28, 18
2014/12/2, 69, 44, 19, 31, 14
2014/12/3, 56, 38, 20, 32, 15
2014/12/4, 57, 60, 26, 34, 21
2014/12/5, 87, 74, 31, 25, 22
2014/12/6, 99, 44, 21, 32, 16
2014/12/7, 56, 32, 17, 37, 15
2014/12/8, 41, 31, 14, 35, 15
2014/12/9, 45, 38, 16, 33, 15
2014/12/10, 46, 28, 21, 26, 19
2014/12/11, 62, 28, 16, 23, 19
2014/12/12, 70, 37, 15, 30, 17
2014/12/13, 52, 41, 15, 22, 16
2014/12/14, 53, 32, 19, 25, 19
2014/12/15, 62, 40, 24, 28, 22
2014/12/16, 63, 41, 19, 20, 17
2014/12/17, 50, 43, 20, 24, 18
2014/12/18, 61, 47, 23, 31, 21
2014/12/19, 80, 41, 25, 25, 22
2014/12/20, 83, 39, 22, 24, 21
2014/12/21, 83, 35, 21, 24, 19
2014/12/22, 61, 39, 23, 23, 20
2014/12/23, 66, 32, 22, 25, 21
2014/12/24, 72, 28, 25, 32, 24
2014/12/25, 87, 29, 16, 20, 19
2014/12/26, 58, 28, 18, 26, 20
2014/12/27, 47, 29, 19, 25, 21
2014/12/28, 58, 28, 22, 31, 24
2014/12/29, 66, , , , 
2014/9/23, 40, 24, 7, 28, 11
2014/9/24, 39, 33, 9, 25, 11
2014/9/25, 40, 39, 10, 27, 11
2014/9/26, 41, 41, 10, 28, 11
2014/9/27, 43, 31, 9, 28, 11
2014/9/28, 42, 32, 8, 33, 11
2014/9/29, 48, 31, 9, 31, 11
2014/9/30, 47, 46, 9, 31, 11
2014/10/1, 53, 51, 11, 26, 12
2025/8/17, , 30, 7, 26, 12
2025/7/2, , 23, , 22, 17
2025/7/3, , 35, , 23, 16
2025/7/4, , 42, , 27, 18
2025/7/5, , 86, , 34, 17
2025/7/6, , 86, , 34, 17
2025/7/7, , 27, , 22, 17
2025/7/8, , 57, , 30, 17
2025/7/9, , 41, , 24, 15
2025/5/18, , 41, 4, 9, 15
2025/5/21, , 25, 9, 14, 17
2025/6/2, , 34, 6, 7, 18
2025/6/4, , 40, 5, 15, 19
2025/6/9, , 42, 3, 14, 14
2025/6/10, , 52, 4, 21, 15
2025/6/11, , 39, 3, 18, 15
2025/6/12, , 36, 4, 30, 20
2025/6/14, , 24, , 13, 22
2025/6/15, , 12, , 12, 25
2025/6/16, , 20, , 14, 29
2025/6/17, , 26, , 24, 31
2025/6/18, , 18, , 16, 31
2025/6/19, , 15, , 13, 32
2025/6/21, , 16, , 22, 18
2025/6/22, , 17, , 16, 17
2025/6/23, , 23, , 20, 18
2025/6/24, , 8, , 20, 19
2025/6/25, , 23, , 20, 18
2025/7/1, , 19, , 21, 16
2025/1/1, , 38, 6, 26, 23
2025/1/16, , 30, 8, 19, 40
2025/1/23, , 27, 5, 21, 23
2025/1/28, , 41, 8, 21, 22
2025/1/30, , 26, 3, 19, 15
2025/2/10, , 22, 13, 21, 51
2025/3/10, , 34, 5, 20, 43
2024/10/22, , 23, 2, 21, 13
2024/11/17, , 6, 7, 19, 19
2024/12/17, , 24, 4, 26, 16
2024/8/8, , 40, 3, 18, 18
2024/8/12, , 21, 2, 19, 18
2024/8/27, , 22, 2, 19, 19
2024/9/3, , 36, 2, 18, 19
2024/9/5, , 28, 3, 21, 20
2024/4/26, , 36, 4, 14, 11
2024/5/9, , 48, 7, 23, 14
2024/6/11, , 33, 4, 23, 15
2024/6/26, , 34, 5, 18, 18
2024/1/15, , 26, 9, 15, 21
2023/10/10, , 10, 2, 10, 8
2023/10/21, , 9, 9, 11, 10
2023/10/28, , 6, 5, 13, 10
2023/11/2, , 17, 2, 12, 9
2023/11/4, , 12, 3, 11, 10
2023/11/13, , 13, 6, 19, 12
2023/11/16, , 43, 4, 26, 11
2023/12/15, , 5, 7, 13, 15
2023/12/21, , 21, 8, 50, 16
2023/7/10, , 40, 4, 13, 8
2023/8/7, , 38, 5, 19, 11
2023/8/12, , 60, 9, 32, 14
2023/8/19, , 32, 4, 13, 12
2023/8/22, , 30, 6, 14, 12
2023/9/1, , 41, 7, 13, 15
2023/9/7, , 44, 4, 16, 8
2023/9/20, , 39, 5, 16, 9
2023/5/3, , 50, 8, 20, 20
2023/5/7, , 36, 7, 19, 20
2023/6/7, , 47, 4, 10, 22
2023/1/8, , 43, 10, 17, 
2023/2/5, , 40, 5, 13, 4
2023/3/2, , 34, 6, 7, 8
2023/3/9, , 53, 12, 8, 11
2022/10/3, , 52, 2, 12, 8
2022/11/7, , 37, 7, 12, 
2022/12/14, , 39, 5, 6, 
2022/8/8, , 33, 5, 12, 6
2022/4/13, , 31, 8, 2, 12
2022/4/28, , 22, 23, 5, 15
2022/5/1, , 29, 10, 4, 15
2022/5/23, , 60, 6, 3, 14
2022/6/15, , 25, 7, 3, 13
2022/6/27, , 33, 8, 3, 14
2022/2/1, , 31, 11, 3, 15
2022/3/10, , 34, 8, 4, 8
2021/10/2, , 53, , 7, 9
2021/10/26, , 28, 12, 8, 10
2021/11/1, , 41, 10, 6, 9
2021/11/9, , 24, 12, 12, 11
2021/12/7, , 28, 30, 7, 21
2021/7/15, , 22, , 2, 6
2021/8/1, , 40, , 6, 7
2021/8/8, , 14, , 4, 8
2021/8/11, , 39, , 4, 7
2021/8/15, , 37, , 3, 7
2021/9/2, , 13, , 5, 9
2021/9/19, , 27, , 3, 8
2021/9/27, , 26, , 3, 9
2021/5/11, , 23, , 11, 16
2021/5/25, , 41, , 8, 13
2021/6/6, , 72, , , 
2020/10/5, , 41, , 6, 31
2020/10/11, , 38, , 7, 35
2020/10/18, , 30, , 16, 33
2020/10/25, , 34, , 8, 35
2020/11/2, , 25, , 4, 33
2020/11/12, , 48, , 15, 46
2020/7/12, , 33, 8, 3, 24
2020/8/3, , 28, 11, 7, 27
2020/8/9, , 22, 8, 6, 27
2020/8/16, , 35, , 5, 28
2020/8/23, , 34, , 16, 29
2020/8/30, , 23, , 4, 29
2020/9/6, , 24, , 40, 30
2020/9/14, , 28, , 4, 30
2020/9/20, , 28, , 27, 31
2020/9/28, , 37, , 25, 31
2020/4/13, , 35, , 3, 12
2020/4/16, , 38, , 5, 13
2020/4/19, , 39, , 5, 15
2020/6/29, , 51, 11, 8, 24
2020/1/9, , 38, , 10, 34
2020/1/14, , 31, , 16, 28
2020/1/19, , 21, , 11, 24
2020/1/26, , 22, , 11, 26
2020/2/5, , 13, , 9, 26
2020/2/9, , 23, , 21, 29
2020/2/16, , 41, , 32, 31
2020/3/16, , 18, , 4, 9
2020/3/19, , 25, , 4, 
2019/10/13, , 32, , 6, 8
2019/10/20, , 12, , 6, 8
2019/11/3, , 26, , 10, 11
2019/11/12, , 29, , 10, 13
2019/11/18, , 26, , 9, 15
2019/11/25, , 31, , 9, 17
2019/12/1, , 29, , 9, 16
2019/12/8, , 33, , 14, 26
2019/12/15, , 34, , 7, 24
2019/8/5, , 19, , 9, 13
2019/8/8, , 28, , 8, 14
2019/8/19, , 25, , 18, 11
2019/8/29, , 15, , 15, 
2019/9/4, , 7, , 10, 
2019/9/7, , 9, , 11, 
2019/9/14, , 17, , 9, 23
2019/9/17, , 21, , 8, 6
2019/9/23, , 16, , 17, 7
2019/9/27, , 2, , 14, 19
2019/4/1, , 43, , 6, 14
2019/4/28, , 58, , 7, 22
2019/5/5, , 40, , 9, 22
2019/6/24, , 36, , 19, 11
2019/1/1, , 35, , 16, 29
2019/3/3, , 42, , 9, 8
2018/11/7, , 17, , 17, 
2018/11/19, , 21, , 16, 
2018/7/1, , 23, 3, 4, 
2018/7/30, , 24, 9, 8, 
2018/9/10, , 8, 3, , 
2018/9/16, , 10, 11, 32, 
2018/9/18, , 25, 6, 14, 
2018/6/3, , 18, 3, 32, 
2018/6/24, , 16, 3, 3, 
2018/1/4, , 7, , 29, 
2018/1/14, , 11, 9, 12, 
2017/10/24, , 16, 5, 12, 
2017/11/22, , 21, 11, 25, 
2017/7/5, , 26, 11, 16, 10
2017/7/6, , 23, 8, 21, 8
2017/7/12, , 22, 4, 5, 9
2017/9/10, , 11, 6, 15, 16
2017/9/28, , 11, 6, 12, 18
2016/7/27, , 27, 6, 8, 
2015/5/5, , 41, 18, 41, 23
2015/1/1, , 48, 17, 24, 20
2014/9/22, , 31, 9, 21, 11
2025/7/22, , , 8, , 
2019/6/16, , , , 11, 12