date, pm25
2025/8/19, 54
2025/8/20, 53
2025/8/21, 54
2025/8/22, 62
2025/8/23, 53
2025/8/24, 53
2025/8/25, 49
2025/8/26, 50
2025/8/27, 63
2025/8/28, 56
2025/8/29, 42
2025/8/30, 62
2025/7/23, 54
2025/7/24, 47
2025/7/25, 33
2025/7/26, 37
2025/7/27, 49
2025/7/28, 29
2025/7/29, 40
2025/7/30, 45
2025/4/2, 96
2025/4/3, 104
2025/4/4, 87
2025/4/5, 89
2025/4/6, 99
2025/4/7, 82
2025/4/8, 54
2025/4/9, 66
2025/4/10, 68
2025/4/11, 68
2025/4/12, 64
2025/4/13, 62
2025/4/14, 65
2025/4/15, 72
2025/4/16, 73
2025/4/17, 74
2025/4/18, 69
2025/4/19, 66
2025/4/20, 98
2025/4/21, 92
2025/4/22, 84
2025/4/23, 88
2025/4/24, 96
2025/4/25, 87
2025/4/26, 93
2025/4/27, 102
2025/4/28, 76
2025/4/29, 68
2025/4/30, 76
2025/5/1, 71
2025/5/3, 108
2025/5/4, 93
2025/5/5, 96
2025/5/7, 106
2025/5/8, 95
2025/5/9, 97
2025/5/10, 87
2025/5/11, 40
2025/5/12, 57
2025/5/13, 70
2025/5/15, 86
2025/5/16, 99
2025/5/19, 111
2025/5/20, 83
2025/5/21, 92
2025/5/22, 73
2025/1/2, 69
2025/1/3, 71
2025/1/4, 59
2025/1/5, 63
2025/1/6, 85
2025/1/7, 77
2025/1/8, 71
2025/1/9, 51
2025/1/10, 77
2025/1/11, 60
2025/1/12, 43
2025/1/13, 32
2025/1/17, 54
2025/1/18, 81
2025/1/19, 82
2025/1/20, 69
2025/1/21, 66
2025/1/24, 51
2025/1/25, 36
2025/1/26, 57
2025/1/27, 67
2025/1/29, 84
2025/1/30, 103
2025/1/31, 75
2025/2/1, 67
2025/2/2, 52
2025/2/3, 55
2025/2/4, 48
2025/2/5, 51
2025/2/6, 62
2025/2/7, 64
2025/2/8, 54
2025/2/9, 59
2025/2/10, 67
2025/2/11, 70
2025/2/12, 88
2025/2/13, 89
2025/2/14, 75
2025/2/15, 54
2025/2/16, 78
2025/2/17, 80
2025/2/18, 63
2025/2/19, 91
2025/2/20, 61
2025/2/21, 54
2025/2/22, 43
2025/2/23, 51
2025/2/24, 52
2025/2/25, 41
2025/2/26, 53
2025/2/27, 77
2025/2/28, 75
2025/3/1, 78
2025/3/2, 68
2025/3/3, 66
2025/3/4, 83
2025/3/5, 106
2025/3/6, 103
2025/3/7, 108
2025/3/8, 78
2025/3/9, 79
2025/3/11, 63
2025/3/12, 70
2025/3/13, 77
2025/3/14, 82
2025/3/15, 88
2025/3/16, 68
2025/3/17, 92
2025/3/18, 90
2025/3/19, 91
2025/3/20, 89
2025/3/21, 138
2025/3/22, 77
2025/3/23, 85
2025/3/24, 81
2025/3/25, 83
2025/3/26, 92
2025/3/27, 92
2025/3/28, 98
2025/3/29, 76
2025/3/30, 91
2025/3/31, 76
2025/4/1, 77
2024/10/21, 34
2024/10/22, 17
2024/10/23, 32
2024/10/25, 44
2024/10/26, 47
2024/10/27, 40
2024/10/28, 24
2024/10/29, 50
2024/10/30, 70
2024/10/31, 76
2024/11/1, 61
2024/11/2, 75
2024/11/3, 71
2024/11/4, 74
2024/11/5, 74
2024/11/6, 73
2024/11/7, 67
2024/11/8, 62
2024/11/9, 68
2024/11/10, 66
2024/11/11, 70
2024/11/12, 64
2024/11/13, 116
2024/11/14, 63
2024/11/15, 64
2024/11/16, 62
2024/11/19, 66
2024/11/20, 63
2024/11/21, 53
2024/11/22, 50
2024/11/23, 57
2024/11/24, 54
2024/11/25, 59
2024/11/26, 61
2024/11/27, 52
2024/11/28, 67
2024/11/29, 55
2024/11/30, 67
2024/12/1, 64
2024/12/3, 49
2024/12/4, 43
2024/12/5, 57
2024/12/6, 52
2024/12/7, 49
2024/12/8, 34
2024/12/9, 57
2024/12/10, 75
2024/12/11, 74
2024/12/12, 46
2024/12/13, 63
2024/12/14, 65
2024/12/15, 59
2024/12/18, 38
2024/12/19, 44
2024/12/20, 34
2024/12/21, 31
2024/12/22, 35
2024/12/23, 35
2024/12/24, 58
2024/12/25, 62
2024/12/26, 85
2024/4/2, 72
2024/4/3, 71
2024/4/4, 64
2024/4/5, 53
2024/4/6, 62
2024/4/7, 76
2024/4/8, 57
2024/4/9, 77
2024/4/10, 90
2024/4/11, 73
2024/4/12, 69
2024/4/13, 60
2024/4/14, 64
2024/4/15, 57
2024/4/16, 66
2024/4/17, 80
2024/4/18, 84
2024/4/19, 91
2024/4/26, 71
2024/4/27, 80
2024/4/28, 67
2024/4/29, 65
2024/4/30, 79
2024/5/1, 90
2024/5/2, 90
2024/5/3, 80
2024/5/4, 84
2024/5/5, 91
2024/5/6, 89
2024/5/7, 85
2024/5/8, 71
2024/5/9, 90
2024/5/10, 98
2024/5/11, 100
2024/5/12, 97
2024/5/13, 107
2024/5/14, 93
2024/5/15, 93
2024/5/16, 97
2024/5/17, 75
2024/5/18, 69
2024/5/19, 96
2024/5/20, 95
2024/5/21, 87
2024/5/22, 81
2024/5/23, 94
2024/5/24, 87
2024/5/25, 86
2024/5/26, 98
2024/5/27, 82
2024/5/28, 77
2024/5/29, 115
2024/5/30, 87
2024/5/31, 78
2024/6/1, 81
2024/6/2, 95
2024/6/3, 99
2024/6/4, 66
2024/6/5, 62
2024/6/6, 82
2024/6/7, 102
2024/6/8, 113
2024/6/9, 66
2024/6/10, 66
2024/6/11, 63
2024/6/12, 70
2024/6/13, 63
2024/6/14, 66
2024/6/15, 47
2024/6/16, 40
2024/6/17, 42
2024/6/18, 51
2024/6/19, 49
2024/6/20, 42
2024/6/21, 32
2024/6/22, 29
2024/6/23, 18
2024/6/24, 27
2024/6/25, 26
2024/6/26, 36
2024/6/27, 46
2024/6/28, 53
2024/1/31, 48
2024/2/1, 42
2024/2/2, 59
2024/2/3, 58
2024/2/4, 54
2024/2/5, 37
2024/2/6, 37
2024/2/7, 46
2024/2/8, 54
2024/2/9, 73
2024/2/10, 59
2024/2/11, 58
2024/2/12, 52
2024/2/13, 47
2024/2/14, 42
2024/2/15, 43
2024/2/16, 40
2024/2/17, 51
2024/2/18, 32
2024/2/19, 35
2024/2/20, 45
2024/2/21, 34
2024/2/22, 47
2024/2/23, 53
2024/2/24, 50
2024/2/25, 67
2024/2/26, 56
2024/2/27, 45
2024/2/28, 58
2024/2/29, 63
2024/3/1, 81
2024/3/2, 62
2024/3/3, 58
2024/3/4, 54
2024/3/5, 53
2024/3/6, 50
2024/3/7, 63
2024/3/8, 66
2024/3/12, 46
2024/3/13, 57
2024/3/14, 60
2024/3/15, 60
2024/3/16, 63
2024/3/17, 75
2024/3/18, 53
2024/3/19, 64
2024/3/20, 33
2024/3/21, 39
2024/3/22, 71
2024/3/23, 91
2024/3/24, 62
2023/10/2, 44
2023/10/3, 43
2023/10/4, 41
2023/10/5, 45
2023/10/6, 38
2023/10/7, 35
2023/10/8, 33
2023/10/9, 23
2023/10/10, 27
2023/10/11, 31
2023/10/12, 28
2023/10/13, 37
2023/10/14, 40
2023/10/15, 54
2023/10/16, 33
2023/10/17, 31
2023/10/18, 36
2023/10/19, 38
2023/10/20, 42
2023/10/21, 30
2023/10/22, 44
2023/10/23, 55
2023/10/24, 56
2023/10/25, 68
2023/10/26, 71
2023/10/27, 34
2023/10/28, 26
2023/10/29, 33
2023/10/30, 32
2023/10/31, 30
2023/11/1, 31
2023/11/2, 20
2023/11/3, 35
2023/11/11, 66
2023/11/12, 44
2023/11/13, 21
2023/11/14, 17
2023/11/15, 19
2023/11/16, 23
2023/11/17, 25
2023/11/18, 37
2023/11/19, 31
2023/11/20, 51
2023/11/21, 77
2023/11/22, 54
2023/11/23, 27
2023/11/24, 52
2023/11/25, 46
2023/11/26, 56
2023/11/27, 52
2023/11/28, 37
2023/11/29, 25
2023/11/30, 25
2023/12/1, 57
2023/12/2, 63
2023/12/3, 58
2023/12/4, 47
2023/12/5, 36
2023/12/6, 26
2023/12/7, 19
2023/12/8, 29
2023/12/9, 43
2023/12/16, 38
2023/7/2, 52
2023/7/3, 51
2023/7/4, 59
2023/7/5, 63
2023/7/6, 55
2023/7/7, 49
2023/7/8, 43
2023/7/9, 55
2023/7/10, 51
2023/7/11, 43
2023/7/12, 41
2023/7/21, 51
2023/7/22, 51
2023/7/23, 48
2023/7/24, 49
2023/7/25, 44
2023/7/26, 33
2023/7/27, 51
2023/7/28, 58
2023/7/29, 46
2023/7/30, 41
2023/7/31, 44
2023/8/1, 31
2023/8/2, 29
2023/8/3, 37
2023/8/4, 39
2023/8/5, 44
2023/8/6, 44
2023/8/7, 41
2023/8/8, 44
2023/8/9, 49
2023/8/10, 55
2023/8/11, 59
2023/8/12, 52
2023/8/13, 66
2023/8/14, 57
2023/8/15, 40
2023/8/16, 47
2023/8/18, 33
2023/8/19, 32
2023/8/20, 56
2023/8/21, 58
2023/8/23, 43
2023/8/24, 42
2023/8/25, 36
2023/8/26, 49
2023/8/27, 44
2023/8/28, 26
2023/8/29, 33
2023/8/30, 48
2023/8/31, 54
2023/9/1, 53
2023/9/2, 60
2023/9/3, 59
2023/9/4, 57
2023/9/5, 49
2023/9/6, 44
2023/9/7, 46
2023/9/8, 50
2023/9/9, 53
2023/9/10, 47
2023/9/11, 37
2023/9/12, 37
2023/9/13, 41
2023/9/14, 42
2023/9/15, 44
2023/9/16, 48
2023/9/17, 62
2023/9/18, 44
2023/9/19, 34
2023/9/20, 38
2023/9/21, 40
2023/9/22, 48
2023/9/23, 56
2023/9/24, 48
2023/9/25, 44
2023/9/26, 50
2023/9/27, 42
2023/9/28, 37
2023/9/29, 48
2023/9/30, 47
2023/10/1, 45
2023/4/2, 73
2023/4/3, 82
2023/4/4, 68
2023/4/5, 75
2023/4/6, 72
2023/4/7, 77
2023/4/8, 44
2023/4/9, 46
2023/4/10, 42
2023/4/11, 41
2023/4/12, 37
2023/4/13, 31
2023/4/14, 46
2023/4/15, 58
2023/4/16, 60
2023/4/17, 66
2023/4/18, 38
2023/4/19, 52
2023/4/20, 54
2023/4/21, 60
2023/4/22, 57
2023/4/23, 59
2023/4/24, 67
2023/4/25, 57
2023/4/29, 73
2023/4/30, 69
2023/5/1, 52
2023/5/2, 61
2023/5/3, 74
2023/5/4, 91
2023/5/5, 91
2023/5/6, 85
2023/5/7, 87
2023/5/8, 96
2023/5/9, 59
2023/5/10, 58
2023/5/11, 52
2023/5/12, 58
2023/5/13, 63
2023/5/14, 81
2023/5/15, 51
2023/5/16, 43
2023/5/17, 46
2023/5/18, 58
2023/5/19, 66
2023/5/20, 63
2023/5/21, 58
2023/5/22, 36
2023/5/23, 48
2023/5/24, 53
2023/5/25, 52
2023/5/26, 67
2023/5/27, 64
2023/5/28, 61
2023/5/29, 57
2023/5/30, 58
2023/5/31, 64
2023/6/1, 63
2023/6/2, 65
2023/6/3, 72
2023/6/4, 71
2023/6/6, 35
2023/6/7, 54
2023/6/8, 63
2023/6/9, 63
2023/6/10, 69
2023/6/11, 76
2023/6/12, 79
2023/6/13, 63
2023/6/14, 39
2023/6/15, 43
2023/6/16, 54
2023/6/17, 72
2023/6/18, 87
2023/6/19, 83
2023/6/20, 66
2023/6/21, 56
2023/6/22, 59
2023/6/23, 59
2023/6/24, 67
2023/6/25, 55
2023/6/26, 42
2023/6/27, 34
2023/6/28, 49
2023/6/29, 52
2023/6/30, 35
2023/7/1, 38
2023/2/17, 60
2023/3/28, 89
2023/3/29, 76
2023/3/30, 63
2022/10/4, 55
2022/10/5, 47
2022/10/6, 46
2022/10/7, 28
2022/10/8, 24
2022/10/9, 19
2022/11/14, 63
2022/11/15, 64
2022/11/16, 52
2022/11/17, 52
2022/11/18, 32
2022/11/19, 34
2022/11/20, 44
2022/11/21, 31
2022/11/22, 28
2022/11/23, 35
2022/11/24, 49
2022/11/25, 69
2022/11/26, 65
2022/11/27, 64
2022/11/28, 48
2022/11/29, 46
2022/11/30, 56
2022/12/1, 54
2022/12/2, 23
2022/12/3, 27
2022/12/4, 22
2022/12/5, 26
2022/12/6, 33
2022/12/7, 36
2022/12/8, 43
2022/12/9, 68
2022/12/10, 59
2022/12/11, 57
2022/12/12, 60
2022/12/13, 62
2022/12/14, 76
2022/12/15, 70
2022/12/16, 67
2022/12/17, 84
2022/12/18, 70
2022/12/19, 65
2022/12/20, 58
2022/12/21, 54
2022/12/22, 58
2022/12/23, 82
2022/8/6, 70
2022/8/9, 30
2022/9/13, 46
2022/9/15, 41
2022/9/16, 25
2022/9/17, 20
2022/9/18, 19
2022/9/19, 22
2022/9/20, 27
2022/9/21, 29
2022/9/22, 30
2022/9/23, 41
2022/9/24, 26
2022/9/25, 43
2022/4/2, 77
2022/4/3, 62
2022/4/4, 68
2022/4/5, 66
2022/4/6, 68
2022/4/7, 74
2022/4/8, 75
2022/4/9, 59
2022/4/10, 53
2022/4/11, 68
2022/4/12, 54
2022/4/13, 67
2022/4/14, 75
2022/4/15, 73
2022/4/16, 87
2022/4/17, 58
2022/4/18, 65
2022/4/19, 76
2022/4/20, 67
2022/4/21, 64
2022/4/22, 73
2022/4/23, 43
2022/4/24, 68
2022/4/25, 65
2022/4/26, 68
2022/4/27, 45
2022/4/28, 24
2022/4/29, 40
2022/4/30, 54
2022/5/1, 68
2022/5/2, 70
2022/5/3, 86
2022/5/4, 84
2022/5/5, 77
2022/5/6, 82
2022/5/7, 78
2022/5/8, 87
2022/5/9, 79
2022/5/10, 74
2022/5/11, 89
2022/5/12, 69
2022/5/13, 54
2022/5/14, 55
2022/5/15, 54
2022/5/16, 55
2022/5/17, 50
2022/5/18, 61
2022/5/19, 61
2022/5/20, 53
2022/5/21, 76
2022/5/22, 79
2022/5/23, 98
2022/5/24, 91
2022/5/25, 70
2022/5/26, 78
2022/5/27, 92
2022/5/30, 58
2022/5/31, 57
2022/6/17, 61
2022/1/12, 29
2022/1/13, 35
2022/1/14, 37
2022/1/15, 53
2022/1/16, 63
2022/1/17, 59
2022/1/18, 58
2022/1/19, 58
2022/1/20, 61
2022/1/21, 56
2022/1/22, 68
2022/1/23, 49
2022/1/24, 53
2022/1/25, 51
2022/1/26, 54
2022/1/27, 55
2022/1/28, 57
2022/1/29, 34
2022/1/30, 34
2022/2/2, 61
2022/2/3, 57
2022/2/4, 63
2022/2/5, 57
2022/2/6, 37
2022/2/7, 54
2022/2/8, 48
2022/2/9, 30
2022/2/10, 51
2022/2/11, 47
2022/2/12, 62
2022/2/13, 58
2022/2/14, 36
2022/2/15, 36
2022/2/16, 45
2022/2/17, 43
2022/2/18, 58
2022/2/19, 55
2022/2/20, 44
2022/2/21, 51
2022/2/22, 59
2022/2/24, 50
2022/2/25, 73
2022/2/26, 58
2022/2/27, 42
2022/2/28, 40
2022/3/1, 36
2022/3/2, 36
2022/3/3, 34
2022/3/10, 63
2022/3/11, 56
2022/3/12, 55
2022/3/13, 54
2022/3/14, 66
2022/3/15, 55
2022/3/16, 26
2022/3/20, 59
2022/3/21, 55
2022/3/22, 60
2022/3/23, 59
2022/3/24, 61
2022/3/25, 46
2022/3/26, 50
2022/3/27, 43
2022/3/28, 49
2022/3/29, 61
2022/3/30, 71
2022/3/31, 65
2022/4/1, 54
2021/10/18, 5
2021/10/19, 22
2021/10/20, 15
2021/10/21, 18
2021/10/27, 34
2021/10/28, 51
2021/10/29, 49
2021/10/30, 42
2021/11/4, 35
2021/11/5, 49
2021/11/6, 37
2021/11/7, 38
2021/11/8, 35
2021/11/17, 26
2021/11/18, 52
2021/11/19, 50
2021/11/20, 25
2021/11/21, 19
2021/11/22, 42
2021/11/23, 37
2021/11/24, 34
2021/11/25, 51
2021/11/26, 52
2021/11/27, 51
2021/11/28, 48
2021/11/29, 57
2021/11/30, 44
2021/12/1, 58
2021/12/2, 42
2021/12/3, 36
2021/12/4, 40
2021/12/5, 41
2021/12/6, 51
2021/12/7, 69
2021/12/8, 69
2021/12/9, 83
2021/12/10, 69
2021/12/11, 66
2021/12/12, 57
2021/12/13, 56
2021/12/14, 44
2021/12/15, 43
2021/12/16, 54
2021/12/17, 47
2021/12/18, 86
2021/12/19, 82
2021/12/20, 61
2021/12/21, 49
2021/12/22, 42
2021/12/23, 49
2021/12/24, 46
2021/12/25, 57
2021/12/26, 50
2021/12/27, 43
2021/12/28, 64
2021/12/29, 80
2021/12/30, 78
2021/12/31, 74
2022/1/1, 68
2021/7/2, 9
2021/7/3, 27
2021/7/4, 35
2021/7/5, 29
2021/7/6, 22
2021/7/7, 39
2021/7/22, 39
2021/7/23, 30
2021/7/24, 54
2021/7/25, 54
2021/7/26, 50
2021/7/27, 35
2021/7/28, 28
2021/7/29, 35
2021/7/30, 30
2021/8/3, 33
2021/8/4, 38
2021/8/16, 10
2021/8/17, 19
2021/8/18, 24
2021/8/19, 30
2021/8/20, 44
2021/8/21, 28
2021/8/22, 17
2021/8/23, 13
2021/8/24, 34
2021/8/25, 36
2021/8/26, 26
2021/8/27, 42
2021/8/28, 52
2021/8/29, 43
2021/8/30, 31
2021/8/31, 17
2021/9/1, 21
2021/9/3, 39
2021/9/9, 17
2021/9/10, 35
2021/9/11, 25
2021/9/12, 19
2021/9/13, 8
2021/9/14, 15
2021/9/15, 18
2021/9/16, 31
2021/9/17, 36
2021/9/18, 35
2021/9/19, 24
2021/9/20, 30
2021/9/21, 20
2021/9/22, 44
2021/4/2, 32
2021/4/3, 10
2021/4/4, 15
2021/4/5, 22
2021/4/6, 26
2021/4/7, 42
2021/4/8, 51
2021/4/9, 54
2021/4/10, 74
2021/4/11, 66
2021/4/12, 69
2021/4/13, 75
2021/4/14, 66
2021/4/15, 67
2021/4/16, 59
2021/4/17, 75
2021/4/18, 92
2021/4/19, 65
2021/4/20, 50
2021/4/21, 45
2021/4/22, 46
2021/4/23, 60
2021/4/24, 89
2021/4/25, 87
2021/4/26, 70
2021/4/27, 75
2021/4/28, 74
2021/4/29, 83
2021/4/30, 77
2021/5/1, 63
2021/5/2, 62
2021/5/7, 67
2021/5/8, 57
2021/5/12, 57
2021/5/13, 40
2021/5/14, 16
2021/5/15, 12
2021/5/16, 22
2021/5/17, 31
2021/5/18, 52
2021/5/19, 43
2021/5/20, 56
2021/5/21, 49
2021/5/22, 51
2021/5/23, 56
2021/5/24, 54
2021/5/25, 41
2021/5/26, 52
2021/5/27, 47
2021/5/28, 44
2021/5/29, 48
2021/5/30, 66
2021/5/31, 50
2021/6/1, 64
2021/6/2, 60
2021/6/3, 21
2021/6/4, 27
2021/6/5, 34
2021/6/6, 37
2021/6/7, 30
2021/6/8, 32
2021/6/9, 50
2021/6/10, 65
2021/6/11, 40
2021/6/12, 22
2021/6/13, 17
2021/6/14, 13
2021/6/15, 13
2021/6/16, 24
2021/6/17, 23
2021/6/18, 14
2021/6/19, 12
2021/6/20, 29
2021/6/21, 29
2021/6/22, 36
2021/6/23, 24
2021/6/24, 36
2021/6/25, 36
2021/6/26, 45
2021/6/27, 35
2021/6/30, 20
2021/7/1, 21
2021/1/5, 44
2021/1/6, 41
2021/1/7, 47
2021/1/8, 49
2021/1/9, 42
2021/1/10, 45
2021/1/11, 44
2021/1/12, 41
2021/1/13, 27
2021/1/14, 30
2021/1/15, 52
2021/1/16, 40
2021/1/17, 42
2021/1/18, 40
2021/1/19, 40
2021/1/20, 46
2021/1/21, 51
2021/1/22, 48
2021/1/23, 64
2021/1/24, 60
2021/1/25, 63
2021/1/26, 52
2021/1/27, 52
2021/1/28, 44
2021/1/29, 27
2021/1/30, 31
2021/1/31, 46
2021/2/1, 41
2021/2/2, 25
2021/2/3, 30
2021/2/4, 32
2021/2/5, 55
2021/2/6, 64
2021/2/7, 61
2021/2/8, 69
2021/2/9, 57
2021/2/10, 53
2021/2/11, 64
2021/2/12, 62
2021/2/13, 45
2021/2/14, 44
2021/2/15, 45
2021/2/16, 36
2021/2/17, 46
2021/2/18, 46
2021/2/19, 48
2021/2/20, 23
2021/2/21, 30
2021/2/22, 47
2021/2/23, 50
2021/2/24, 46
2021/2/25, 42
2021/2/26, 39
2021/2/27, 52
2021/2/28, 64
2021/3/1, 70
2021/3/2, 72
2021/3/3, 42
2021/3/4, 39
2021/3/5, 53
2021/3/6, 50
2021/3/7, 43
2021/3/8, 42
2021/3/9, 29
2021/3/10, 31
2021/3/11, 31
2021/3/12, 33
2021/3/13, 45
2021/3/14, 67
2021/3/15, 64
2021/3/16, 68
2021/3/17, 65
2021/3/18, 52
2021/3/19, 64
2021/3/20, 44
2021/3/21, 39
2021/3/22, 43
2021/3/23, 50
2021/3/24, 51
2021/3/25, 49
2021/3/26, 52
2021/3/27, 61
2021/3/28, 61
2021/3/29, 80
2021/3/30, 30
2021/3/31, 49
2021/4/1, 57
2020/10/2, 18
2020/10/3, 23
2020/10/4, 19
2020/10/5, 45
2020/10/6, 43
2020/10/7, 42
2020/10/8, 35
2020/10/9, 33
2020/10/10, 30
2020/10/11, 24
2020/10/12, 31
2020/10/13, 28
2020/10/14, 42
2020/10/15, 26
2020/10/16, 32
2020/10/17, 37
2020/10/18, 27
2020/10/19, 25
2020/10/20, 19
2020/10/21, 22
2020/10/22, 22
2020/10/23, 27
2020/10/24, 25
2020/10/25, 33
2020/10/26, 28
2020/10/27, 28
2020/10/28, 41
2020/10/29, 62
2020/10/30, 42
2020/10/31, 25
2020/11/1, 28
2020/11/2, 22
2020/11/3, 29
2020/11/4, 25
2020/11/5, 23
2020/11/6, 29
2020/11/7, 35
2020/11/8, 37
2020/11/9, 49
2020/11/10, 48
2020/11/11, 41
2020/11/12, 45
2020/11/13, 55
2020/11/14, 46
2020/11/15, 58
2020/11/16, 51
2020/11/17, 22
2020/11/18, 15
2020/11/19, 21
2020/11/20, 19
2020/11/21, 15
2020/11/22, 16
2020/11/23, 13
2020/11/24, 18
2020/11/25, 39
2020/11/26, 47
2020/11/27, 47
2020/11/28, 50
2020/11/29, 43
2020/11/30, 54
2020/12/1, 15
2020/12/2, 47
2020/12/3, 58
2020/12/4, 45
2020/12/5, 43
2020/12/6, 45
2020/12/7, 40
2020/12/8, 28
2020/12/9, 16
2020/12/10, 20
2020/12/11, 47
2020/12/12, 53
2020/12/13, 55
2020/12/14, 48
2020/12/15, 58
2020/12/16, 58
2020/12/17, 36
2020/12/18, 34
2020/12/19, 59
2020/12/20, 61
2020/12/21, 36
2020/12/22, 46
2020/12/23, 51
2020/12/24, 50
2020/12/25, 57
2020/12/26, 40
2020/12/27, 53
2020/12/28, 38
2020/12/29, 42
2020/12/30, 53
2020/12/31, 68
2021/1/1, 51
2021/1/2, 58
2021/1/3, 43
2021/1/4, 41
2020/7/2, 52
2020/7/3, 60
2020/7/4, 51
2020/7/5, 35
2020/7/6, 25
2020/7/7, 31
2020/7/8, 44
2020/7/9, 36
2020/7/10, 22
2020/7/11, 26
2020/7/12, 41
2020/7/13, 24
2020/7/14, 28
2020/7/15, 40
2020/7/16, 49
2020/7/17, 60
2020/7/18, 67
2020/7/19, 67
2020/7/20, 74
2020/7/21, 50
2020/7/22, 52
2020/7/23, 44
2020/7/24, 37
2020/7/25, 35
2020/7/26, 35
2020/7/27, 32
2020/7/28, 51
2020/7/29, 46
2020/7/30, 32
2020/7/31, 37
2020/8/1, 26
2020/8/2, 28
2020/8/3, 44
2020/8/4, 28
2020/8/5, 26
2020/8/6, 31
2020/8/7, 30
2020/8/8, 23
2020/8/9, 11
2020/8/10, 12
2020/8/11, 11
2020/8/12, 20
2020/8/13, 27
2020/8/14, 31
2020/8/15, 30
2020/8/16, 23
2020/8/17, 23
2020/8/18, 19
2020/8/19, 16
2020/8/20, 20
2020/8/21, 28
2020/8/22, 29
2020/8/23, 37
2020/8/24, 44
2020/8/25, 42
2020/8/26, 22
2020/8/27, 10
2020/8/28, 24
2020/8/29, 33
2020/8/30, 49
2020/8/31, 37
2020/9/1, 23
2020/9/2, 43
2020/9/3, 41
2020/9/4, 55
2020/9/5, 38
2020/9/6, 12
2020/9/7, 12
2020/9/8, 11
2020/9/9, 21
2020/9/10, 42
2020/9/11, 41
2020/9/23, 57
2020/9/24, 53
2020/9/25, 46
2020/9/26, 40
2020/9/27, 36
2020/9/28, 32
2020/9/29, 33
2020/9/30, 34
2020/10/1, 22
2020/4/2, 86
2020/4/7, 47
2020/4/8, 47
2020/4/17, 44
2020/4/18, 64
2020/4/20, 50
2020/4/21, 56
2020/4/22, 64
2020/4/23, 66
2020/4/24, 57
2020/4/25, 57
2020/4/26, 77
2020/4/27, 62
2020/4/28, 54
2020/4/29, 58
2020/4/30, 36
2020/5/1, 40
2020/5/2, 41
2020/5/3, 45
2020/5/4, 36
2020/5/5, 50
2020/5/6, 42
2020/5/7, 46
2020/5/8, 50
2020/5/9, 52
2020/5/11, 26
2020/5/12, 30
2020/5/13, 46
2020/5/14, 66
2020/5/15, 74
2020/5/16, 79
2020/5/18, 56
2020/5/19, 46
2020/5/20, 55
2020/5/21, 88
2020/5/22, 58
2020/5/23, 60
2020/5/24, 54
2020/5/25, 50
2020/5/26, 54
2020/5/27, 73
2020/5/28, 89
2020/5/29, 50
2020/5/30, 35
2020/5/31, 23
2020/6/1, 27
2020/6/2, 36
2020/6/3, 34
2020/6/4, 26
2020/6/5, 32
2020/6/6, 30
2020/6/7, 40
2020/6/8, 51
2020/6/9, 50
2020/6/10, 37
2020/6/11, 62
2020/6/12, 35
2020/6/13, 33
2020/6/14, 40
2020/6/15, 41
2020/6/16, 47
2020/6/17, 35
2020/6/18, 34
2020/6/19, 37
2020/6/20, 38
2020/6/21, 39
2020/6/22, 33
2020/6/23, 29
2020/6/24, 74
2020/6/25, 23
2020/6/26, 26
2020/6/27, 29
2020/6/28, 53
2020/6/29, 85
2020/6/30, 53
2020/7/1, 57
2020/1/8, 20
2020/1/9, 34
2020/1/10, 53
2020/1/11, 54
2020/1/12, 33
2020/1/13, 40
2020/1/14, 31
2020/1/15, 24
2020/1/16, 23
2020/1/17, 29
2020/1/18, 21
2020/1/19, 22
2020/1/20, 16
2020/1/23, 41
2020/1/24, 37
2020/1/25, 33
2020/1/26, 50
2020/1/27, 48
2020/1/28, 27
2020/1/29, 35
2020/1/30, 45
2020/1/31, 64
2020/2/1, 33
2020/2/4, 58
2020/2/5, 25
2020/2/6, 40
2020/2/7, 25
2020/2/8, 43
2020/2/9, 42
2020/2/10, 36
2020/2/11, 30
2020/2/12, 59
2020/2/13, 46
2020/2/14, 41
2020/2/15, 25
2020/2/16, 44
2020/2/17, 45
2020/2/18, 32
2020/2/20, 50
2020/2/21, 73
2020/2/22, 23
2020/2/23, 26
2020/2/24, 46
2020/2/25, 49
2020/2/26, 55
2020/2/27, 34
2020/2/28, 36
2020/2/29, 30
2020/3/2, 34
2020/3/3, 47
2020/3/4, 57
2020/3/5, 41
2020/3/6, 46
2020/3/7, 27
2020/3/8, 32
2020/3/9, 44
2020/3/10, 35
2020/3/11, 38
2020/3/12, 40
2020/3/13, 48
2020/3/14, 61
2020/3/15, 49
2020/3/16, 62
2020/3/17, 61
2020/3/18, 23
2020/3/20, 81
2020/3/21, 71
2020/3/22, 74
2020/3/23, 55
2020/3/24, 43
2020/3/25, 49
2020/3/26, 41
2020/3/27, 57
2020/3/28, 62
2020/3/29, 59
2020/3/30, 80
2020/3/31, 73
2020/4/1, 70
2019/10/3, 9
2019/10/4, 39
2019/10/5, 45
2019/10/6, 24
2019/10/7, 24
2019/10/8, 39
2019/10/9, 18
2019/10/10, 21
2019/10/11, 21
2019/10/12, 32
2019/10/13, 22
2019/10/14, 13
2019/10/15, 16
2019/10/16, 21
2019/10/17, 32
2019/10/18, 18
2019/10/19, 27
2019/10/20, 26
2019/10/21, 22
2019/10/22, 23
2019/10/23, 15
2019/10/24, 20
2019/10/25, 22
2019/10/26, 18
2019/10/27, 25
2019/11/7, 13
2019/11/8, 23
2019/11/9, 20
2019/11/11, 17
2019/11/12, 31
2019/11/13, 31
2019/11/14, 29
2019/11/15, 30
2019/11/16, 18
2019/11/18, 23
2019/11/19, 26
2019/11/20, 28
2019/11/21, 33
2019/11/22, 43
2019/11/23, 33
2019/11/25, 46
2019/11/26, 44
2019/11/27, 62
2019/11/28, 58
2019/11/29, 65
2019/11/30, 63
2019/12/2, 40
2019/12/3, 34
2019/12/4, 48
2019/12/5, 30
2019/12/6, 27
2019/12/7, 31
2019/12/9, 37
2019/12/10, 43
2019/12/13, 55
2019/12/14, 35
2019/12/15, 50
2019/12/16, 66
2019/12/26, 32
2019/12/27, 29
2019/12/28, 37
2019/12/29, 51
2019/7/2, 39
2019/7/3, 33
2019/7/4, 26
2019/7/9, 48
2019/7/10, 56
2019/7/11, 46
2019/7/12, 39
2019/7/13, 52
2019/7/14, 47
2019/7/15, 39
2019/7/16, 55
2019/7/17, 56
2019/7/18, 46
2019/7/19, 39
2019/7/20, 53
2019/7/21, 56
2019/7/22, 61
2019/7/23, 35
2019/7/24, 44
2019/7/25, 45
2019/7/26, 34
2019/7/27, 30
2019/7/28, 36
2019/7/29, 45
2019/7/30, 38
2019/7/31, 56
2019/8/1, 63
2019/8/2, 42
2019/8/3, 35
2019/8/4, 47
2019/8/8, 48
2019/8/9, 49
2019/8/10, 46
2019/8/11, 41
2019/8/12, 40
2019/8/13, 36
2019/8/14, 43
2019/8/15, 49
2019/8/16, 51
2019/8/17, 41
2019/8/18, 48
2019/8/19, 53
2019/8/23, 38
2019/8/24, 42
2019/8/25, 38
2019/8/26, 38
2019/8/27, 36
2019/8/28, 39
2019/8/29, 59
2019/8/30, 49
2019/8/31, 48
2019/9/1, 48
2019/9/2, 47
2019/9/3, 40
2019/9/4, 23
2019/9/5, 33
2019/9/6, 32
2019/9/7, 52
2019/9/8, 52
2019/9/9, 34
2019/9/10, 30
2019/9/11, 45
2019/9/12, 33
2019/9/13, 20
2019/9/14, 21
2019/9/15, 19
2019/9/16, 22
2019/9/17, 47
2019/9/18, 44
2019/4/2, 32
2019/4/3, 45
2019/4/4, 55
2019/4/5, 59
2019/4/6, 65
2019/4/7, 84
2019/4/8, 61
2019/4/12, 56
2019/4/13, 64
2019/4/14, 65
2019/4/15, 58
2019/4/16, 45
2019/4/17, 70
2019/4/18, 55
2019/4/19, 49
2019/4/20, 28
2019/4/21, 28
2019/4/22, 53
2019/4/23, 46
2019/4/24, 62
2019/4/25, 68
2019/4/26, 61
2019/4/27, 63
2019/4/28, 65
2019/4/29, 67
2019/4/30, 84
2019/5/1, 73
2019/5/2, 69
2019/5/3, 64
2019/5/4, 61
2019/5/5, 66
2019/5/6, 71
2019/5/7, 64
2019/5/8, 73
2019/5/9, 73
2019/5/10, 73
2019/5/11, 93
2019/5/12, 70
2019/5/13, 62
2019/5/14, 63
2019/5/15, 84
2019/5/16, 94
2019/5/17, 69
2019/5/18, 68
2019/5/19, 67
2019/5/20, 54
2019/5/21, 77
2019/5/22, 79
2019/5/23, 81
2019/5/24, 89
2019/5/25, 76
2019/5/26, 59
2019/5/27, 44
2019/5/28, 43
2019/5/29, 62
2019/5/30, 74
2019/5/31, 80
2019/6/1, 54
2019/6/2, 36
2019/6/3, 29
2019/6/4, 16
2019/6/5, 17
2019/6/6, 37
2019/6/7, 46
2019/6/8, 38
2019/6/9, 44
2019/6/10, 41
2019/6/11, 58
2019/6/12, 30
2019/6/13, 35
2019/6/14, 36
2019/6/15, 26
2019/6/17, 33
2019/6/18, 41
2019/6/19, 51
2019/6/20, 60
2019/6/21, 51
2019/6/22, 40
2019/6/23, 42
2019/6/24, 39
2019/6/25, 49
2019/6/26, 30
2019/6/27, 30
2019/6/28, 46
2019/6/29, 49
2019/6/30, 34
2019/7/1, 29
2019/1/2, 53
2019/1/3, 58
2019/1/4, 48
2019/1/5, 44
2019/1/6, 37
2019/1/7, 50
2019/1/8, 41
2019/1/9, 34
2019/1/10, 24
2019/1/11, 34
2019/1/12, 58
2019/1/13, 34
2019/1/14, 22
2019/1/15, 15
2019/1/16, 18
2019/1/17, 25
2019/1/18, 23
2019/1/19, 43
2019/1/20, 51
2019/1/21, 20
2019/1/22, 35
2019/1/23, 50
2019/1/24, 53
2019/1/25, 45
2019/1/26, 36
2019/1/27, 36
2019/1/28, 29
2019/1/29, 18
2019/1/30, 23
2019/1/31, 46
2019/2/1, 47
2019/2/2, 42
2019/2/3, 38
2019/2/4, 47
2019/2/5, 49
2019/2/6, 45
2019/2/7, 53
2019/2/8, 53
2019/2/9, 51
2019/2/10, 13
2019/2/11, 34
2019/2/12, 49
2019/2/13, 47
2019/2/14, 22
2019/2/15, 48
2019/2/16, 43
2019/2/17, 48
2019/2/18, 53
2019/2/19, 54
2019/2/20, 55
2019/2/27, 19
2019/2/28, 25
2019/3/1, 36
2019/3/2, 59
2019/3/3, 52
2019/3/4, 46
2019/3/5, 60
2019/3/6, 23
2019/3/7, 23
2019/3/8, 44
2019/3/9, 64
2019/3/10, 71
2019/3/11, 54
2019/3/12, 64
2019/3/13, 77
2019/3/14, 58
2019/3/15, 56
2019/3/16, 51
2019/3/17, 21
2019/3/18, 31
2019/3/19, 33
2019/3/20, 31
2019/3/21, 29
2019/3/22, 21
2019/3/23, 25
2019/3/24, 30
2019/3/25, 33
2019/3/26, 32
2019/3/27, 54
2019/3/28, 49
2019/3/29, 40
2019/3/30, 55
2019/3/31, 51
2019/4/1, 62
2018/10/2, 10
2018/10/3, 15
2018/10/4, 11
2018/10/5, 13
2018/10/6, 13
2018/10/7, 20
2018/10/8, 38
2018/10/9, 31
2018/10/10, 37
2018/10/11, 29
2018/10/12, 30
2018/10/13, 27
2018/10/14, 26
2018/10/15, 45
2018/10/16, 49
2018/10/17, 18
2018/10/18, 9
2018/10/19, 9
2018/10/20, 8
2018/11/13, 57
2018/11/14, 22
2018/11/15, 14
2018/11/16, 18
2018/11/17, 30
2018/11/18, 38
2018/11/19, 41
2018/11/20, 36
2018/11/21, 53
2018/11/22, 46
2018/11/23, 42
2018/11/24, 53
2018/11/25, 46
2018/11/26, 57
2018/11/27, 34
2018/11/28, 31
2018/11/29, 37
2018/11/30, 24
2018/12/1, 17
2018/12/4, 39
2018/12/5, 54
2018/12/6, 12
2018/12/7, 5
2018/12/10, 29
2018/12/11, 19
2018/12/12, 28
2018/12/13, 38
2018/12/14, 32
2018/12/15, 30
2018/12/16, 19
2018/12/17, 30
2018/12/18, 27
2018/12/19, 59
2018/12/20, 47
2018/12/21, 25
2018/12/22, 22
2018/12/23, 41
2018/12/24, 24
2018/12/25, 45
2018/12/26, 60
2018/12/27, 65
2018/12/28, 55
2018/12/29, 56
2018/12/30, 52
2018/12/31, 55
2018/7/2, 57
2018/7/3, 66
2018/7/4, 56
2018/7/5, 40
2018/7/6, 64
2018/7/7, 30
2018/7/8, 23
2018/7/9, 34
2018/7/10, 35
2018/7/11, 31
2018/7/12, 24
2018/7/13, 40
2018/7/14, 43
2018/7/15, 31
2018/7/16, 64
2018/7/17, 66
2018/7/18, 62
2018/7/19, 50
2018/7/20, 38
2018/7/21, 46
2018/7/22, 51
2018/7/23, 45
2018/7/24, 50
2018/7/25, 49
2018/7/26, 45
2018/7/27, 65
2018/7/28, 72
2018/7/29, 57
2018/7/31, 38
2018/8/1, 30
2018/8/2, 36
2018/8/3, 33
2018/8/4, 26
2018/8/5, 18
2018/8/8, 32
2018/8/9, 32
2018/8/10, 38
2018/8/11, 33
2018/8/12, 46
2018/8/13, 27
2018/8/14, 58
2018/8/15, 49
2018/8/16, 46
2018/8/17, 33
2018/8/18, 38
2018/8/19, 29
2018/8/20, 35
2018/8/21, 36
2018/8/22, 22
2018/8/23, 20
2018/8/24, 12
2018/8/25, 20
2018/8/26, 32
2018/8/27, 30
2018/8/28, 33
2018/8/29, 34
2018/8/30, 33
2018/8/31, 38
2018/9/3, 29
2018/9/4, 36
2018/9/5, 36
2018/9/6, 35
2018/9/7, 15
2018/9/8, 27
2018/9/9, 44
2018/9/10, 53
2018/9/11, 32
2018/9/12, 44
2018/9/13, 31
2018/9/15, 13
2018/9/16, 24
2018/9/17, 56
2018/9/18, 37
2018/9/19, 43
2018/9/20, 30
2018/9/21, 29
2018/9/22, 31
2018/9/23, 23
2018/9/24, 19
2018/9/25, 22
2018/9/26, 23
2018/9/27, 29
2018/4/6, 32
2018/4/7, 47
2018/4/8, 77
2018/4/9, 55
2018/4/10, 59
2018/4/11, 58
2018/4/12, 14
2018/4/13, 54
2018/4/14, 67
2018/4/15, 67
2018/4/16, 62
2018/4/17, 50
2018/4/18, 53
2018/4/19, 53
2018/4/20, 71
2018/4/21, 61
2018/4/22, 60
2018/4/23, 64
2018/4/24, 67
2018/4/25, 56
2018/4/26, 57
2018/4/27, 59
2018/4/28, 47
2018/4/29, 34
2018/4/30, 34
2018/5/1, 51
2018/5/2, 58
2018/5/3, 44
2018/5/4, 74
2018/5/5, 64
2018/5/6, 54
2018/5/7, 26
2018/5/8, 25
2018/5/9, 38
2018/5/10, 39
2018/5/11, 62
2018/5/12, 47
2018/5/13, 70
2018/5/14, 53
2018/5/15, 76
2018/5/16, 63
2018/5/17, 59
2018/5/18, 54
2018/5/19, 52
2018/5/21, 59
2018/5/22, 65
2018/5/23, 49
2018/5/24, 65
2018/5/25, 61
2018/5/26, 54
2018/5/27, 36
2018/5/28, 32
2018/5/29, 40
2018/5/30, 46
2018/5/31, 49
2018/6/1, 55
2018/6/2, 61
2018/6/3, 52
2018/6/4, 39
2018/6/5, 30
2018/6/6, 32
2018/6/7, 36
2018/6/8, 55
2018/6/9, 57
2018/6/12, 55
2018/6/13, 45
2018/6/14, 36
2018/6/15, 26
2018/6/16, 28
2018/6/17, 30
2018/6/18, 51
2018/6/19, 35
2018/6/20, 29
2018/6/21, 35
2018/6/22, 34
2018/6/28, 21
2018/6/29, 19