date, pm10, o3, no2
2025/8/2, 16, 26, 
2025/8/3, 21, 37, 
2025/8/4, 23, 37, 
2025/8/5, 25, 27, 
2025/8/6, 30, 20, 
2025/8/7, 30, 24, 
2025/8/8, 21, 33, 
2025/8/9, 21, 31, 
2025/8/10, 29, 36, 
2025/8/11, 25, 16, 
2025/8/12, 25, 39, 
2025/8/20, 34, 39, 
2025/8/21, 29, 37, 
2025/8/22, 28, 33, 
2025/8/23, 29, 39, 
2025/8/24, 19, 23, 
2025/8/25, 17, 34, 
2025/8/26, 25, 35, 
2025/8/27, 20, 28, 
2025/8/28, 24, 38, 
2025/8/29, 18, 20, 
2025/8/30, 19, , 
2025/7/2, 18, 25, 
2025/7/3, 22, 34, 
2025/7/4, 23, 43, 
2025/7/5, 24, 44, 
2025/7/6, 32, 25, 
2025/7/7, 26, 39, 
2025/7/8, 20, 36, 
2025/7/9, 25, , 
2025/7/11, 45, 33, 
2025/7/12, 24, 27, 
2025/7/13, 25, 31, 
2025/7/14, 30, 32, 
2025/7/15, 19, 32, 
2025/7/16, 24, 36, 
2025/7/17, 21, 27, 
2025/7/18, 27, 28, 
2025/7/19, 23, 29, 
2025/7/20, 24, 33, 
2025/7/21, 23, 46, 
2025/7/22, 27, 36, 
2025/7/23, 34, 37, 
2025/7/24, 29, 37, 
2025/7/25, 24, 38, 
2025/7/26, 22, , 
2025/7/30, 42, 34, 
2025/7/31, 22, 35, 
2025/8/1, 24, 22, 
2025/4/2, 54, 47, 
2025/4/3, 62, 43, 
2025/4/4, 46, 40, 
2025/4/5, 46, 31, 
2025/4/6, 56, 7, 
2025/4/7, 58, 44, 
2025/4/8, 42, 38, 
2025/4/9, 47, 56, 
2025/4/10, 43, 42, 
2025/4/11, 50, 42, 
2025/4/12, 52, 45, 
2025/4/13, 46, 48, 
2025/4/14, 40, 43, 
2025/4/15, 43, 47, 
2025/4/16, 53, 55, 
2025/4/17, 42, 57, 
2025/4/18, 46, 18, 
2025/4/19, 45, 50, 
2025/4/20, 55, 49, 
2025/4/21, 58, 50, 
2025/4/22, 50, 47, 
2025/4/23, 53, 43, 
2025/4/24, 65, 45, 
2025/4/25, 52, 50, 
2025/4/26, 54, 56, 
2025/4/27, 59, 47, 
2025/4/28, 54, 59, 
2025/4/29, 52, 53, 
2025/4/30, 50, 52, 
2025/5/1, 65, 52, 
2025/5/2, 52, 46, 
2025/5/3, 59, 46, 
2025/5/4, 61, 41, 
2025/5/5, 52, 44, 
2025/5/6, 54, 43, 
2025/5/7, 64, 43, 
2025/5/8, 50, 48, 
2025/5/9, 54, 49, 
2025/5/10, 71, 40, 
2025/5/11, 33, 43, 
2025/5/12, 28, 58, 
2025/5/13, 41, 50, 
2025/5/14, 53, 60, 
2025/5/15, 63, 56, 
2025/5/16, 50, , 
2025/5/19, 78, 47, 
2025/5/20, 45, 18, 
2025/5/21, 43, 17, 
2025/5/22, 31, 41, 
2025/5/23, 36, 6, 
2025/5/24, 28, 51, 
2025/5/25, 38, 47, 
2025/5/26, 31, 55, 
2025/5/27, 25, 52, 
2025/5/28, 31, 42, 
2025/5/29, 32, 29, 
2025/5/30, 32, 39, 
2025/5/31, 19, 39, 
2025/6/1, 21, 44, 
2025/6/2, 15, 36, 
2025/6/3, 28, 41, 
2025/6/4, 20, 33, 
2025/6/5, 26, 28, 
2025/6/6, 30, , 
2025/6/10, 33, 45, 
2025/6/11, 35, , 
2025/6/19, 23, 14, 
2025/6/20, 16, 4, 
2025/6/21, 9, 11, 
2025/6/22, 14, 16, 
2025/6/23, 11, 21, 
2025/6/24, 14, 16, 
2025/6/25, 22, 22, 
2025/6/26, 20, 8, 
2025/6/27, 16, , 
2025/6/29, 18, 20, 
2025/6/30, 16, 21, 
2025/7/1, 17, 16, 
2025/1/2, 64, 38, 
2025/1/3, 65, 31, 
2025/1/4, 65, 36, 
2025/1/5, 65, 44, 
2025/1/6, 65, 33, 
2025/1/7, 67, 24, 
2025/1/8, 47, 26, 
2025/1/9, 40, 20, 
2025/1/10, 44, 4, 
2025/1/11, 30, 8, 
2025/1/12, 21, 3, 
2025/1/13, 15, , 
2025/1/17, 52, 9, 
2025/1/18, 104, 8, 
2025/1/19, 30, 6, 
2025/1/20, 9, 10, 
2025/1/21, 9, , 
2025/1/24, 54, 30, 
2025/1/25, 62, 37, 
2025/1/26, 65, 51, 
2025/1/27, 56, , 
2025/1/29, 62, 41, 
2025/1/30, 67, 31, 
2025/1/31, 53, 33, 
2025/2/1, 65, 34, 
2025/2/2, 39, 35, 
2025/2/3, 38, 40, 
2025/2/4, 32, 20, 
2025/2/5, 36, 41, 
2025/2/6, 57, 59, 
2025/2/7, 55, 42, 
2025/2/8, 42, 37, 
2025/2/9, 49, 44, 
2025/2/10, 49, 48, 
2025/2/11, 57, 44, 
2025/2/12, 67, 33, 
2025/2/13, 60, 30, 
2025/2/14, 59, 40, 
2025/2/15, 47, 33, 
2025/2/16, 58, 38, 
2025/2/17, 68, 38, 
2025/2/18, 47, 34, 
2025/2/19, 57, 26, 
2025/2/20, 35, 34, 
2025/2/21, 43, 27, 
2025/2/22, 26, 31, 
2025/2/23, 26, 33, 
2025/2/24, 36, 35, 
2025/2/25, 35, 44, 
2025/2/26, 41, 45, 
2025/2/27, 52, 38, 
2025/2/28, 59, 46, 
2025/3/1, 43, 36, 
2025/3/2, 64, 31, 
2025/3/3, 45, 3, 
2025/3/4, 77, 15, 
2025/3/5, 43, 6, 
2025/3/6, 62, 46, 
2025/3/7, 75, 11, 
2025/3/9, 77, , 
2025/3/12, 52, 37, 
2025/3/13, 67, 39, 
2025/3/14, 55, 26, 
2025/3/15, 66, 34, 
2025/3/16, 49, 40, 
2025/3/17, 46, 44, 
2025/3/18, 60, 47, 
2025/3/19, 55, 45, 
2025/3/20, 60, 39, 
2025/3/21, 128, 44, 
2025/3/22, 50, 44, 
2025/3/23, 57, 45, 
2025/3/24, 31, 5, 
2025/3/25, 29, 44, 
2025/3/26, 46, 45, 
2025/3/27, 28, 29, 
2025/3/28, 55, 38, 
2025/3/29, 29, 43, 
2025/3/30, 36, 6, 
2025/3/31, 51, 3, 
2025/4/1, 70, 39, 
2024/10/2, 25, 35, 
2024/10/3, 27, 48, 
2024/10/4, 36, 39, 
2024/10/5, 32, 55, 
2024/10/6, 25, 23, 
2024/10/7, 18, 25, 
2024/10/8, 22, 33, 
2024/10/9, 22, 41, 
2024/10/10, 29, 39, 
2024/10/11, 35, 41, 
2024/10/12, 36, 43, 
2024/10/13, 35, 44, 
2024/10/14, 25, 44, 
2024/10/15, 29, 47, 
2024/10/16, 40, 47, 
2024/10/17, 45, 39, 
2024/10/18, 35, 42, 
2024/10/19, 33, 27, 
2024/10/20, 27, 28, 
2024/10/21, 22, 16, 
2024/10/22, 17, 29, 
2024/10/23, 24, 33, 
2024/10/24, 28, 38, 
2024/10/25, 26, 34, 
2024/10/26, 35, 33, 
2024/10/27, 34, 29, 
2024/10/28, 21, 36, 
2024/10/29, 36, 42, 
2024/10/30, 37, 46, 
2024/10/31, 56, 47, 
2024/11/1, 58, 28, 
2024/11/2, 42, 38, 
2024/11/3, 48, 31, 
2024/11/4, 40, 27, 
2024/11/5, 51, 32, 
2024/11/6, 53, 32, 
2024/11/7, 53, 37, 
2024/11/8, 51, 39, 
2024/11/9, 49, 39, 
2024/11/10, 52, 32, 
2024/11/11, 31, 28, 
2024/11/12, 43, 37, 
2024/11/13, 44, 46, 
2024/11/14, 56, 28, 
2024/11/15, 51, 42, 
2024/11/16, 43, , 
2024/11/18, 37, 27, 
2024/11/19, 40, 26, 
2024/11/20, 37, 27, 
2024/11/21, 59, 37, 
2024/11/22, 33, 35, 
2024/11/23, 33, 35, 
2024/11/24, 55, 58, 
2024/11/25, 58, 59, 
2024/11/26, 55, 39, 
2024/11/27, 58, 59, 
2024/11/28, 49, 44, 
2024/11/29, 69, 30, 
2024/11/30, 43, 34, 
2024/12/1, 66, 28, 
2024/12/2, 38, 27, 
2024/12/3, 52, 33, 
2024/12/4, 44, 42, 
2024/12/5, 46, 38, 
2024/12/6, 58, 35, 
2024/12/7, 42, 34, 
2024/12/8, 31, 40, 
2024/12/9, 34, 39, 
2024/12/10, 64, 49, 
2024/12/11, 71, 28, 
2024/12/12, 65, 41, 
2024/12/13, 42, 59, 
2024/12/14, 71, 6, 
2024/12/15, 48, , 
2024/12/18, 57, 33, 
2024/12/19, 48, 22, 
2024/12/20, 39, 11, 
2024/12/21, 36, 28, 
2024/12/22, 47, , 
2024/12/24, 58, 35, 
2024/12/25, 50, 8, 
2024/12/26, 86, , 
2024/7/6, 27, , 
2024/9/1, 26, 40, 
2024/9/2, 22, 30, 
2024/9/3, 23, 36, 
2024/9/4, 21, 52, 
2024/9/5, 21, 29, 
2024/9/6, 30, 15, 
2024/9/7, 20, 23, 
2024/9/8, 14, 38, 
2024/9/9, 20, 38, 
2024/9/10, 29, 34, 
2024/9/11, 26, 25, 
2024/9/12, 23, 18, 
2024/9/13, 20, 31, 
2024/9/14, 36, 39, 
2024/9/15, 31, 30, 
2024/9/16, 13, 26, 
2024/9/17, 20, 35, 
2024/9/18, 23, 34, 
2024/9/19, 14, 38, 
2024/9/20, 23, 32, 
2024/9/21, 30, 29, 
2024/9/22, 27, 25, 
2024/9/23, 23, 23, 
2024/9/24, 28, 24, 
2024/9/25, 25, 25, 
2024/9/26, 30, 16, 
2024/9/27, 16, 21, 
2024/9/28, 10, 32, 
2024/9/29, 16, 25, 
2024/9/30, 15, 37, 
2024/10/1, 23, 34, 
2024/4/2, 58, , 
2024/4/3, 49, , 
2024/4/4, 58, , 
2024/4/5, 47, , 
2024/4/6, 59, , 
2024/4/7, 57, , 
2024/4/8, 44, , 
2024/4/9, 68, , 
2024/4/10, 92, , 
2024/4/11, 56, , 
2024/4/12, 75, , 
2024/4/13, 69, , 
2024/4/14, 51, , 
2024/4/15, 40, , 
2024/4/16, 58, , 
2024/4/17, 58, , 
2024/4/18, 52, , 
2024/4/19, 60, , 
2024/4/24, 50, , 
2024/4/25, 54, , 
2024/4/26, 54, , 
2024/4/27, 52, , 
2024/4/28, 52, , 
2024/4/29, 67, , 
2024/4/30, 62, , 
2024/5/1, 53, , 
2024/5/2, 60, , 
2024/5/3, 48, , 
2024/5/4, 57, , 
2024/5/5, 65, , 
2024/5/6, 53, , 
2024/5/7, 50, , 
2024/5/8, 53, , 
2024/5/9, 56, , 
2024/5/10, 63, , 
2024/5/11, 66, , 
2024/5/12, 60, , 
2024/5/13, 59, , 
2024/5/14, 53, , 
2024/5/15, 62, , 
2024/5/16, 55, , 
2024/5/17, 50, , 
2024/5/18, 46, , 
2024/5/19, 57, , 
2024/5/20, 48, , 
2024/5/21, 53, , 
2024/5/22, 57, , 
2024/5/23, 56, , 
2024/5/24, 55, , 
2024/5/25, 51, , 
2024/5/26, 73, , 
2024/5/27, 47, , 
2024/5/28, 48, , 
2024/5/29, 49, , 
2024/6/8, 56, 54, 
2024/6/9, 33, 70, 
2024/6/10, 34, 65, 
2024/6/11, 23, 46, 
2024/6/12, 35, 44, 
2024/6/13, 38, 48, 
2024/6/14, 28, 38, 
2024/6/15, 35, 38, 
2024/6/16, 29, 42, 
2024/6/17, 27, 44, 
2024/6/18, 34, 46, 
2024/6/19, 62, 40, 
2024/6/20, 68, 21, 
2024/6/21, 10, 28, 
2024/6/22, 19, 36, 
2024/6/23, 13, 37, 
2024/6/24, 18, 30, 
2024/6/25, 12, 30, 
2024/6/26, 16, 38, 
2024/6/27, 15, 48, 
2024/6/28, 15, , 
2024/1/2, 65, , 8
2024/1/3, 45, , 8
2024/1/4, 55, , 5
2024/1/5, 54, , 4
2024/1/6, 49, , 6
2024/1/7, 44, , 6
2024/1/8, 41, , 5
2024/1/9, 52, , 7
2024/1/10, 46, , 7
2024/1/11, 61, , 8
2024/1/12, 55, , 8
2024/1/13, 64, , 8
2024/1/14, 71, , 8
2024/1/15, 73, , 9
2024/1/16, 75, , 11
2024/1/17, 87, , 
2024/2/15, 39, , 5
2024/2/16, 62, , 4
2024/2/17, 40, , 3
2024/2/18, 19, , 4
2024/2/19, 33, , 6
2024/2/20, 56, , 7
2024/2/21, 48, , 7
2024/2/22, 51, , 8
2024/2/23, 74, , 8
2024/2/24, 80, , 6
2024/2/25, 59, , 4
2024/2/26, 49, , 6
2024/2/27, 56, , 7
2024/2/28, 69, , 7
2024/2/29, 79, , 3
2024/3/1, 62, , 
2024/3/5, 53, , 4
2024/3/6, 45, , 6
2024/3/7, 59, , 5
2024/3/8, 56, , 4
2024/3/9, 48, , 5
2024/3/10, 61, , 2
2024/3/11, 43, , 3
2024/3/12, 37, , 4
2024/3/13, 49, , 4
2024/3/14, 49, , 4
2024/3/15, 49, , 4
2024/3/16, 48, , 4
2024/3/17, 60, , 3
2024/3/18, 47, , 3
2024/3/19, 46, , 3
2024/3/20, 35, , 4
2024/3/21, 46, , 4
2024/3/22, 64, , 3
2024/3/23, 45, , 
2024/3/24, 55, , 
2024/3/25, 83, , 
2024/3/26, 57, , 
2024/3/27, 47, , 
2024/3/28, 54, , 
2024/3/29, 51, , 
2024/3/30, 34, , 
2024/3/31, 54, , 
2024/4/1, 53, , 
2023/10/2, 29, , 5
2023/10/3, 40, , 4
2023/10/4, 31, , 5
2023/10/5, 24, , 7
2023/10/6, 33, , 4
2023/10/7, 28, , 
2023/11/10, 59, , 8
2023/11/11, 34, , 5
2023/11/12, 28, , 3
2023/11/13, 15, , 5
2023/11/14, 22, , 4
2023/11/15, 24, , 5
2023/11/16, 28, , 8
2023/11/17, 38, , 9
2023/11/18, 47, , 8
2023/11/19, 47, , 9
2023/11/20, 62, , 10
2023/11/21, 64, , 8
2023/11/22, 61, , 4
2023/11/23, 28, , 5
2023/11/24, 33, , 8
2023/11/25, 46, , 8
2023/11/26, 69, , 6
2023/11/27, 42, , 6
2023/11/28, 41, , 4
2023/11/29, 35, , 5
2023/11/30, 27, , 6
2023/12/1, 22, , 7
2023/12/2, 24, , 9
2023/12/3, 46, , 6
2023/12/4, 31, , 5
2023/12/5, 16, , 4
2023/12/6, 20, , 4
2023/12/7, 24, , 7
2023/12/8, 11, , 8
2023/12/9, 35, , 9
2023/12/10, 58, , 6
2023/12/11, 35, , 7
2023/12/12, 14, , 6
2023/12/13, 20, , 5
2023/12/14, 29, , 5
2023/12/15, 32, , 5
2023/12/16, 30, , 5
2023/12/17, 32, , 5
2023/12/18, 26, , 8
2023/12/19, 43, , 7
2023/12/20, 47, , 10
2023/12/21, 54, , 7
2023/12/22, 46, , 6
2023/12/23, 40, , 6
2023/12/24, 52, , 4
2023/12/25, 28, , 5
2023/12/26, 74, , 4
2023/12/27, 14, , 6
2023/12/28, 32, , 8
2023/12/29, 54, , 7
2023/12/30, 39, , 6
2023/12/31, 36, , 10
2024/1/1, 56, , 7
2023/7/2, 30, 51, 5
2023/7/3, 29, 69, 4
2023/7/4, 32, 65, 5
2023/7/5, 35, 63, 5
2023/7/6, 33, 58, 4
2023/7/7, 40, 45, 4
2023/7/8, 33, 42, 5
2023/7/9, 28, 56, 3
2023/7/10, 22, 62, 4
2023/7/11, 25, 65, 4
2023/7/12, 20, 52, 6
2023/7/13, 34, 61, 6
2023/7/14, 39, 63, 5
2023/7/15, 53, 63, 6
2023/7/20, 61, 42, 4
2023/7/21, 39, 60, 4
2023/7/22, 41, 41, 4
2023/7/23, 43, 18, 3
2023/7/24, 49, , 3
2023/7/25, 22, , 4
2023/8/2, 75, , 3
2023/8/3, 44, , 4
2023/8/4, 32, , 5
2023/8/5, 53, , 5
2023/8/6, 24, , 5
2023/8/7, 35, , 6
2023/8/8, 39, , 7
2023/8/9, 56, , 6
2023/8/10, 34, , 6
2023/8/12, 28, , 5
2023/8/13, 29, , 3
2023/8/14, 27, , 4
2023/8/15, 23, , 3
2023/8/16, 32, , 4
2023/8/17, 33, , 6
2023/8/18, 24, , 5
2023/8/19, 16, , 5
2023/8/20, 20, , 4
2023/8/21, 30, , 
2023/8/23, 21, , 4
2023/8/24, 26, , 3
2023/8/25, 24, , 4
2023/8/26, 35, , 4
2023/8/27, 29, , 3
2023/8/28, 18, , 5
2023/8/29, 29, , 5
2023/8/30, 31, , 6
2023/8/31, 36, , 4
2023/9/1, 16, , 6
2023/9/2, 23, , 5
2023/9/3, 35, , 3
2023/9/4, 30, , 6
2023/9/5, 34, , 5
2023/9/6, 33, , 6
2023/9/7, 32, , 
2023/9/13, 47, , 6
2023/9/14, 44, , 5
2023/9/15, 45, , 4
2023/9/16, 39, , 3
2023/9/17, 37, , 2
2023/9/18, 25, , 5
2023/9/19, 23, , 5
2023/9/20, 27, , 5
2023/9/21, 32, , 7
2023/9/22, 38, , 6
2023/9/23, 39, , 5
2023/9/24, 41, , 4
2023/9/25, 31, , 5
2023/9/26, 45, , 6
2023/9/27, 39, , 6
2023/9/28, 36, , 5
2023/9/29, 40, , 5
2023/9/30, 39, , 5
2023/10/1, 37, , 3
2023/4/2, 65, , 
2023/4/12, 59, 55, 5
2023/4/13, 35, 46, 6
2023/4/14, 70, 48, 7
2023/4/15, 67, 43, 7
2023/4/16, 69, 53, 6
2023/4/17, 98, 52, 4
2023/4/18, 76, 41, 6
2023/4/19, 76, 51, 7
2023/4/20, 76, 51, 7
2023/4/21, 100, 33, 7
2023/4/22, 85, 48, 3
2023/4/23, 112, 49, 6
2023/4/24, 135, 51, 6
2023/4/28, 76, 52, 9
2023/4/29, 73, 79, 
2023/4/30, 71, 75, 
2023/5/1, 48, 60, 
2023/5/2, 41, 55, 
2023/5/4, 75, 77, 8
2023/5/5, 85, 86, 7
2023/5/6, 77, 96, 6
2023/5/7, 71, 76, 4
2023/5/8, 65, 54, 5
2023/5/9, 64, 54, 5
2023/5/10, 54, 44, 5
2023/5/11, 77, 68, 5
2023/5/12, 62, 68, 6
2023/5/13, 75, 47, 6
2023/5/14, 76, 50, 3
2023/5/15, 46, 51, 4
2023/5/16, 48, 54, 6
2023/5/17, 52, 51, 6
2023/5/18, 52, 70, 5
2023/5/19, 61, 74, 4
2023/5/20, 52, 41, 4
2023/5/21, 25, 51, 3
2023/5/22, 31, 70, 4
2023/5/23, 33, 69, 5
2023/5/24, 54, 60, 5
2023/5/25, 46, 73, 4
2023/5/26, 58, 74, 4
2023/5/27, 54, 49, 4
2023/5/28, 49, 61, 3
2023/5/29, 35, 50, 6
2023/5/30, 50, 62, 6
2023/5/31, 50, 74, 5
2023/6/1, 52, 68, 5
2023/6/2, 57, 68, 7
2023/6/3, 74, 54, 6
2023/6/4, 61, 44, 5
2023/6/5, 83, 69, 4
2023/6/6, 51, 64, 3
2023/6/7, 47, 67, 4
2023/6/8, 57, 48, 6
2023/6/9, 56, 64, 8
2023/6/10, 74, 72, 6
2023/6/11, 76, 69, 5
2023/6/12, 67, 63, 5
2023/6/13, 68, 52, 6
2023/6/14, 63, 76, 6
2023/6/15, 50, 63, 7
2023/6/16, 68, 76, 6
2023/6/17, 66, 78, 4
2023/6/18, 70, 67, 4
2023/6/19, 66, 59, 5
2023/6/20, 72, 58, 4
2023/6/21, 61, 56, 5
2023/6/22, 67, 50, 5
2023/6/23, 69, 47, 4
2023/6/24, 89, 45, 4
2023/6/25, 88, 35, 2
2023/6/26, 61, 37, 2
2023/6/27, 47, 48, 3
2023/6/28, 51, 55, 4
2023/6/29, 68, 34, 3
2023/6/30, 94, 51, 4
2023/7/1, 30, 44, 5
2023/1/3, 42, 33, 8
2023/1/4, 48, 41, 9
2023/1/5, 62, 40, 9
2023/1/6, 53, 41, 9
2023/1/7, 47, 49, 9
2023/1/8, 60, 46, 9
2023/1/9, 50, 55, 8
2023/1/10, 57, 49, 8
2023/1/11, 56, 59, 10
2023/1/12, 61, 60, 9
2023/1/13, 81, 46, 6
2023/1/14, 55, 51, 8
2023/1/15, 68, 60, 9
2023/1/16, 75, 45, 10
2023/1/17, 81, 55, 11
2023/1/18, 78, 42, 10
2023/1/19, 88, 48, 11
2023/1/20, 87, 50, 10
2023/1/21, 75, 44, 9
2023/1/22, 87, 44, 8
2023/1/23, 64, 35, 7
2023/1/24, 82, 35, 7
2023/1/25, 66, 42, 9
2023/1/26, 73, 49, 7
2023/1/27, 68, 47, 7
2023/1/28, 49, 43, 8
2023/1/29, 57, 43, 8
2023/1/30, 82, 58, 10
2023/1/31, 78, 60, 9
2023/2/1, 61, 54, 6
2023/2/2, 56, 44, 8
2023/2/3, 78, 26, 7
2023/2/4, 68, , 
2023/2/6, 61, 49, 8
2023/2/7, 48, 61, 10
2023/2/8, 77, 51, 10
2023/2/9, 88, 58, 7
2023/2/10, 67, 53, 7
2023/2/11, 74, 48, 5
2023/2/13, 65, 53, 8
2023/2/14, 72, 37, 5
2023/2/15, 68, 38, 7
2023/2/16, 71, 39, 8
2023/2/17, 74, 44, 6
2023/2/18, 86, 49, 6
2023/2/19, 56, 60, 6
2023/2/20, 58, 66, 7
2023/2/21, 66, 46, 7
2023/2/22, 74, 37, 5
2023/2/23, 53, 63, 9
2023/2/24, 75, 53, 10
2023/2/25, 79, 71, 6
2023/2/26, 71, 48, 6
2023/2/27, 63, 45, 8
2023/2/28, 75, 64, 9
2023/3/1, 80, 45, 8
2023/3/2, 77, 44, 7
2023/3/3, 87, 50, 7
2023/3/4, 67, 46, 8
2023/3/5, 72, 15, 9
2023/3/6, 73, 71, 8
2023/3/7, 84, 63, 9
2023/3/8, 66, 76, 9
2023/3/9, 64, 78, 8
2023/3/10, 68, 66, 8
2023/3/11, 64, 70, 8
2023/3/12, 85, 62, 7
2023/3/13, 75, 48, 7
2023/3/14, 48, 49, 7
2023/3/15, 74, 51, 6
2023/3/16, 49, 42, 5
2023/3/17, 50, 42, 6
2023/3/18, 54, 38, 6
2023/3/19, 54, 41, 4
2023/3/20, 35, 47, 4
2023/3/21, 34, 44, 7
2023/3/22, 57, 66, 9
2023/3/23, 72, 55, 7
2023/3/24, 68, 45, 6
2023/3/25, 61, 57, 7
2023/3/26, 69, 51, 7
2023/3/27, 72, 57, 9
2023/3/28, 78, 88, 8
2023/3/29, 87, 78, 5
2023/3/30, 66, 60, 7
2023/3/31, 62, 66, 7
2023/4/1, 64, 92, 7
2022/10/2, 21, , 
2022/10/3, 35, , 
2022/10/4, 46, , 
2022/10/5, 31, , 
2022/10/6, 25, , 
2022/10/7, 19, , 
2022/10/8, 23, , 
2022/10/9, 23, , 
2022/10/10, 14, , 
2022/10/11, 29, 9, 6
2022/10/12, 23, 26, 5
2022/10/13, 26, 35, 4
2022/10/14, 35, 41, 6
2022/10/15, 39, 42, 5
2022/10/16, 37, 52, 5
2022/10/17, 36, 55, 6
2022/10/18, 46, 25, 4
2022/10/19, 33, 34, 4
2022/10/20, 36, 39, 5
2022/10/21, 27, 16, 6
2022/10/22, 32, , 
2022/10/25, 40, 44, 6
2022/10/26, 49, 53, 6
2022/10/27, 51, 41, 7
2022/10/28, 59, 40, 7
2022/10/29, 59, 57, 6
2022/10/30, 57, 46, 6
2022/10/31, 53, 40, 7
2022/11/1, 59, 51, 7
2022/11/2, 58, 46, 5
2022/11/3, 43, 47, 6
2022/11/4, 53, 62, 8
2022/11/5, 68, 48, 8
2022/11/6, 66, 56, 7
2022/11/7, 60, 43, 6
2022/11/8, 50, 34, 5
2022/11/9, 44, 14, 6
2022/11/10, 34, , 
2022/11/12, 76, 67, 8
2022/11/13, 76, 47, 5
2022/11/14, 42, 35, 6
2022/11/15, 61, 65, 8
2022/11/16, 75, 51, 6
2022/11/17, 46, 41, 5
2022/11/18, 49, 49, 6
2022/11/19, 47, 48, 6
2022/11/20, 54, 30, 4
2022/11/21, 34, 33, 4
2022/11/22, 16, 37, 6
2022/11/23, 33, 48, 7
2022/11/24, 46, 42, 7
2022/11/25, 55, 43, 7
2022/11/26, 56, , 
2022/11/29, 62, 41, 8
2022/11/30, 64, 36, 7
2022/12/1, 65, 27, 5
2022/12/2, 37, 35, 5
2022/12/3, 33, 27, 5
2022/12/4, 49, 32, 4
2022/12/5, 30, 44, 7
2022/12/6, 50, 53, 10
2022/12/7, 71, 55, 9
2022/12/8, 62, 44, 7
2022/12/9, 55, 38, 7
2022/12/10, 53, 50, 7
2022/12/11, 61, 57, 9
2022/12/12, 77, 51, 8
2022/12/13, 66, 45, 9
2022/12/14, 86, 42, 9
2022/12/15, 74, 44, 10
2022/12/16, 85, 51, 11
2022/12/17, 83, 48, 11
2022/12/18, 76, 40, 7
2022/12/19, 55, 38, 8
2022/12/20, 71, 40, 9
2022/12/21, 76, 42, 8
2022/12/22, 69, 49, 10
2022/12/23, 89, 52, 10
2022/12/24, 76, 44, 7
2022/12/25, 62, 35, 5
2022/12/26, 39, 36, 6
2022/12/27, 29, 40, 8
2022/12/28, 38, 43, 8
2022/12/29, 46, 36, 7
2022/12/30, 54, 37, 8
2022/12/31, 62, 32, 8
2023/1/1, 50, 29, 6
2023/1/2, 89, 26, 6
2022/7/2, 35, , 12
2022/7/3, 40, , 8
2022/7/4, 30, , 7
2022/7/5, 36, , 9
2022/7/6, 31, , 10
2022/7/7, 35, , 9
2022/7/8, 33, , 8
2022/7/9, 35, , 6
2022/7/10, 35, , 4
2022/7/11, 24, , 10
2022/7/12, 37, , 8
2022/7/13, 31, , 8
2022/7/14, 37, , 8
2022/7/15, 30, , 7
2022/7/16, 34, , 7
2022/7/17, 19, , 5
2022/7/18, 26, , 9
2022/7/19, 35, , 10
2022/7/20, 32, 72, 10
2022/7/21, 40, 82, 12
2022/7/22, 36, 72, 7
2022/7/23, 42, 60, 6
2022/7/24, 33, 45, 7
2022/7/25, 24, 38, 6
2022/7/26, 27, 44, 8
2022/7/27, 23, 41, 8
2022/7/28, 24, 53, 11
2022/7/29, 28, 37, 9
2022/7/30, 25, 41, 6
2022/7/31, 36, 46, 4
2022/8/1, 24, 48, 6
2022/8/2, 27, 46, 8
2022/8/3, 27, 54, 8
2022/8/4, 28, 49, 6
2022/8/5, 30, 55, 7
2022/8/6, 41, 49, 7
2022/8/7, 48, 35, 4
2022/8/8, 30, 35, 5
2022/8/9, 55, 37, 7
2022/8/10, 29, 39, 7
2022/8/11, 22, 43, 5
2022/8/12, 34, 40, 5
2022/8/13, 31, 64, 7
2022/8/14, 26, 49, 5
2022/8/15, 14, 40, 7
2022/8/16, 17, 36, 7
2022/8/17, 17, 47, 8
2022/8/18, 20, 60, 7
2022/8/19, 22, 49, 9
2022/8/20, 40, 39, 8
2022/8/21, 35, 37, 7
2022/8/22, 25, 51, 7
2022/8/23, 29, 51, 7
2022/8/24, 35, 66, 9
2022/8/25, 28, 47, 7
2022/8/26, 36, 44, 7
2022/8/27, 39, 64, 8
2022/8/28, 48, 56, 5
2022/8/29, 36, 53, 9
2022/8/30, 38, 49, 7
2022/8/31, 24, 48, 8
2022/9/1, 25, 37, 6
2022/9/2, 41, 33, 5
2022/9/3, 35, 25, 4
2022/9/4, 30, 26, 3
2022/9/5, 36, 19, 7
2022/9/6, 14, 29, 7
2022/9/7, 17, 36, 7
2022/9/8, 15, 28, 6
2022/9/9, 12, 48, 9
2022/9/10, 29, 50, 8
2022/9/11, 31, 43, 5
2022/9/12, 31, 23, 8
2022/9/13, 35, , 
2022/9/14, 34, , 
2022/9/15, 42, , 
2022/9/16, 26, , 
2022/9/17, 15, , 
2022/9/18, 19, , 
2022/9/19, 14, , 
2022/9/20, 23, , 
2022/9/21, 25, , 
2022/9/22, 30, , 
2022/9/23, 30, , 
2022/9/24, 26, , 
2022/9/25, 28, , 
2022/9/26, 23, , 
2022/9/27, 34, , 
2022/9/28, 27, , 
2022/9/29, 27, , 
2022/9/30, 38, , 
2022/10/1, 33, , 
2022/4/2, 60, 52, 15
2022/4/3, 66, 52, 9
2022/4/4, 58, 55, 9
2022/4/5, 65, 57, 9
2022/4/6, 61, 55, 14
2022/4/7, 73, 63, 7
2022/4/8, 98, 57, 6
2022/4/9, 51, 56, 6
2022/4/10, 60, 42, 9
2022/4/11, 58, 50, 9
2022/4/12, 42, 42, 11
2022/4/13, 43, 18, 13
2022/4/14, 53, 70, 12
2022/4/15, 56, 47, 6
2022/4/16, 53, 48, 10
2022/4/17, 62, 59, 9
2022/4/18, 54, 61, 8
2022/4/19, 56, 68, 8
2022/4/20, 39, 56, 10
2022/4/21, 46, 68, 11
2022/4/22, 65, 63, 7
2022/4/23, 29, 35, 6
2022/4/24, 31, 52, 6
2022/4/25, 45, 59, 8
2022/4/26, 45, 45, 6
2022/4/27, 50, 45, 5
2022/4/28, 31, 59, 7
2022/4/29, 43, 60, 10
2022/4/30, 48, 62, 9
2022/5/1, 65, 73, 8
2022/5/2, 53, 69, 10
2022/5/3, 68, 65, 16
2022/5/4, 69, 79, 14
2022/5/5, 70, 86, 12
2022/5/6, 65, 74, 10
2022/5/7, 68, 80, 11
2022/5/8, 63, 76, 9
2022/5/9, 61, 77, 8
2022/5/10, 64, 64, 8
2022/5/11, 58, 41, 5
2022/5/12, 51, 55, 7
2022/5/13, 42, 69, 10
2022/5/14, 55, 70, 8
2022/5/15, 51, 60, 5
2022/5/16, 46, 50, 10
2022/5/17, 48, 79, 9
2022/5/18, 61, , 
2022/5/22, 71, 86, 7
2022/5/23, 79, 80, 6
2022/5/24, 66, 74, 9
2022/5/25, 57, 80, 11
2022/5/26, 64, 60, 6
2022/5/27, 62, 45, 6
2022/5/28, 55, 54, 7
2022/5/29, 52, 55, 6
2022/5/30, 43, 74, 6
2022/5/31, 50, 58, 6
2022/6/1, 47, 50, 7
2022/6/2, 47, 42, 6
2022/6/3, 36, 57, 6
2022/6/4, 33, 56, 6
2022/6/5, 37, 61, 8
2022/6/6, 32, 69, 9
2022/6/7, 40, 85, 11
2022/6/8, 50, 81, 7
2022/6/9, 59, 40, 5
2022/6/10, 48, 56, 6
2022/6/11, 34, 72, 6
2022/6/12, 38, 62, 5
2022/6/13, 40, 86, 7
2022/6/14, 45, 42, 7
2022/6/15, 62, 38, 4
2022/6/18, 42, , 5
2022/6/19, 48, , 3
2022/6/20, 35, , 4
2022/6/21, 45, , 5
2022/6/22, 33, , 4
2022/6/23, 36, , 5
2022/6/24, 42, , 6
2022/6/25, 55, , 7
2022/6/26, 45, , 8
2022/6/27, 34, , 6
2022/6/28, 32, , 6
2022/6/29, 31, , 6
2022/6/30, 34, , 8
2022/7/1, 35, , 10
2022/1/4, 53, 43, 22
2022/1/5, 69, 51, 24
2022/1/6, 79, 42, 21
2022/1/7, 77, 48, 14
2022/1/8, 56, 46, 19
2022/1/9, 86, 53, 15
2022/1/10, 64, 32, 8
2022/1/11, 62, 29, 6
2022/1/12, 36, 36, 12
2022/1/13, 35, 39, 17
2022/1/14, 49, 43, 17
2022/1/15, 56, 41, 17
2022/1/16, 82, 45, 10
2022/1/17, 55, 37, 15
2022/1/18, 57, 43, 18
2022/1/19, 60, 40, 17
2022/1/20, 72, 39, 17
2022/1/21, 69, 30, 16
2022/1/22, 57, 38, 14
2022/1/23, 65, 45, 8
2022/1/24, 40, 34, 8
2022/1/25, 64, 35, 11
2022/1/26, 41, 39, 12
2022/1/27, 54, 33, 15
2022/1/28, 61, 38, 12
2022/1/29, 78, 40, 9
2022/1/30, 39, 37, 9
2022/1/31, 44, 34, 10
2022/2/1, 73, 38, 12
2022/2/2, 56, 34, 13
2022/2/3, 59, 12, 14
2022/2/4, 47, , 
2022/3/17, 56, 37, 9
2022/3/18, 53, 49, 14
2022/3/19, 79, 55, 9
2022/3/20, 63, 49, 6
2022/3/21, 44, 43, 9
2022/3/22, 60, 42, 8
2022/3/23, 56, 50, 12
2022/3/24, 61, 48, 12
2022/3/25, 55, 58, 8
2022/3/26, 48, 60, 8
2022/3/27, 45, 62, 11
2022/3/28, 48, 64, 14
2022/3/29, 68, 69, 13
2022/3/30, 69, 44, 11
2022/3/31, 64, 52, 12
2022/4/1, 58, 63, 12
2021/10/2, 16, 18, 11
2021/10/3, 20, , 
2021/10/5, 29, , 
2021/10/9, 35, , 
2021/10/18, 35, 41, 10
2021/10/19, 29, 40, 11
2021/10/20, 38, 35, 11
2021/10/21, 38, 28, 8
2021/10/22, 31, 25, 8
2021/10/23, 34, 29, 11
2021/10/24, 36, 38, 10
2021/10/25, 44, 7, 16
2021/10/26, 32, 27, 8
2021/10/27, 29, 34, 12
2021/10/28, 35, 45, 14
2021/10/29, 51, 43, 12
2021/10/30, 44, 47, 14
2021/10/31, 56, 38, 13
2021/11/1, 49, 34, 11
2021/11/2, 39, 29, 9
2021/11/3, 38, 35, 14
2021/11/4, 38, 37, 12
2021/11/5, 43, 40, 11
2021/11/6, 34, 36, 11
2021/11/7, 39, 41, 8
2021/11/8, 28, 37, 11
2021/11/9, 35, 38, 12
2021/11/10, 44, 51, 17
2021/11/11, 56, 59, 19
2021/11/12, 64, 42, 11
2021/11/13, 43, 32, 8
2021/11/14, 44, 37, 7
2021/11/15, 26, 37, 9
2021/11/16, 29, 43, 17
2021/11/17, 44, 46, 22
2021/11/18, 66, 51, 17
2021/11/19, 69, 27, 8
2021/11/20, 42, 37, 12
2021/11/21, 46, 39, 11
2021/11/22, 43, 31, 9
2021/11/23, 43, 38, 9
2021/11/24, 32, 35, 11
2021/11/25, 41, 38, 15
2021/11/26, 53, 37, 9
2021/11/27, 42, 38, 13
2021/11/28, 48, 51, 12
2021/11/29, 69, 46, 10
2021/11/30, 42, 44, 15
2021/12/1, 49, 121, 14
2021/12/2, 47, , 11
2021/12/3, 42, 18, 14
2021/12/4, 45, , 14
2021/12/5, 56, , 14
2021/12/6, 47, , 20
2021/12/7, 73, , 23
2021/12/8, 71, , 22
2021/12/9, 78, , 23
2021/12/10, 83, , 22
2021/12/11, 83, , 20
2021/12/12, 86, , 
2021/12/16, 79, 50, 20
2021/12/17, 67, 59, 18
2021/12/18, 66, 43, 18
2021/12/22, 49, 52, 23
2021/12/23, 63, 56, 24
2021/12/24, 69, 46, 23
2021/12/25, 77, 65, 17
2021/12/26, 102, 48, 15
2021/12/27, 49, 58, 19
2021/12/28, 70, 44, 17
2021/12/29, 71, 43, 19
2021/12/30, 70, 50, 20
2021/12/31, 75, 45, 16
2022/1/1, 68, 37, 12
2022/1/2, 115, , 
2021/7/6, 33, 33, 9
2021/7/7, 20, 34, 8
2021/7/8, 27, 28, 9
2021/7/9, 16, , 
2021/7/21, 26, 55, 7
2021/7/22, 31, 39, 8
2021/7/23, 22, 42, 9
2021/7/24, 38, 54, 9
2021/7/25, 41, 47, 7
2021/7/26, 44, 47, 11
2021/7/27, 31, 50, 10
2021/7/28, 32, 54, 9
2021/7/29, 31, , 
2021/8/2, 30, 53, 10
2021/8/3, 25, 49, 10
2021/8/4, 19, 42, 12
2021/8/5, 28, 42, 10
2021/8/6, 25, 46, 9
2021/8/7, 18, 46, 8
2021/8/8, 29, 32, 8
2021/8/9, 29, 45, 10
2021/8/10, 21, 44, 
2021/8/11, 29, 49, 
2021/8/12, 30, 54, 
2021/8/13, 34, 51, 
2021/8/14, 26, , 
2021/8/16, 25, 43, 
2021/8/17, 28, 48, 
2021/8/18, 34, 51, 
2021/8/19, 29, 43, 
2021/8/20, 37, 34, 
2021/8/21, 26, 17, 
2021/8/22, 12, , 
2021/8/24, 44, 29, 
2021/8/25, 37, 27, 
2021/8/26, 38, 29, 
2021/9/1, 31, 29, 
2021/9/2, 23, 27, 10
2021/9/3, 14, 26, 8
2021/9/4, 19, 37, 7
2021/9/5, 19, 40, 6
2021/9/6, 24, 31, 7
2021/9/7, 15, 32, 8
2021/9/8, 14, 37, 10
2021/9/9, 23, 41, 8
2021/9/10, 34, 41, 9
2021/9/11, 38, 22, 9
2021/9/12, 30, 32, 5
2021/9/13, 22, 31, 7
2021/9/14, 28, 16, 6
2021/9/15, 13, 33, 10
2021/9/16, 30, 40, 10
2021/9/17, 28, , 
2021/9/27, 35, 40, 10
2021/9/28, 38, 33, 9
2021/9/29, 20, 43, 10
2021/9/30, 32, 46, 8
2021/10/1, 15, 40, 10
2021/5/13, 63, 24, 4
2021/5/14, 22, 29, 5
2021/5/15, 22, 29, 6
2021/5/16, 31, 43, 5
2021/5/17, 20, 43, 7
2021/5/18, 39, 48, 9
2021/5/19, 41, 46, 9
2021/5/20, 43, 39, 6
2021/5/21, 44, 59, 7
2021/5/25, 36, 30, 7
2021/5/26, 41, 46, 6
2021/5/27, 41, 44, 5
2021/5/28, 46, 49, 6
2021/5/29, 50, 55, 7
2021/5/30, 56, 48, 6
2021/5/31, 33, 43, 5
2021/6/1, 44, 44, 5
2021/6/2, 40, 42, 6
2021/6/3, 19, 36, 6
2021/6/4, 13, 29, 7
2021/6/5, 18, 39, 9
2021/6/6, 40, 48, 9
2021/6/7, 28, 51, 5
2021/6/8, 39, 47, 10
2021/6/9, 46, 42, 11
2021/6/10, 42, 39, 7
2021/6/11, 35, 31, 7
2021/6/12, 38, 30, 4
2021/6/13, 31, 30, 5
2021/6/14, 11, 19, 4
2021/6/15, 13, 19, 5
2021/6/16, 29, 34, 5
2021/6/17, 26, 34, 6
2021/6/18, 24, 19, 
2021/6/19, 19, 32, 5
2021/6/20, 22, 7, 11
2021/6/21, 17, 35, 6
2021/6/22, 27, 38, 9
2021/6/23, 24, 43, 10
2021/6/24, 24, 40, 10
2021/6/25, 24, 31, 13
2020/1/8, 73, 50, 
2020/1/9, 58, 59, 
2020/1/10, 86, 43, 
2020/1/11, 84, 37, 
2020/1/12, 73, 41, 
2020/1/13, 56, 46, 
2020/1/14, 60, 40, 
2020/1/15, 55, 39, 
2020/1/16, 52, 38, 
2020/1/17, 52, 42, 
2020/1/18, 40, 36, 
2020/1/19, 49, 26, 
2020/1/20, 39, 27, 
2020/1/21, 25, 27, 
2020/1/22, 40, 29, 
2020/1/23, 50, 24, 
2020/1/24, 53, 37, 
2020/1/25, 38, 29, 
2020/1/26, 40, 24, 
2020/1/27, 53, 34, 
2020/1/28, 55, 43, 
2020/1/29, 63, 36, 
2020/1/30, 64, 24, 9
2020/1/31, 66, 31, 14
2020/2/1, 47, , 
2020/2/4, 71, 24, 10
2020/2/5, 25, 15, 10
2020/2/6, 20, 49, 14
2020/2/7, 35, 55, 22
2020/2/8, 59, 67, 22
2020/2/9, 63, 45, 14
2020/2/10, 50, 42, 14
2020/2/11, 52, 53, 15
2020/2/12, 60, 48, 9
2020/2/13, 44, 53, 15
2020/2/14, 57, 48, 11
2020/2/15, 43, 72, 14
2020/2/16, 53, 72, 14
2020/2/17, 53, 48, 16
2020/2/18, 46, 70, 18
2020/2/19, 57, 58, 15
2020/2/20, 55, 67, 10
2020/2/21, 52, , 
2020/2/24, 58, 49, 12
2020/2/25, 53, 43, 15
2020/2/26, 59, 52, 15
2020/2/27, 65, 57, 14
2020/2/28, 40, 77, 16
2020/2/29, 54, 78, 21
2020/3/1, 62, 49, 14
2020/3/2, 51, 58, 18
2020/3/3, 53, 45, 16
2020/3/4, 117, 54, 20
2020/3/5, 52, 59, 18
2020/3/6, 58, 44, 10
2020/3/7, 54, 73, 12
2020/3/8, 41, 66, 13
2020/3/9, 41, 72, 18
2020/3/10, 48, 73, 14
2020/3/11, 48, 87, 15
2020/3/12, 44, 89, 23
2020/3/13, 55, 103, 31
2020/3/14, 72, , 
2020/3/17, 26, 67, 16
2020/3/18, 34, , 
2020/3/21, 48, , 
2020/3/24, 40, 54, 12
2020/3/25, 25, 50, 14
2019/10/2, 27, 45, 9
2019/10/3, 35, 38, 9
2019/10/4, 38, 46, 9
2019/10/5, 37, 40, 8
2019/10/6, 36, 44, 6
2019/10/7, 30, 36, 9
2019/10/8, 46, 35, 9
2019/10/9, 39, 45, 10
2019/10/10, 41, 44, 9
2019/10/11, 39, 45, 11
2019/10/12, 48, 34, 7
2019/10/13, 39, 48, 6
2019/10/14, 29, 39, 8
2019/10/15, 39, 48, 9
2019/10/16, 40, 26, 8
2019/10/17, 51, 27, 8
2019/10/18, 24, 27, 8
2019/10/19, 24, 35, 8
2019/10/20, 34, 22, 5
2019/10/21, 19, 35, 10
2019/10/22, 31, 34, 9
2019/10/23, 35, 42, 9
2019/10/24, 32, 42, 9
2019/10/25, 33, 47, 10
2019/10/26, 41, 34, 9
2019/10/27, 21, 45, 9
2019/10/28, 32, 47, 14
2019/10/29, 46, 45, 12
2019/10/30, 53, 39, 11
2019/10/31, 49, 30, 9
2019/11/1, 42, 44, 10
2019/11/2, 37, 29, 8
2019/11/3, 39, 40, 6
2019/11/4, 25, 43, 12
2019/11/5, 41, 39, 10
2019/11/6, 44, 30, 8
2019/11/7, 38, 41, 9
2019/11/8, 37, 29, 7
2019/11/9, 46, 30, 6
2019/11/10, 40, 38, 8
2019/11/11, 35, 50, 11
2019/11/12, 56, 35, 8
2019/11/13, 52, 22, 9
2019/11/14, 36, 34, 10
2019/11/15, 55, 32, 6
2019/11/16, 35, 36, 6
2019/11/17, 35, 37, 7
2019/11/18, 37, 38, 7
2019/11/19, 35, 40, 9
2019/11/20, 52, 42, 11
2019/11/21, 64, 41, 10
2019/11/22, 66, 38, 10
2019/11/23, 61, 45, 9
2019/11/24, 60, 39, 5
2019/11/25, 44, 46, 9
2019/11/26, 65, 40, 7
2019/11/27, 67, 52, 6
2019/11/28, 67, 48, 4
2019/11/29, 55, 50, 5
2019/11/30, 75, 47, 5
2019/12/1, 87, 40, 2
2019/12/2, 68, 34, 3
2019/12/3, 52, 52, 4
2019/12/4, 62, 54, 6
2019/12/5, 80, 56, 5
2019/12/6, 68, 9, 6
2019/12/7, 68, , 
2019/12/9, 55, 60, 5
2019/12/10, 68, 50, 5
2019/12/11, 85, 37, 2
2019/12/12, 61, 34, 
2019/12/13, 51, 40, 
2019/12/14, 81, 54, 
2019/12/15, 96, 55, 
2019/12/16, 75, 41, 
2019/12/17, 78, 60, 
2019/12/18, 77, 29, 
2019/12/19, 48, 37, 
2019/12/20, 58, 22, 
2019/12/21, 58, , 
2019/7/2, 39, 62, 13
2019/7/3, 39, 50, 10
2019/7/4, 43, 46, 16
2019/7/5, 47, 53, 9
2019/7/6, 54, 41, 7
2019/7/7, 54, 54, 6
2019/7/8, 55, 58, 10
2019/7/9, 44, 59, 13
2019/7/10, 44, 52, 9
2019/7/11, 39, 47, 11
2019/7/12, 39, 28, 13
2019/7/13, 32, , 
2019/7/16, 45, 49, 14
2019/7/17, 44, 47, 11
2019/7/18, 36, 44, 11
2019/7/19, 36, 45, 12
2019/7/20, 42, , 
2019/7/22, 41, 53, 8
2019/7/23, 27, 25, 14
2019/7/24, 37, , 
2019/7/27, 39, , 
2019/7/30, 33, 54, 11
2019/7/31, 46, 49, 10
2019/8/1, 55, 51, 9
2019/8/2, 46, 53, 10
2019/8/3, 38, 47, 12
2019/8/4, 46, 45, 8
2019/8/5, 37, 57, 11
2019/8/6, 35, 53, 13
2019/8/7, 47, 49, 12
2019/8/8, 37, 55, 13
2019/8/9, 29, 61, 13
2019/8/10, 47, 44, 14
2019/8/11, 43, 50, 10
2019/8/12, 24, 47, 10
2019/8/13, 35, 58, 12
2019/8/14, 33, 60, 11
2019/8/15, 29, 63, 15
2019/8/16, 43, 50, 14
2019/8/17, 47, 78, 13
2019/8/18, 52, 62, 9
2019/8/19, 36, 35, 11
2019/8/20, 48, 31, 9
2019/8/21, 47, 50, 9
2019/8/22, 41, 42, 10
2019/8/23, 31, 45, 9
2019/8/24, 23, , 
2019/8/27, 42, 55, 11
2019/8/28, 31, 52, 13
2019/8/29, 47, 57, 12
2019/8/30, 51, 61, 12
2019/8/31, 48, 49, 11
2019/9/1, 48, 48, 7
2019/9/2, 42, 36, 10
2019/9/3, 46, 32, 14
2019/9/4, 42, 51, 6
2019/9/5, 48, 42, 11
2019/9/6, 37, 50, 14
2019/9/7, 42, 46, 11
2019/9/8, 38, 56, 10
2019/9/9, 35, 66, 11
2019/9/10, 42, 50, 11
2019/9/11, 45, 39, 10
2019/9/12, 35, 33, 9
2019/9/13, 38, 32, 9
2019/9/14, 38, 37, 7
2019/9/15, 33, 46, 7
2019/9/16, 32, 50, 7
2019/9/17, 31, 48, 10
2019/9/18, 41, 39, 11
2019/9/19, 44, 36, 8
2019/9/20, 26, 48, 11
2019/9/21, 34, 48, 11
2019/9/22, 43, 44, 6
2019/9/23, 32, 52, 9
2019/9/24, 39, 60, 11
2019/9/25, 45, 63, 12
2019/9/26, 50, 49, 15
2019/9/27, 45, 49, 12
2019/9/28, 45, 37, 8
2019/9/29, 41, 27, 7
2019/9/30, 24, 22, 9
2019/10/1, 21, 39, 10
2019/4/2, 54, 63, 
2019/4/3, 57, 65, 
2019/4/4, 58, 64, 
2019/4/5, 63, 61, 13
2019/4/6, 70, 58, 15
2019/4/7, 65, 61, 16
2019/4/8, 57, 70, 18
2019/4/9, 70, 62, 11
2019/4/10, 48, 77, 9
2019/4/11, 56, 68, 15
2019/4/12, 65, 67, 18
2019/4/13, 75, 66, 10
2019/4/14, 60, 85, 20
2019/4/15, 74, 97, 14
2019/4/16, 62, 68, 16
2019/4/17, 65, 50, 15
2019/4/18, 55, 59, 15
2019/4/19, 50, 57, 5
2019/4/20, 67, 67, 9
2019/4/21, 47, 60, 11
2019/4/22, 54, 56, 19
2019/4/23, 59, 63, 15
2019/4/24, 68, 57, 20
2019/4/25, 67, 59, 27
2019/4/26, 72, 69, 10
2019/4/27, 67, 84, 12
2019/4/28, 60, 75, 20
2019/4/29, 73, 79, 18
2019/4/30, 69, 76, 14
2019/5/1, 75, 79, 12
2019/5/2, 57, 68, 12
2019/5/3, 56, 64, 20
2019/5/4, 70, 52, 18
2019/5/5, 67, 54, 13
2019/5/6, 54, 57, 14
2019/5/7, 59, 68, 19
2019/5/8, 77, 69, 19
2019/5/9, 85, 71, 21
2019/5/10, 84, 66, 18
2019/5/11, 72, 55, 15
2019/5/12, 65, 48, 12
2019/5/13, 66, 54, 13
2019/5/14, 72, 27, 27
2019/5/15, 88, 73, 12
2019/5/16, 68, 77, 10
2019/5/17, 67, 62, 13
2019/5/18, 67, 65, 13
2019/5/19, 72, 70, 13
2019/5/20, 64, 75, 15
2019/5/21, 71, 77, 12
2019/5/22, 68, 80, 11
2019/5/23, 75, 98, 18
2019/5/24, 62, 65, 9
2019/5/25, 67, 59, 7
2019/5/26, 56, 63, 6
2019/5/27, 48, 71, 8
2019/5/28, 54, 72, 7
2019/5/29, 61, 81, 8
2019/5/30, 62, 72, 7
2019/5/31, 59, 56, 9
2019/6/1, 59, 44, 7
2019/6/2, 47, 31, 6
2019/6/3, 42, 28, 7
2019/6/4, 39, 40, 7
2019/6/5, 50, 43, 10
2019/6/6, 35, 63, 11
2019/6/7, 44, 72, 18
2019/6/8, 45, 68, 12
2019/6/9, 49, 69, 9
2019/6/10, 47, 54, 10
2019/6/11, 68, 55, 8
2019/6/12, 47, 55, 9
2019/6/13, 46, 40, 8
2019/6/14, 40, 24, 12
2019/6/15, 36, , 
2019/6/17, 53, 59, 9
2019/6/18, 56, 68, 10
2019/6/19, 55, 79, 7
2019/6/20, 60, 68, 11
2019/6/21, 51, 54, 14
2019/6/22, 54, 65, 12
2019/6/23, 60, 56, 7
2019/6/24, 33, 53, 12
2019/6/25, 50, 32, 10
2019/6/26, 35, 38, 14
2019/6/27, 42, 35, 8
2019/6/28, 53, 39, 8
2019/6/29, 47, 45, 8
2019/6/30, 48, , 
2019/1/2, 84, 32, 8
2019/1/3, 48, 35, 15
2019/1/4, 57, 41, 19
2019/1/5, 69, 49, 14
2019/1/6, 63, 50, 15
2019/1/7, 63, 32, 14
2019/1/8, 78, 26, 11
2019/1/9, 58, 23, 6
2019/1/10, 67, 40, 8
2019/1/11, 62, 39, 15
2019/1/12, 66, 23, 12
2019/1/13, 52, 29, 3
2019/1/14, 34, 24, 5
2019/1/15, 36, 29, 8
2019/1/16, 39, 31, 13
2019/1/17, 56, 30, 10
2019/1/18, 52, 34, 10
2019/1/19, 53, 37, 14
2019/1/20, 62, 31, 4
2019/1/21, 47, 37, 10
2019/1/22, 47, 39, 14
2019/1/23, 76, 29, 16
2019/1/24, 77, 37, 13
2019/1/25, 63, 34, 13
2019/1/26, 71, 25, 7
2019/1/27, 65, 16, 
2019/1/28, 47, 36, 
2019/1/29, 59, 41, 
2019/1/30, 61, 34, 
2019/1/31, 58, 31, 
2019/2/1, 72, 30, 
2019/2/2, 68, 33, 
2019/2/3, 74, 41, 
2019/2/4, 72, 42, 
2019/2/5, 70, 45, 
2019/2/6, 74, 47, 
2019/2/7, 78, 43, 
2019/2/8, 80, 30, 
2019/2/9, 86, 28, 
2019/2/10, 35, 37, 
2019/2/11, 37, 37, 
2019/2/12, 72, 41, 
2019/2/13, 74, 32, 
2019/2/14, 41, 39, 
2019/2/15, 67, 35, 
2019/2/16, 68, 41, 
2019/2/17, 75, 32, 
2019/2/18, 64, 34, 
2019/2/19, 62, 27, 
2019/2/20, 80, 24, 
2019/2/21, 63, 19, 
2019/2/22, 64, 28, 
2019/2/23, 59, 15, 
2019/2/24, 33, , 
2019/2/26, 49, 31, 
2019/2/27, 46, 38, 
2019/2/28, 53, 35, 
2019/3/1, 59, 35, 
2019/3/2, 68, 41, 
2019/3/3, 70, 44, 
2019/3/4, 65, 45, 
2019/3/5, 59, 48, 
2019/3/6, 73, 45, 
2019/3/7, 56, 48, 
2019/3/8, 64, 42, 
2019/3/9, 71, 31, 
2019/3/10, 71, , 
2019/3/21, 54, 36, 
2019/3/22, 39, 38, 
2019/3/23, 41, 42, 
2019/3/24, 52, 47, 
2019/3/25, 54, 56, 
2019/3/26, 60, 40, 
2019/3/27, 71, 41, 
2019/3/28, 50, 54, 
2019/3/29, 51, 56, 
2019/3/30, 61, , 
2018/10/2, 43, 26, 4
2018/10/3, 42, 27, 4
2018/10/4, 43, 30, 4
2018/10/5, 52, 34, 5
2018/10/6, 43, 16, 6
2018/10/7, 38, , 
2018/10/10, 43, 38, 11
2018/10/11, 57, 33, 6
2018/10/12, 43, 34, 6
2018/10/13, 52, 39, 7
2018/10/14, 53, 29, 5
2018/10/15, 34, 26, 6
2018/10/16, 28, 27, 6
2018/10/17, 29, 9, 7
2018/10/18, 19, 16, 4
2018/10/19, 2, 14, 2
2018/10/20, 54, , 
2018/11/8, 72, 43, 12
2018/11/9, 66, , 
2018/11/12, 62, 32, 10
2018/11/13, 59, 22, 8
2018/11/14, 49, 21, 5
2018/11/15, 24, 27, 11
2018/11/16, 45, 34, 11
2018/11/17, 50, 36, 15
2018/11/18, 68, 40, 13
2018/11/19, 62, 33, 13
2018/11/20, 56, 19, 12
2018/11/21, 57, 20, 21
2018/11/22, 80, 46, 19
2018/11/23, 80, 39, 19
2018/11/24, 86, 39, 16
2018/11/25, 73, 33, 11
2018/11/26, 60, 34, 12
2018/11/27, 65, 27, 11
2018/11/28, 54, 19, 12
2018/11/29, 54, 17, 7
2018/11/30, 20, 23, 9
2018/12/1, 45, 26, 11
2018/12/2, 60, 18, 14
2018/12/3, 59, 23, 16
2018/12/4, 73, 43, 14
2018/12/5, 71, 25, 7
2018/12/6, 49, 30, 11
2018/12/7, 51, 25, 10
2018/12/8, 51, 7, 11
2018/12/9, 61, 6, 10
2018/12/10, 58, 6, 6
2018/12/11, 48, , 9
2018/12/12, 52, , 13
2018/12/13, 66, , 7
2018/12/14, 54, , 13
2018/12/15, 64, , 13
2018/12/16, 73, , 7
2018/12/17, 42, 31, 23
2018/12/18, 91, 27, 16
2018/12/19, 79, 27, 11
2018/12/20, 73, 21, 13
2018/12/21, 66, 36, 19
2018/12/22, 68, 50, 23
2018/12/23, 102, 44, 18
2018/12/24, 76, 50, 14
2018/12/25, 67, 61, 18
2018/12/26, 121, 36, 15
2018/12/27, 78, 24, 13
2018/12/28, 70, 31, 15
2018/12/29, 64, 33, 19
2018/12/30, 81, 28, 8
2018/12/31, 74, , 
2018/7/2, 54, 14, 11
2018/7/3, 54, 6, 11
2018/7/4, 64, , 
2018/7/6, 60, , 
2018/7/10, 47, 22, 6
2018/7/11, 40, 25, 8
2018/7/12, 39, 26, 10
2018/7/13, 37, 28, 9
2018/7/14, 55, 8, 13
2018/7/15, 40, 19, 12
2018/7/18, 62, 32, 12
2018/7/19, 40, 33, 8
2018/7/20, 49, 36, 8
2018/7/21, 50, 32, 8
2018/7/22, 49, 32, 5
2018/7/23, 48, 37, 7
2018/7/24, 59, 34, 9
2018/7/25, 58, 36, 11
2018/7/26, 56, 30, 11
2018/7/27, 61, 37, 10
2018/7/28, 42, 32, 12
2018/7/29, 42, , 
2018/7/31, 47, 12, 10
2018/8/1, 45, , 
2018/8/4, 66, 21, 7
2018/8/5, 42, 19, 3
2018/8/6, 33, 19, 4
2018/8/7, 40, 21, 6
2018/8/8, 29, 45, 14
2018/8/9, 49, 35, 10
2018/8/10, 43, 33, 10
2018/8/11, 34, 48, 12
2018/8/12, 53, 40, 6
2018/8/13, 33, 32, 7
2018/8/14, 19, 31, 12
2018/8/15, 39, , 
2018/8/29, 40, 18, 11
2018/8/30, 30, 31, 7
2018/8/31, 38, 40, 7
2018/9/1, 41, , 
2018/9/3, 64, 41, 9
2018/9/4, 37, 31, 10
2018/9/5, 36, 36, 7
2018/9/6, 47, 26, 
2018/9/7, 40, 35, 
2018/9/8, 46, 32, 
2018/9/9, 28, , 
2018/9/11, 38, 34, 8
2018/9/12, 35, 34, 5
2018/9/13, 32, 33, 5
2018/9/14, 27, 35, 4
2018/9/15, 36, 32, 7
2018/9/16, 45, 29, 5
2018/9/17, 47, 37, 4
2018/9/18, 48, 40, 6
2018/9/19, 50, 47, 6
2018/9/20, 46, 38, 7
2018/9/21, 51, 39, 4
2018/9/22, 45, 33, 5
2018/9/23, 31, 29, 4
2018/9/24, 33, 30, 4
2018/9/25, 42, 34, 4
2018/9/26, 45, 18, 5
2018/9/27, 44, 31, 5
2018/9/28, 54, 29, 5
2018/9/29, 35, 32, 4
2018/9/30, 39, 30, 2
2018/10/1, 32, 29, 4
2018/4/2, 42, 30, 11
2018/4/3, 62, 31, 8
2018/4/4, 60, 35, 10
2018/4/5, 73, 32, 6
2018/4/6, 55, 26, 10
2018/4/7, 64, 4, 
2018/4/8, 70, , 
2018/4/10, 72, 30, 
2018/4/11, 95, 31, 
2018/4/12, 43, 33, 
2018/4/13, 39, 30, 
2018/4/14, 62, 31, 
2018/4/15, 59, 34, 
2018/4/16, 74, 71, 
2018/4/17, 54, , 
2018/4/18, 60, , 
2018/4/19, 61, 35, 4
2018/4/20, 65, 40, 7
2018/4/21, 59, 38, 10
2018/4/22, 65, 34, 6
2018/4/23, 68, 36, 6
2018/4/24, 57, 38, 8
2018/4/25, 58, 34, 10
2018/4/26, 62, 35, 9
2018/4/27, 59, 39, 6
2018/4/28, 71, 39, 6
2018/4/29, 53, 32, 5
2018/4/30, 48, 36, 11
2018/5/1, 64, 30, 9
2018/5/2, 63, 30, 9
2018/5/3, 49, 36, 8
2018/5/4, 63, 35, 9
2018/5/5, 39, 22, 6
2018/5/6, 32, 16, 1
2018/5/7, 24, 23, 4
2018/5/8, 43, 23, 12
2018/5/9, 42, 32, 16
2018/5/10, 50, 38, 9
2018/5/11, 47, 43, 13
2018/5/12, 48, 43, 8
2018/5/13, 57, 39, 5
2018/5/14, 41, 36, 9
2018/5/15, 49, 32, 9
2018/5/16, 46, 28, 10
2018/5/17, 48, 30, 10
2018/5/18, 47, 42, 16
2018/5/19, 60, 35, 19
2018/5/20, 59, 39, 16
2018/5/21, 71, 41, 13
2018/5/22, 64, 44, 15
2018/5/23, 52, 38, 12
2018/5/24, 57, 34, 10
2018/5/25, 58, 28, 11
2018/5/26, 53, 35, 12
2018/5/27, 50, 36, 12
2018/5/28, 50, 36, 15
2018/5/29, 56, 38, 22
2018/5/30, 65, 40, 19
2018/5/31, 67, 34, 16
2018/6/1, 70, 39, 10
2018/6/2, 58, 28, 9
2018/6/3, 50, , 
2018/6/5, 53, 36, 9
2018/6/6, 45, 36, 13
2018/6/7, 61, 36, 9
2018/6/8, 58, 29, 7
2018/6/9, 51, 25, 5
2018/6/10, 48, 30, 5
2018/6/11, 40, 26, 10
2018/6/12, 46, 27, 10
2018/6/13, 27, 16, 12
2018/6/14, 29, 16, 13
2018/6/15, 20, 20, 13
2018/6/16, 35, 28, 13
2018/6/17, 33, 26, 7
2018/6/18, 33, 24, 9
2018/6/19, 24, 20, 8
2018/6/20, 17, 17, 8
2018/6/21, 22, 22, 9
2018/6/22, 24, 22, 16
2018/6/23, 32, , 
2018/6/25, 39, 22, 12
2018/6/26, 34, 25, 12
2018/6/27, 38, 30, 6
2018/6/28, 33, 24, 12
2018/6/29, 33, 15, 19
2018/6/30, 32, , 
2018/1/9, 82, 22, 5
2018/1/10, 64, 40, 18
2018/1/11, 87, 36, 18
2018/1/12, 84, 33, 14
2018/1/13, 74, 27, 10
2018/1/14, 72, 27, 4
2018/1/15, 40, 26, 8
2018/1/16, 57, 24, 7
2018/1/17, 66, 25, 4
2018/1/18, 55, 28, 8
2018/1/19, 56, 28, 12
2018/1/20, 73, 26, 11
2018/1/21, 93, 21, 6
2018/1/22, 68, 26, 7
2018/1/23, 75, 31, 3
2018/1/24, 67, 23, 3
2018/1/25, 84, 20, 3
2018/1/26, 39, 14, 2
2018/1/27, 32, 8, 3
2018/1/28, 38, 12, 1
2018/1/29, 47, 17, 1
2018/1/30, 46, 25, 3
2018/1/31, 59, 24, 8
2018/2/1, 50, 25, 9
2018/2/2, 72, 25, 7
2018/2/3, 71, 30, 5
2018/2/4, 62, 33, 6
2018/2/5, 76, 37, 3
2018/2/6, 55, 33, 4
2018/2/7, 78, 34, 3
2018/2/8, 68, 19, 3
2018/2/9, 57, 10, 7
2018/2/10, 27, 18, 8
2018/2/11, 34, 20, 7
2018/2/12, 42, 28, 9
2018/2/13, 51, 26, 6
2018/2/14, 44, 24, 5
2018/2/15, 34, , 
2018/2/20, 50, 27, 10
2018/2/21, 50, 26, 13
2018/2/22, 62, 36, 9
2018/2/23, 62, 35, 7
2018/2/24, 58, 28, 7
2018/2/25, 66, 28, 5
2018/2/26, 58, 31, 5
2018/2/27, 65, 35, 6
2018/2/28, 55, 27, 15
2018/3/1, 58, 39, 8
2018/3/2, 67, 35, 6
2018/3/3, 66, 35, 7
2018/3/4, 58, 15, 8
2018/3/5, 51, 34, 12
2018/3/6, 70, 37, 13
2018/3/7, 78, 29, 7
2018/3/8, 62, 28, 8
2018/3/9, 49, 29, 11
2018/3/10, 65, 29, 17
2018/3/11, 72, 30, 14
2018/3/12, 70, 34, 6
2018/3/13, 72, 27, 8
2018/3/14, 50, 30, 10
2018/3/15, 62, 27, 13
2018/3/16, 69, 29, 13
2018/3/17, 71, 19, 13
2018/3/18, 60, 3, 18
2018/3/19, 74, , 
2018/3/21, 140, 31, 9
2018/3/22, 70, 25, 8
2018/3/23, 59, 30, 9
2018/3/24, 48, 27, 13
2018/3/25, 52, 34, 10
2018/3/26, 59, 34, 11
2018/3/27, 57, 36, 8
2018/3/28, 64, 30, 8
2018/3/29, 68, 20, 9
2018/3/30, 61, 31, 3
2018/3/31, 81, 32, 4
2018/4/1, 40, 35, 6
2017/10/4, 49, 11, 9
2017/10/5, 54, 11, 13
2017/10/6, 38, 11, 18
2017/10/7, 56, 19, 15
2017/10/8, 72, , 
2017/10/10, 62, 22, 15
2017/10/11, 65, 20, 12
2017/10/12, 45, 20, 12
2017/10/13, 44, 19, 11
2017/10/14, 43, 24, 13
2017/10/15, 43, 23, 10
2017/10/16, 38, 16, 12
2017/10/17, 46, 24, 11
2017/10/18, 52, 28, 15
2017/10/19, 56, 29, 19
2017/10/20, 52, 34, 19
2017/10/21, 58, 40, 20
2017/10/22, 65, 32, 16
2017/10/23, 65, 19, 13
2017/10/24, 57, 19, 12
2017/10/25, 69, 22, 11
2017/10/26, 37, 34, 14
2017/10/27, 44, 30, 21
2017/10/28, 65, 27, 10
2017/10/29, 43, , 
2017/11/8, 67, 23, 18
2017/11/9, 65, 26, 12
2017/11/10, 60, 27, 11
2017/11/11, 52, 9, 10
2017/11/12, 35, 21, 6
2017/11/13, 45, 19, 7
2017/11/14, 58, 20, 8
2017/11/15, 54, 23, 8
2017/11/16, 48, 21, 8
2017/11/17, 67, 21, 9
2017/11/18, 62, 31, 9
2017/11/19, 78, 14, 5
2017/11/20, 53, 31, 5
2017/11/21, 54, 11, 11
2017/11/22, 87, 28, 5
2017/11/23, 72, 28, 5
2017/11/24, 59, 33, 10
2017/11/25, 84, 4, 11
2017/11/26, 105, 24, 5
2017/11/27, 71, 31, 4
2017/11/28, 52, 28, 6
2017/11/29, 65, 27, 7
2017/11/30, 63, 25, 8
2017/12/1, 55, 9, 7
2017/12/2, 37, , 
2017/12/6, 103, 34, 17
2017/12/7, 81, 32, 7
2017/12/8, 90, 22, 7
2017/12/9, 78, 23, 5
2017/12/10, 50, 24, 4
2017/12/11, 47, 25, 11
2017/12/12, 57, 22, 12
2017/12/13, 61, 14, 11
2017/12/14, 46, , 
2017/12/17, 88, 5, 20
2017/12/18, 68, 24, 23
2017/12/19, 91, 29, 21
2017/12/20, 87, 34, 15
2017/12/21, 78, , 
2017/7/5, 73, , 
2017/7/19, 51, , 
2017/8/8, 28, 17, 6
2017/8/9, 51, , 
2017/8/25, 60, , 
2017/8/31, 40, , 
2017/9/19, 51, , 
2017/4/2, 60, 41, 3
2017/4/3, 81, 46, 4
2017/4/4, 62, 44, 5
2017/4/5, 79, 59, 7
2017/4/6, 96, 70, 12
2017/4/7, 75, 72, 14
2017/4/8, 74, 60, 14
2017/4/9, 75, 48, 14
2017/4/10, 68, 49, 17
2017/4/11, 72, 59, 11
2017/4/12, 74, 53, 6
2017/4/13, 69, 66, 6
2017/4/14, 67, 65, 5
2017/4/15, 54, 62, 4
2017/4/16, 54, 54, 5
2017/4/17, 57, 59, 10
2017/4/18, 55, 57, 7
2017/4/19, 64, 51, 9
2017/4/20, 49, 54, 9
2017/4/21, 46, 71, 6
2017/4/22, 59, 70, 8
2017/4/23, 84, 51, 3
2017/4/24, 76, 73, 4
2017/4/25, 62, 60, 7
2017/4/26, 82, 69, 14
2017/4/27, 70, 83, 21
2017/4/28, 87, 51, 14
2017/4/29, 76, 71, 13
2017/4/30, 82, 80, 11
2017/5/1, 77, 66, 10
2017/5/2, 73, 86, 9
2017/5/3, 99, 52, 8
2017/5/4, 86, 33, 11
2017/5/5, 99, 40, 11
2017/5/6, 74, 62, 13
2017/5/7, 67, 57, 16
2017/5/8, 79, 59, 14
2017/5/9, 71, 64, 16
2017/5/10, 70, 77, 14
2017/5/11, 102, 129, 34
2017/5/12, 63, 72, 14
2017/5/13, 73, 63, 13
2017/5/14, 78, 63, 16
2017/5/15, 55, 75, 24
2017/5/16, 72, 63, 18
2017/5/17, 81, 76, 18
2017/5/18, 92, 77, 14
2017/5/19, 83, 83, 15
2017/5/20, 94, 79, 16
2017/5/21, 95, 74, 5
2017/5/22, 80, 77, 9
2017/5/23, 68, 66, 6
2017/5/24, 74, 147, 31
2017/5/25, 95, 73, 14
2017/5/26, 110, 91, 19
2017/5/27, 70, 81, 19
2017/5/28, 65, 76, 9
2017/5/29, 105, 114, 36
2017/5/30, 57, 142, 32
2017/5/31, 39, 70, 11
2017/6/1, 44, , 9
2017/6/2, 42, 6, 11
2017/6/3, 48, 8, 15
2017/6/4, 55, 9, 9
2017/6/5, 52, 9, 11
2017/6/6, 64, 55, 14
2017/6/7, 62, 60, 10
2017/6/8, 54, 66, 11
2017/6/9, 57, 59, 14
2017/6/10, 49, 60, 10
2017/6/11, 55, 62, 10
2017/6/12, 42, 64, 11
2017/6/13, 47, 54, 10
2017/6/14, 64, 27, 9
2017/6/15, 52, 39, 8
2017/6/16, 56, 49, 11
2017/6/17, 50, 44, 15
2017/6/18, 63, 42, 12
2017/6/19, 49, 36, 9
2017/6/20, 60, 34, 11
2017/6/21, 55, 47, 13
2017/6/22, 52, 56, 14
2017/6/23, 61, 53, 14
2017/6/24, 63, 35, 11
2017/6/25, 82, 29, 9
2017/6/26, 36, 30, 15
2017/6/27, 33, 34, 13
2017/6/28, 35, 33, 11
2017/6/29, 39, 14, 21
2017/6/30, 32, , 
2017/1/3, 77, 54, 7
2017/1/4, 87, 56, 5
2017/1/5, 80, 51, 4
2017/1/6, 82, 36, 4
2017/1/7, 90, 33, 3
2017/1/8, 71, 33, 2
2017/1/9, 48, 33, 3
2017/1/10, 44, 36, 5
2017/1/11, 61, 39, 7
2017/1/12, 85, 54, 6
2017/1/13, 87, 44, 3
2017/1/14, 66, 36, 2
2017/1/15, 52, 36, 2
2017/1/16, 52, 43, 4
2017/1/17, 73, 35, 3
2017/1/18, 71, 33, 3
2017/1/19, 73, 32, 4
2017/1/20, 82, 22, 6
2017/1/21, 78, 35, 6
2017/1/22, 75, 46, 7
2017/1/23, 68, 32, 9
2017/1/24, 77, 43, 5
2017/1/25, 71, 40, 6
2017/1/26, 74, 44, 8
2017/1/27, 91, 45, 6
2017/1/28, 75, 43, 5
2017/1/29, 92, 36, 2
2017/1/30, 46, 38, 5
2017/1/31, 59, 42, 6
2017/2/1, 76, 39, 5
2017/2/2, 71, 41, 4
2017/2/3, 51, 43, 3
2017/2/4, 54, 44, 3
2017/2/5, 54, 48, 2
2017/2/6, 50, 46, 4
2017/2/7, 63, 48, 6
2017/2/8, 88, 56, 6
2017/2/9, 87, 38, 4
2017/2/10, 85, 46, 3
2017/2/11, 60, 40, 4
2017/2/12, 69, 52, 4
2017/2/13, 72, 52, 3
2017/2/14, 64, 42, 3
2017/2/15, 70, 34, 3
2017/2/16, 88, 29, 3
2017/2/17, 141, 34, 3
2017/2/18, 31, 35, 4
2017/2/19, 29, 28, 3
2017/2/20, 29, 33, 4
2017/2/21, 40, 43, 5
2017/2/22, 71, 51, 9
2017/2/23, 57, 62, 14
2017/2/24, 66, 42, 23
2017/2/25, 77, 61, 21
2017/2/26, 78, 44, 13
2017/2/27, 61, 53, 17
2017/2/28, 76, 56, 16
2017/3/1, 85, 75, 12
2017/3/2, 99, 43, 6
2017/3/3, 80, 36, 5
2017/3/4, 68, 45, 5
2017/3/5, 48, 40, 4
2017/3/6, 43, 51, 9
2017/3/7, 56, 54, 9
2017/3/8, 73, 42, 4
2017/3/9, 58, 48, 4
2017/3/10, 78, 46, 6
2017/3/11, 42, 51, 4
2017/3/12, 49, 34, 5
2017/3/13, 40, 43, 6
2017/3/14, 37, 44, 3
2017/3/15, 44, 41, 7
2017/3/16, 49, 46, 9
2017/3/17, 41, 44, 9
2017/3/18, 45, 42, 8
2017/3/19, 44, 44, 4
2017/3/20, 45, 44, 6
2017/3/21, 48, 43, 7
2017/3/22, 55, 43, 8
2017/3/23, 58, 61, 8
2017/3/24, 58, 57, 11
2017/3/25, 72, 60, 7
2017/3/26, 64, 52, 7
2017/3/27, 92, 53, 11
2017/3/28, 46, 47, 9
2017/3/29, 65, 47, 8
2017/3/30, 68, 61, 7
2017/3/31, 66, 52, 7
2017/4/1, 83, 42, 3
2016/10/2, 42, 28, 2
2016/10/3, 36, 39, 3
2016/10/4, 45, 35, 4
2016/10/5, 50, 31, 4
2016/10/6, 52, 21, 3
2016/10/7, 44, 29, 3
2016/10/8, 53, 22, 2
2016/10/9, 47, 30, 2
2016/10/10, 27, 28, 3
2016/10/11, 42, 17, 4
2016/10/12, 35, 34, 2
2016/10/13, 41, 29, 3
2016/10/14, 46, 34, 3
2016/10/15, 47, 41, 3
2016/10/16, 42, 41, 2
2016/10/17, 43, 39, 3
2016/10/18, 45, 47, 4
2016/10/19, 56, 30, 3
2016/10/20, 51, 27, 3
2016/10/21, 52, 24, 3
2016/10/22, 49, 32, 2
2016/10/23, 44, 34, 2
2016/10/24, 34, 35, 3
2016/10/25, 41, 34, 3
2016/10/26, 41, 29, 3
2016/10/27, 45, 26, 3
2016/10/28, 47, 33, 3
2016/10/29, 46, 35, 4
2016/10/30, 46, 36, 2
2016/10/31, 40, 35, 3
2016/11/1, 44, 33, 4
2016/11/2, 46, 33, 3
2016/11/3, 42, 24, 2
2016/11/4, 45, 22, 2
2016/11/5, 42, 24, 2
2016/11/6, 42, 29, 2
2016/11/7, 39, 38, 3
2016/11/8, 52, 30, 2
2016/11/9, 44, 20, 2
2016/11/10, 34, 17, 2
2016/11/11, 26, 20, 2
2016/11/12, 34, 21, 2
2016/11/13, 27, 24, 1
2016/11/14, 34, 32, 2
2016/11/15, 47, 25, 1
2016/11/16, 42, 29, 2
2016/11/17, 46, 26, 2
2016/11/18, 58, 34, 3
2016/11/19, 68, 28, 1
2016/11/20, 53, 30, 1
2016/11/21, 32, 35, 1
2016/11/22, 34, 33, 2
2016/11/23, 53, 28, 2
2016/11/24, 56, 42, 2
2016/11/25, 51, 36, 2
2016/11/26, 54, 28, 1
2016/11/27, 50, 37, 2
2016/11/28, 50, 39, 3
2016/11/29, 81, 26, 2
2016/11/30, 75, 34, 2
2016/12/1, 69, 31, 2
2016/12/2, 68, 25, 2
2016/12/3, 64, 23, 2
2016/12/4, 68, 16, 
2016/12/5, 53, 30, 1
2016/12/6, 43, 34, 3
2016/12/7, 75, 37, 3
2016/12/8, 80, 35, 3
2016/12/9, 83, 24, 1
2016/12/10, 63, 28, 1
2016/12/11, 44, 32, 1
2016/12/12, 50, 38, 2
2016/12/13, 65, 46, 6
2016/12/14, 72, 46, 6
2016/12/15, 70, 26, 3
2016/12/16, 59, 50, 3
2016/12/17, 60, 41, 3
2016/12/18, 73, 41, 3
2016/12/19, 69, 28, 1
2016/12/20, 60, 27, 1
2016/12/21, 44, 26, 3
2016/12/22, 47, 25, 4
2016/12/23, 54, 39, 5
2016/12/24, 63, 50, 6
2016/12/25, 85, 49, 4
2016/12/26, 112, 49, 4
2016/12/27, 74, 40, 2
2016/12/28, 60, 31, 2
2016/12/29, 52, 25, 1
2016/12/30, 56, 25, 1
2016/12/31, 45, 35, 2
2017/1/1, 57, 32, 2
2017/1/2, 117, 42, 4
2016/7/28, 55, 53, 4
2016/7/29, 46, 40, 6
2016/7/30, 52, 43, 4
2016/7/31, 48, 43, 2
2016/8/1, 41, 55, 2
2016/8/2, 48, 56, 2
2016/8/3, 53, 61, 2
2016/8/4, 45, 43, 3
2016/8/5, 46, 34, 3
2016/8/6, 52, 28, 3
2016/8/7, 35, 29, 2
2016/8/8, 27, 38, 3
2016/8/9, 29, 26, 5
2016/8/10, 47, 36, 2
2016/8/11, 26, 65, 1
2016/8/12, 54, 33, 3
2016/8/13, 62, 36, 3
2016/8/14, 45, 29, 2
2016/8/15, 46, 26, 3
2016/8/16, 58, 18, 3
2016/8/17, 49, 31, 2
2016/8/18, 48, 28, 2
2016/8/19, 37, 34, 2
2016/8/20, 38, 36, 2
2016/8/21, 39, 43, 1
2016/8/22, 36, 38, 2
2016/8/23, 47, 39, 2
2016/8/24, 42, 40, 2
2016/8/25, 37, 51, 3
2016/8/26, 40, 66, 4
2016/8/27, 45, 68, 4
2016/8/28, 45, 90, 3
2016/8/29, 43, , 3
2016/8/30, 39, , 3
2016/8/31, 49, , 5
2016/9/1, 53, , 3
2016/9/2, 42, , 3
2016/9/3, 39, , 2
2016/9/4, 42, , 2
2016/9/5, 35, 9, 3
2016/9/6, 36, 32, 3
2016/9/7, 40, 37, 4
2016/9/8, 45, 34, 4
2016/9/9, 55, 44, 5
2016/9/10, 60, 43, 
2016/9/11, 62, 29, 
2016/9/12, 52, 21, 
2016/9/13, 58, 33, 
2016/9/14, 68, 22, 3
2016/9/15, 55, 34, 3
2016/9/16, 55, 32, 3
2016/9/17, 44, 32, 3
2016/9/18, 43, 34, 2
2016/9/19, 39, 31, 3
2016/9/20, 50, 26, 3
2016/9/21, 47, 23, 3
2016/9/22, 45, 36, 4
2016/9/23, 45, 36, 5
2016/9/24, 44, 48, 3
2016/9/25, 44, 37, 4
2016/9/26, 50, 24, 3
2016/9/27, 44, 15, 3
2016/9/28, 37, 21, 3
2016/9/29, 32, 19, 3
2016/9/30, 34, 22, 3
2016/10/1, 37, 30, 3
2015/4/2, 48, 67, 14
2015/4/3, 55, 65, 11
2015/4/4, 44, 57, 8
2015/4/5, 49, 59, 8
2015/4/6, 29, 68, 11
2015/4/7, 42, 55, 10
2015/4/8, 37, 70, 10
2015/4/9, 44, 63, 15
2015/4/10, 62, 61, 13
2015/4/11, 55, 68, 9
2015/4/12, 55, 53, 8
2015/4/13, 34, 53, 11
2015/4/14, 51, 55, 14
2015/4/15, 51, 56, 12
2015/4/16, 46, 56, 13
2015/4/17, 52, 58, 14
2015/4/18, 62, 46, 12
2015/4/19, 58, 46, 11
2015/4/20, 51, 52, 11
2015/4/21, 54, 65, 12
2015/4/22, 54, 54, 14
2015/4/23, 57, 64, 14
2015/4/24, 60, 57, 16
2015/4/25, 52, 60, 14
2015/4/26, 59, 52, 11
2015/4/27, 51, 48, 11
2015/4/28, 57, 55, 11
2015/4/29, 50, 36, 11
2015/4/30, 29, 18, 14
2015/5/1, 26, , 
2015/5/6, 62, 52, 14
2015/5/7, 63, 62, 11
2015/5/8, 38, 56, 10
2015/5/9, 43, 74, 11
2015/5/10, 36, 68, 11
2015/5/11, 60, 63, 11
2015/5/12, 65, 51, 8
2015/5/13, 36, 52, 8
2015/5/14, 31, 50, 9
2015/5/15, 32, 65, 9
2015/5/16, 44, 72, 9
2015/5/17, 56, 61, 7
2015/5/18, 34, 72, 8
2015/5/19, 50, 68, 8
2015/5/20, 50, 53, 11
2015/5/21, 29, 73, 12
2015/5/22, 36, 36, 10
2015/5/23, 23, 64, 11
2015/5/24, 42, 57, 10
2015/5/25, 43, 72, 12
2015/5/26, 38, 66, 13
2015/5/27, 47, 72, 10
2015/5/28, 50, 29, 13
2015/5/29, 22, , 
2015/1/2, 50, 37, 5
2015/1/3, 56, 33, 6
2015/1/4, 60, 33, 5
2015/1/5, 54, 37, 5
2015/1/6, 43, 34, 5
2015/1/7, 40, 31, 5
2015/1/8, 36, 39, 5
2015/1/9, 37, 53, 5
2015/1/10, 40, 50, 5
2015/1/11, 48, 51, 5
2015/1/12, 39, 68, 7
2015/1/13, 65, 51, 6
2015/1/14, 60, 56, 6
2015/1/15, 71, 59, 6
2015/1/16, 79, 52, 5
2015/1/17, 55, 46, 6
2015/1/18, 67, 45, 5
2015/1/19, 60, 56, 11
2015/1/20, 60, 54, 16
2015/1/21, 72, 52, 12
2015/1/22, 66, 43, 9
2015/1/23, 51, 41, 11
2015/1/24, 53, 44, 9
2015/1/25, 38, 35, 10
2015/1/26, 39, 42, 8
2015/1/27, 46, 41, 8
2015/1/28, 45, 42, 10
2015/1/29, 45, 35, 14
2015/1/30, 44, 42, 10
2015/1/31, 43, 45, 12
2015/2/1, 40, 34, 11
2015/2/2, 48, 43, 10
2015/2/3, 50, 29, 9
2015/2/4, 26, 42, 13
2015/2/5, 55, 43, 12
2015/2/6, 49, 44, 13
2015/2/7, 43, 48, 17
2015/2/8, 59, 69, 16
2015/2/9, 58, 44, 12
2015/2/10, 59, 54, 12
2015/2/11, 51, 63, 11
2015/2/12, 60, 45, 13
2015/2/13, 30, 37, 12
2015/2/14, 20, 40, 15
2015/2/15, 27, 39, 12
2015/2/16, 26, 30, 14
2015/2/17, 30, 41, 15
2015/2/18, 48, 52, 16
2015/2/19, 50, 63, 16
2015/2/20, 42, 46, 17
2015/2/21, 49, 53, 17
2015/2/22, 57, 55, 15
2015/2/23, 54, 43, 12
2015/2/24, 57, 66, 14
2015/2/25, 52, 50, 14
2015/2/26, 59, 39, 12
2015/2/27, 55, 49, 13
2015/2/28, 44, 47, 12
2015/3/1, 42, 72, 12
2015/3/2, 50, 78, 14
2015/3/3, 54, 50, 14
2015/3/4, 51, 47, 13
2015/3/5, 61, 42, 10
2015/3/6, 75, 46, 9
2015/3/7, 49, 52, 10
2015/3/8, 40, 51, 8
2015/3/9, 33, 36, 12
2015/3/10, 41, 34, 13
2015/3/11, 24, 40, 11
2015/3/12, 17, 45, 16
2015/3/13, 29, 32, 13
2015/3/14, 32, 21, 14
2015/3/15, 14, 29, 9
2015/3/16, 7, 33, 10
2015/3/17, 23, 32, 11
2015/3/18, 29, 38, 13
2015/3/19, 45, 40, 13
2015/3/20, 41, 37, 12
2015/3/21, 43, 37, 13
2015/3/22, 42, 42, 10
2015/3/23, 36, 52, 9
2015/3/24, 41, 45, 10
2015/3/25, 39, 37, 12
2015/3/26, 38, 37, 12
2015/3/27, 46, 41, 9
2015/3/28, 38, 41, 10
2015/3/29, 23, 51, 12
2015/3/30, 33, 61, 11
2015/3/31, 30, 61, 12
2015/4/1, 40, 57, 12
2014/10/2, 41, 39, 12
2014/10/3, 37, 37, 11
2014/10/4, 23, 42, 12
2014/10/5, 21, 37, 9
2014/10/6, 22, 43, 11
2014/10/7, 26, 46, 11
2014/10/8, 30, 56, 12
2014/10/9, 33, 48, 11
2014/10/10, 36, 45, 11
2014/10/11, 31, 50, 11
2014/10/12, 39, 59, 10
2014/10/13, 27, 77, 13
2014/10/14, 57, 44, 9
2014/10/15, 40, 47, 10
2014/10/16, 35, 50, 10
2014/10/17, 37, 43, 10
2014/10/18, 39, 33, 9
2014/10/19, 34, 26, 7
2014/10/20, 21, 29, 8
2014/10/21, 31, 29, 8
2014/10/22, 33, 33, 8
2014/10/23, 45, 34, 8
2014/10/24, 35, 34, 9
2014/10/25, 32, 46, 8
2014/10/26, 30, 47, 8
2014/10/27, 30, 63, 12
2014/10/28, 49, 74, 12
2014/10/29, 65, 48, 11
2014/10/30, 48, 45, 8
2014/10/31, 49, 40, 8
2014/11/1, 61, 42, 7
2014/11/2, 48, 53, 7
2014/11/3, 27, 55, 8
2014/11/4, 40, 42, 8
2014/11/5, 42, 32, 9
2014/11/6, 45, 51, 10
2014/11/7, 54, 51, 8
2014/11/8, 48, 34, 7
2014/11/9, 48, 40, 6
2014/11/10, 25, 45, 9
2014/11/11, 43, 24, 7
2014/11/12, 21, 28, 6
2014/11/13, 25, 39, 6
2014/11/14, 34, 40, 10
2014/11/15, 36, 46, 17
2014/11/16, 46, 34, 12
2014/11/17, 42, 36, 11
2014/11/18, 38, 36, 14
2014/11/19, 52, 39, 12
2014/11/20, 45, 35, 12
2014/11/21, 46, 42, 11
2014/11/22, 52, 34, 9
2014/11/23, 42, 38, 10
2014/11/24, 39, 32, 13
2014/11/25, 76, 51, 9
2014/11/26, 70, 41, 9
2014/11/27, 48, 42, 8
2014/11/28, 66, 48, 8
2014/11/29, 46, 45, 9
2014/11/30, 68, 68, 10
2014/12/1, 74, 55, 8
2014/12/2, 69, 50, 9
2014/12/3, 62, 45, 12
2014/12/4, 43, 55, 14
2014/12/5, 58, 66, 15
2014/12/6, 72, 47, 8
2014/12/7, 49, 40, 7
2014/12/8, 31, 35, 7
2014/12/9, 39, 40, 8
2014/12/10, 31, 36, 15
2014/12/11, 47, 36, 15
2014/12/12, 55, 44, 9
2014/12/13, 38, 46, 9
2014/12/14, 39, 40, 9
2014/12/15, 32, 51, 11
2014/12/16, 50, 51, 8
2014/12/17, 37, 46, 9
2014/12/18, 48, 50, 15
2014/12/19, 60, 43, 19
2014/12/20, 69, 41, 14
2014/12/21, 56, 36, 13
2014/12/22, 53, 41, 14
2014/12/23, 64, 33, 11
2014/12/24, 59, 34, 10
2014/12/25, 60, 34, 7
2014/12/26, 64, 30, 8
2014/12/27, 34, 33, 8
2014/12/28, 52, 33, 8
2014/12/29, 55, , 
2014/9/23, 36, 29, 8
2014/9/24, 33, 35, 10
2014/9/25, 29, 40, 10
2014/9/26, 37, 44, 10
2014/9/27, 39, 39, 9
2014/9/28, 34, 36, 7
2014/9/29, 30, 34, 9
2014/9/30, 35, 43, 10
2014/10/1, 39, 53, 13
2025/8/13, , 39, 
2025/8/14, , 34, 
2025/8/15, , 34, 
2025/8/17, , 27, 
2025/8/18, , 32, 
2025/8/19, , 26, 
2025/7/10, , 32, 
2025/7/29, , 25, 
2025/5/18, , 45, 
2025/6/9, , 44, 
2025/6/14, , 19, 
2025/6/15, , 20, 
2025/6/16, , 16, 
2025/6/17, , 27, 
2025/6/18, , 17, 
2025/6/28, , 26, 
2025/1/1, , 52, 
2025/1/16, , 9, 
2025/1/23, , 31, 
2025/1/28, , 55, 
2025/3/8, , 2, 
2025/3/11, , 42, 
2024/11/17, , 12, 
2024/12/17, , 31, 
2024/12/23, , 32, 
2024/7/5, , 40, 
2024/8/31, , 32, 
2024/6/7, , 43, 
2023/7/16, , 41, 3
2023/7/17, , 40, 3
2023/7/18, , 50, 3
2023/7/19, , 43, 3
2023/4/11, , 38, 5
2023/4/25, , 52, 5
2023/4/26, , 54, 7
2023/4/27, , 52, 5
2023/5/3, , 65, 
2023/2/5, , 42, 6
2023/2/12, , 55, 6
2022/10/24, , 28, 5
2022/11/11, , 50, 8
2022/11/28, , 36, 8
2022/5/21, , 91, 11
2022/1/3, , 47, 13
2022/3/16, , 48, 6
2021/10/4, , 28, 5
2021/10/8, , 46, 6
2021/10/17, , 20, 5
2021/12/15, , 33, 22
2021/12/19, , 14, 15
2021/12/20, , 28, 15
2021/12/21, , 40, 17
2021/7/5, , 40, 7
2021/7/20, , 41, 7
2021/8/1, , 43, 5
2021/8/15, , 37, 
2021/8/23, , 35, 
2021/8/27, , 29, 
2021/8/28, , 16, 
2021/8/29, , 19, 
2021/8/30, , 26, 
2021/8/31, , 36, 
2021/9/26, , 42, 9
2021/4/2, , 23, 2
2021/4/3, , 26, 3
2021/4/4, , 32, 3
2021/4/5, , 41, 3
2021/4/6, , 38, 5
2021/4/7, , 37, 7
2021/4/8, , 43, 15
2021/4/9, , 44, 8
2021/4/10, , 41, 13
2021/4/11, , 41, 11
2021/4/12, , 41, 11
2021/4/28, , 47, 6
2021/4/29, , 43, 7
2021/4/30, , 40, 6
2021/5/1, , 23, 7
2021/5/2, , 38, 5
2021/5/3, , 35, 4
2021/5/4, , 38, 8
2021/1/5, , 37, 24
2021/1/6, , 39, 20
2021/1/7, , 26, 20
2021/1/8, , 28, 20
2021/1/9, , 32, 12
2021/1/10, , 24, 12
2021/1/11, , 24, 9
2021/1/12, , 22, 15
2021/1/13, , 26, 14
2021/1/14, , 25, 19
2021/1/15, , 20, 21
2021/1/16, , 33, 18
2021/1/17, , 35, 15
2021/1/18, , 30, 13
2021/1/19, , 28, 13
2021/1/20, , 33, 9
2021/1/21, , 29, 16
2021/1/22, , 28, 22
2021/1/23, , 34, 22
2021/1/24, , 36, 17
2021/1/25, , 33, 16
2021/1/26, , 28, 16
2021/1/27, , 31, 14
2021/1/28, , 33, 5
2021/1/29, , 28, 17
2021/1/30, , 34, 23
2021/1/31, , 41, 14
2021/2/1, , 34, 5
2021/2/2, , 26, 11
2021/2/3, , 30, 18
2021/2/4, , 30, 19
2021/2/5, , 43, 19
2021/2/6, , 38, 18
2021/2/7, , 29, 8
2021/2/8, , 37, 17
2021/2/9, , 33, 17
2021/2/10, , 37, 13
2021/2/11, , 30, 14
2021/2/12, , 26, 8
2021/2/13, , 19, 5
2021/2/14, , 31, 8
2021/2/15, , 32, 10
2021/2/16, , 31, 15
2021/2/17, , 34, 
2021/2/23, , 44, 11
2021/2/24, , 40, 14
2021/2/25, , 36, 16
2021/2/26, , 32, 16
2021/2/27, , 38, 18
2021/2/28, , 40, 13
2021/3/1, , 39, 15
2021/3/2, , 44, 7
2021/3/3, , 39, 12
2021/3/4, , 40, 18
2021/3/5, , 47, 22
2021/3/6, , 42, 6
2021/3/7, , 34, 8
2021/3/8, , 36, 8
2021/3/9, , 37, 10
2021/3/10, , 34, 13
2021/3/11, , 36, 14
2021/3/12, , 37, 13
2021/3/13, , 40, 11
2021/3/14, , 42, 11
2021/3/15, , 34, 9
2021/3/16, , 33, 12
2021/3/17, , 32, 13
2021/3/18, , 32, 6
2021/3/19, , 37, 9
2021/3/20, , 38, 9
2021/3/21, , 38, 6
2021/3/22, , 35, 12
2021/3/23, , 30, 9
2021/3/24, , 25, 9
2021/3/25, , 28, 12
2021/3/26, , 31, 14
2021/3/27, , 35, 16
2021/3/28, , 42, 9
2021/3/29, , 40, 6
2021/3/30, , 33, 10
2021/3/31, , 45, 9
2021/4/1, , 39, 3
2020/10/2, , 41, 8
2020/10/3, , 33, 9
2020/10/4, , 38, 6
2020/10/5, , 23, 10
2020/10/6, , 41, 12
2020/10/7, , 39, 13
2020/10/8, , 48, 12
2020/10/9, , 43, 15
2020/10/10, , 48, 12
2020/10/11, , 57, 10
2020/10/12, , 46, 10
2020/10/13, , 38, 11
2020/10/14, , 32, 8
2020/10/15, , 35, 11
2020/10/16, , 32, 9
2020/10/17, , 26, 7
2020/10/18, , 34, 6
2020/10/19, , 34, 8
2020/10/20, , 32, 9
2020/10/21, , 36, 7
2020/10/22, , 37, 9
2020/10/23, , 33, 14
2020/10/24, , 41, 13
2020/10/25, , 32, 11
2020/10/26, , 36, 19
2020/10/27, , 43, 17
2020/10/28, , 42, 18
2020/10/29, , 35, 14
2020/10/30, , 46, 8
2020/10/31, , 35, 11
2020/11/1, , 40, 6
2020/11/2, , 26, 5
2020/11/3, , 27, 7
2020/11/4, , 32, 8
2020/11/5, , 28, 7
2020/11/6, , 31, 11
2020/11/7, , 37, 17
2020/11/8, , 41, 18
2020/11/9, , 39, 22
2020/11/10, , 42, 24
2020/11/11, , 42, 28
2020/11/12, , 40, 26
2020/11/13, , 46, 26
2020/11/14, , 45, 24
2020/11/15, , 46, 14
2020/11/16, , 38, 6
2020/11/17, , 23, 6
2020/11/18, , 20, 6
2020/11/19, , 26, 8
2020/11/20, , 26, 9
2020/11/21, , 22, 7
2020/11/22, , 21, 6
2020/11/23, , 27, 10
2020/11/24, , 29, 20
2020/11/25, , 36, 24
2020/11/26, , 49, 26
2020/11/27, , 48, 28
2020/11/28, , 51, 26
2020/11/29, , 47, 20
2020/11/30, , 43, 7
2020/12/1, , 28, 11
2020/12/2, , 32, 16
2020/12/3, , 35, 12
2020/12/4, , 26, 12
2020/12/5, , 20, 9
2020/12/6, , 25, 10
2020/12/7, , 21, 8
2020/12/8, , 22, 12
2020/12/9, , 25, 13
2020/12/10, , 32, 19
2020/12/11, , 34, 16
2020/12/12, , 30, 16
2020/12/13, , 31, 13
2020/12/14, , 26, 9
2020/12/15, , 31, 15
2020/12/16, , 24, 17
2020/12/17, , 27, 16
2020/12/18, , 31, 15
2020/12/19, , 31, 19
2020/12/20, , 35, 15
2020/12/21, , 33, 16
2020/12/22, , 35, 22
2020/12/23, , 37, 23
2020/12/24, , 37, 15
2020/12/25, , 34, 6
2020/12/26, , 18, 16
2020/12/27, , 33, 16
2020/12/28, , 33, 19
2020/12/29, , 33, 21
2020/12/30, , 35, 14
2020/12/31, , 29, 4
2021/1/1, , 26, 11
2021/1/2, , 27, 16
2021/1/3, , 34, 18
2021/1/4, , 37, 21
2020/7/2, , 46, 7
2020/7/3, , 44, 9
2020/7/4, , 42, 7
2020/7/5, , 43, 7
2020/7/6, , 13, 
2020/7/8, , 32, 8
2020/7/9, , 27, 7
2020/7/10, , 18, 10
2020/7/11, , 41, 7
2020/7/12, , 28, 4
2020/7/13, , 33, 9
2020/7/14, , 44, 11
2020/7/15, , 54, 8
2020/7/16, , 52, 8
2020/7/17, , 43, 7
2020/7/18, , 54, 9
2020/7/19, , 47, 8
2020/7/20, , 19, 13
2020/7/21, , 60, 10
2020/7/22, , 56, 12
2020/7/23, , 50, 10
2020/7/24, , 64, 12
2020/7/25, , 54, 11
2020/7/26, , 63, 6
2020/7/27, , 43, 8
2020/7/28, , 35, 12
2020/7/29, , 45, 12
2020/7/30, , 38, 12
2020/7/31, , 45, 10
2020/8/1, , 35, 14
2020/8/2, , 34, 7
2020/8/3, , 33, 10
2020/8/4, , 36, 14
2020/8/5, , 44, 10
2020/8/6, , 38, 10
2020/8/7, , 36, 9
2020/8/8, , 32, 7
2020/8/9, , 23, 5
2020/8/10, , 21, 10
2020/8/11, , 21, 10
2020/8/12, , 32, 9
2020/8/13, , 30, 11
2020/8/14, , 37, 9
2020/8/15, , 40, 10
2020/8/16, , 35, 8
2020/8/17, , 36, 10
2020/8/18, , 29, 10
2020/8/19, , 38, 9
2020/8/20, , 37, 10
2020/8/21, , 38, 11
2020/8/22, , 57, 11
2020/8/23, , 41, 8
2020/8/24, , 33, 7
2020/8/25, , 34, 6
2020/8/26, , 25, 6
2020/8/27, , 22, 9
2020/8/28, , 12, 6
2020/8/29, , 29, 9
2020/8/30, , 37, 6
2020/8/31, , 21, 6
2020/9/1, , 24, 10
2020/9/2, , 39, 10
2020/9/3, , 49, 10
2020/9/4, , 36, 7
2020/9/5, , 26, 6
2020/9/6, , 24, 5
2020/9/7, , 23, 7
2020/9/8, , 30, 8
2020/9/9, , 40, 10
2020/9/10, , 38, 10
2020/9/11, , 24, 10
2020/9/12, , 31, 7
2020/9/13, , 35, 6
2020/9/14, , 28, 9
2020/9/15, , 32, 8
2020/9/16, , 31, 6
2020/9/17, , 26, 8
2020/9/18, , 28, 7
2020/9/19, , 30, 8
2020/9/20, , 26, 5
2020/9/21, , 34, 7
2020/9/22, , 37, 7
2020/9/23, , 41, 14
2020/9/24, , 41, 9
2020/9/25, , 44, 9
2020/9/26, , 44, 10
2020/9/27, , 40, 9
2020/9/28, , 39, 11
2020/9/29, , 39, 8
2020/9/30, , 27, 9
2020/10/1, , 42, 10
2020/4/2, , 44, 8
2020/4/3, , 41, 12
2020/4/4, , 38, 8
2020/4/5, , 14, 16
2020/4/6, , 14, 4
2020/4/7, , 28, 10
2020/4/8, , 87, 
2020/4/16, , 28, 15
2020/4/17, , 113, 12
2020/4/29, , 24, 10
2020/4/30, , 50, 6
2020/5/1, , 48, 9
2020/5/2, , 52, 10
2020/5/3, , 63, 6
2020/5/4, , 59, 8
2020/5/5, , 62, 6
2020/5/6, , 45, 9
2020/5/7, , 49, 7
2020/5/8, , 51, 10
2020/5/9, , 52, 8
2020/5/10, , 59, 4
2020/5/11, , 54, 5
2020/5/12, , 59, 8
2020/5/13, , 62, 13
2020/5/14, , 71, 13
2020/5/15, , 60, 13
2020/5/16, , 52, 12
2020/5/17, , 45, 11
2020/5/18, , 52, 7
2020/5/19, , 69, 10
2020/5/20, , 75, 10
2020/5/21, , 60, 9
2020/5/22, , 44, 8
2020/5/23, , 41, 11
2020/5/24, , 45, 7
2020/5/25, , 49, 8
2020/5/26, , 67, 11
2020/5/27, , 62, 6
2020/5/28, , 77, 9
2020/5/29, , 63, 8
2020/5/30, , 38, 5
2020/5/31, , 35, 4
2020/6/1, , 39, 6
2020/6/2, , 45, 5
2020/6/3, , 38, 6
2020/6/4, , 29, 5
2020/6/5, , 33, 5
2020/6/6, , 39, 6
2020/6/7, , 38, 4
2020/6/8, , 47, 5
2020/6/9, , 50, 9
2020/6/10, , 52, 10
2020/6/11, , 41, 6
2020/6/12, , 28, 5
2020/6/13, , 25, 7
2020/6/14, , 47, 5
2020/6/15, , 50, 6
2020/6/16, , 49, 7
2020/6/17, , 52, 7
2020/6/18, , 40, 7
2020/6/19, , 41, 7
2020/6/20, , 38, 7
2020/6/21, , 37, 5
2020/6/22, , 43, 7
2020/6/23, , 45, 11
2020/6/24, , 43, 12
2020/6/25, , 29, 10
2020/6/26, , 23, 13
2020/6/27, , 27, 10
2020/6/28, , 46, 7
2020/6/29, , 50, 9
2020/6/30, , 54, 11
2020/7/1, , 66, 9
2020/1/7, , 37, 
2020/2/3, , 23, 8
2020/2/23, , 62, 8
2020/3/16, , 33, 16
2020/3/20, , 63, 18
2020/3/23, , 69, 15
2020/3/26, , 56, 16
2020/3/27, , 35, 9
2020/3/28, , 45, 13
2020/3/29, , 43, 5
2020/3/30, , 45, 10
2020/3/31, , 51, 9
2020/4/1, , 43, 7
2019/12/8, , 47, 3
2019/7/1, , 49, 7
2019/7/15, , 44, 12
2019/7/21, , 54, 7
2019/7/26, , 50, 6
2019/7/29, , 33, 11
2019/8/26, , 38, 8
2019/4/1, , 40, 
2019/6/16, , 64, 7
2019/1/1, , 45, 10
2019/2/25, , 27, 
2019/3/20, , 30, 
2018/10/9, , 31, 5
2018/11/7, , 21, 18
2018/11/11, , 39, 11
2018/7/1, , 26, 3
2018/7/5, , 22, 4
2018/7/9, , 24, 6
2018/7/16, , 25, 8
2018/7/17, , 30, 12
2018/7/30, , 32, 10
2018/8/3, , 24, 5
2018/8/28, , 25, 8
2018/9/2, , 20, 9
2018/9/10, , 27, 
2018/4/9, , 35, 
2018/6/4, , 30, 6
2018/6/24, , 10, 15
2018/1/8, , 27, 5
2018/2/19, , 26, 7
2018/3/20, , 19, 5
2017/10/9, , 19, 16
2017/11/7, , 10, 18
2017/12/5, , 43, 26
2017/12/16, , 6, 17
2017/7/4, , 18, 16
2017/7/18, , 14, 17
2017/8/7, , 32, 5
2017/8/24, , 5, 16
2017/8/30, , 21, 10
2017/9/18, , 5, 16
2016/7/27, , 41, 4
2015/5/5, , 59, 14
2015/1/1, , 55, 5
2014/9/22, , 34, 9
2024/2/14, , , 4
2024/3/4, , , 4
2023/11/9, , , 7
2023/7/26, , , 6
2023/7/27, , , 5
2023/7/28, , , 5
2023/7/29, , , 4
2023/7/30, , , 3
2023/7/31, , , 3
2023/8/1, , , 3
2023/8/11, , , 7
2023/8/22, , , 4
2023/9/12, , , 6
2022/6/16, , , 4
2022/6/17, , , 5
2021/2/22, , , 9
2020/7/7, , , 8
2020/4/13, , , 7
2020/4/14, , , 15
2020/4/15, , , 6
2020/4/19, , , 5
2020/4/20, , , 8
2020/4/21, , , 12
2020/4/22, , , 7
2020/4/23, , , 10
2020/4/24, , , 11
2020/4/25, , , 11
2020/4/26, , , 6
2020/4/27, , , 6
2020/4/28, , , 11
2017/10/3, , , 23