date, pm25, pm10, o3, no2, so2, co
2025/8/2, 41, 34, 36, 14, 6, 4
2025/8/3, 46, 34, 42, 11, 5, 3
2025/8/4, 55, 38, 42, 14, 6, 5
2025/8/5, 46, 40, 36, 13, 7, 4
2025/8/6, 51, 28, 8, 10, 8, 3
2025/8/7, 47, , , , , 
2025/8/10, 51, 38, 4, 11, 8, 3
2025/8/11, 63, 41, 4, 15, 5, 6
2025/8/12, 59, 37, 4, 13, 6, 4
2025/8/13, 51, 35, 4, 13, 6, 4
2025/8/14, 47, 48, 5, 13, 8, 4
2025/8/15, 65, 39, 14, 12, 8, 5
2025/8/16, 62, 34, 55, 11, 5, 5
2025/8/17, 72, 45, 33, 9, 5, 4
2025/8/18, 73, 24, 29, 11, 6, 4
2025/8/19, 39, 30, 31, 13, 5, 4
2025/8/20, 42, 24, 37, 17, 4, 5
2025/8/21, 41, 37, 41, 22, 4, 6
2025/8/22, 46, 28, 42, 19, 4, 5
2025/8/23, 44, 27, 60, 22, 4, 6
2025/8/24, 49, 17, 58, 10, 3, 3
2025/8/25, 44, 34, 50, 19, 5, 4
2025/8/26, 51, 42, 31, 15, 5, 4
2025/8/27, 61, 36, 30, 11, 4, 3
2025/8/28, 53, 35, 36, 14, 6, 4
2025/8/29, 48, 32, 9, 11, 5, 2
2025/8/30, 55, , , , , 
2025/7/2, 34, 27, 15, 12, 2, 8
2025/7/3, 43, 40, 42, 12, 4, 9
2025/7/4, 65, 46, 57, 19, 4, 10
2025/7/5, 72, 56, 49, 19, 5, 10
2025/7/6, 92, 39, 7, 8, 6, 6
2025/7/7, 73, 38, 28, 10, 4, 7
2025/7/8, 60, 35, 29, 11, 3, 7
2025/7/9, 55, 34, 26, 11, 4, 6
2025/7/10, 43, 38, 35, 12, 4, 7
2025/7/11, 59, 39, 42, 12, 4, 6
2025/7/12, 62, 36, 43, 11, 5, 6
2025/7/13, 65, 33, 42, 10, 4, 6
2025/7/14, 60, 37, 34, 11, 5, 6
2025/7/15, 55, 38, 42, 12, 6, 7
2025/7/16, 68, 43, 49, 13, 6, 7
2025/7/17, 59, 56, 44, 14, 7, 7
2025/7/18, 96, 44, 35, 11, 5, 6
2025/7/19, 73, 38, 37, 11, 4, 6
2025/7/20, 58, 35, 49, 9, 5, 6
2025/7/21, 54, 44, 19, 11, 5, 5
2025/7/22, 71, 42, 50, 17, 4, 5
2025/7/23, 59, 39, 47, 12, 5, 5
2025/7/24, 61, 36, 64, 13, 7, 5
2025/7/25, 49, 36, 50, 13, 4, 5
2025/7/26, 51, 32, 36, 13, 5, 5
2025/7/27, 41, 31, 29, 10, 4, 4
2025/7/28, 55, 36, 23, 10, 4, 4
2025/7/29, 55, 40, 30, 12, 4, 4
2025/7/30, 53, 38, 34, 17, 6, 5
2025/7/31, 54, 33, 40, 15, 7, 4
2025/8/1, 48, 33, 33, 14, 7, 4
2025/4/2, 109, 62, 80, 30, 5, 7
2025/4/3, 94, 62, 53, 32, 5, 6
2025/4/4, 79, 58, 66, 29, 5, 5
2025/4/5, 81, 55, 30, 18, 5, 4
2025/4/6, 48, 39, 21, 7, 5, 1
2025/4/7, 18, 38, 38, 27, 5, 3
2025/4/8, 45, 54, 58, 41, 6, 4
2025/4/9, 63, 52, 71, 39, 6, 4
2025/4/10, 58, 57, 48, 44, 6, 6
2025/4/11, 70, 52, 45, 31, 6, 5
2025/4/12, 58, 50, 46, 26, 5, 5
2025/4/13, 49, 43, 55, 23, 5, 4
2025/4/14, 60, 47, 50, 27, 5, 5
2025/4/15, 60, 48, 36, 21, 6, 5
2025/4/16, 66, 42, 37, 16, 5, 5
2025/4/17, 59, 44, 51, 20, 5, 5
2025/4/18, 62, 47, 56, 19, 5, 4
2025/4/19, 72, 48, 39, 15, 5, 5
2025/4/20, 95, 63, 42, 12, 5, 3
2025/4/21, 51, 52, 46, 29, 5, 5
2025/4/22, 66, 41, 25, 16, 5, 4
2025/4/23, 72, 45, 24, 20, 5, 6
2025/4/24, 86, 43, 25, 21, 5, 6
2025/4/25, 71, 46, 22, 18, 5, 6
2025/4/26, 86, 41, 26, 17, 5, 6
2025/4/27, 76, 50, 23, 15, 6, 7
2025/4/28, 13, 48, 32, 18, 6, 8
2025/4/29, 62, 43, 24, 20, 6, 7
2025/4/30, 64, 47, 45, 23, 6, 7
2025/5/1, 64, 46, 31, 17, 6, 6
2025/5/2, 72, 43, 39, 18, 4, 6
2025/5/3, 72, 32, 19, 14, 2, 3
2025/5/4, 28, 21, 24, 13, 2, 2
2025/5/5, 45, 31, 36, 12, 4, 3
2025/5/6, 66, 48, 70, 16, 4, 4
2025/5/7, 81, 44, 42, 15, 3, 2
2025/5/8, 67, 31, 30, 12, 3, 2
2025/5/9, 62, 31, 39, 18, 2, 3
2025/5/10, 35, 40, 38, 24, 4, 4
2025/5/11, 48, 32, 56, 17, 4, 2
2025/5/12, 47, 48, 89, 29, 6, 4
2025/5/13, 59, 58, 109, 33, 8, 6
2025/5/14, 86, 63, 113, 31, 8, 6
2025/5/15, 85, 57, 98, 23, 9, 4
2025/5/16, 90, 53, 55, 27, 10, 5
2025/5/17, 102, 53, 42, 17, 5, 4
2025/5/18, 105, 46, 48, 13, 6, 3
2025/5/19, 91, 52, 68, 19, 8, 4
2025/5/20, 78, 53, 25, 17, 7, 5
2025/5/21, 92, 50, 31, 17, 4, 4
2025/5/22, 86, 35, 56, 19, 7, 3
2025/5/23, 61, 33, 38, 12, 3, 3
2025/5/24, 68, 34, 55, 11, 5, 3
2025/5/25, 70, 29, 44, 9, 4, 2
2025/5/26, 51, 53, 57, 17, 4, 3
2025/5/27, 68, 39, 33, 16, 4, 3
2025/5/28, 89, 57, 30, 13, 3, 4
2025/5/29, 72, 38, 49, 16, 5, 3
2025/5/30, 68, 35, 10, 16, 3, 5
2025/5/31, 62, 37, 31, 18, 3, 5
2025/6/1, 60, 39, 43, 14, 4, 3
2025/6/2, 53, 51, 37, 11, 4, 3
2025/6/3, 91, 47, 36, 13, 2, 3
2025/6/4, 87, 43, 32, 12, 2, 3
2025/6/5, 77, 38, 25, 10, 2, 2
2025/6/6, 57, 35, 27, 10, 3, 2
2025/6/7, 48, 40, 46, 11, 3, 1
2025/6/8, 59, 35, 40, 10, 5, 1
2025/6/9, 57, 44, 40, 12, 5, 2
2025/6/10, 65, 43, 30, 10, 2, 2
2025/6/11, 79, 30, 38, 13, 3, 2
2025/6/12, 54, 42, 58, 14, 3, 3
2025/6/13, 73, 41, 40, 15, 5, 2
2025/6/14, 64, 40, 33, 11, 3, 1
2025/6/15, 70, 30, 31, 9, 3, 1
2025/6/16, 60, 31, 37, 13, 5, 2
2025/6/17, 47, 35, 31, 12, 4, 1
2025/6/18, 43, 34, 29, 12, 4, 1
2025/6/19, 42, 30, 24, 9, 3, 4
2025/6/20, 44, 23, 19, 8, 3, 7
2025/6/21, 31, 19, 19, 7, 2, 7
2025/6/22, 27, 20, 21, 4, 2, 6
2025/6/23, 30, 30, 19, 9, 2, 6
2025/6/24, 40, 29, 21, 9, 3, 7
2025/6/25, 50, 30, 26, 11, 3, 6
2025/6/26, 39, 30, 29, 13, 4, 6
2025/6/27, 40, 27, 26, 12, 4, 7
2025/6/28, 46, 29, 28, 9, 4, 7
2025/6/29, 40, 22, 25, 7, 6, 6
2025/6/30, 40, 19, 16, 9, 3, 7
2025/7/1, 31, 17, 11, 13, 2, 8
2025/1/2, 54, 54, 20, 29, 5, 12
2025/1/3, 82, 75, 18, 35, 5, 15
2025/1/4, 88, 51, 19, 31, 5, 13
2025/1/5, 82, 58, 26, 29, 5, 15
2025/1/6, 81, 27, 20, 21, 4, 8
2025/1/7, 30, 19, 22, 27, 5, 9
2025/1/8, 25, 15, 17, 28, 5, 11
2025/1/9, 28, 23, 10, 27, 5, 13
2025/1/10, 56, 42, 8, 27, 5, 11
2025/1/11, 35, 36, 22, 29, 5, 9
2025/1/12, 54, 49, 20, 30, 5, 13
2025/1/13, 67, 42, 26, 32, 5, 9
2025/1/14, 31, 37, 14, 36, 5, 9
2025/1/15, 42, , , , , 
2025/1/20, 31, 32, 23, 25, 5, 9
2025/1/21, 25, 36, 14, 24, 5, 9
2025/1/22, 35, 46, 19, 36, 5, 11
2025/1/23, 62, 54, 21, 40, 6, 13
2025/1/24, 51, 55, 31, 41, 6, 11
2025/1/25, 53, 63, 28, 57, 6, 16
2025/1/26, 84, 61, 45, 36, 6, 14
2025/1/27, 81, 60, 13, 31, 5, 13
2025/1/28, 54, 37, 2, 21, 5, 13
2025/1/29, 60, 61, 14, 44, 5, 18
2025/1/30, 103, 69, 18, 38, 5, 18
2025/1/31, 90, 65, 28, 44, 5, 14
2025/2/1, 64, 73, 28, 53, 6, 16
2025/2/2, 82, 67, 68, 45, 5, 14
2025/2/3, 88, 69, 69, 45, 5, 15
2025/2/4, 88, 55, 27, 27, 5, 13
2025/2/5, 78, 54, 33, 30, 5, 14
2025/2/6, 61, 73, 48, 37, 5, 14
2025/2/7, 87, 76, 43, 39, 5, 16
2025/2/8, 95, 74, 50, 32, 5, 14
2025/2/9, 108, 64, 36, 23, 6, 13
2025/2/10, 109, 56, 16, 23, 5, 13
2025/2/11, 76, 66, 29, 29, 6, 14
2025/2/12, 83, 85, 33, 41, 6, 17
2025/2/13, 85, 45, 10, 21, 5, 12
2025/2/14, 48, 46, 6, 28, 5, 14
2025/2/15, 78, 93, 21, 47, 6, 19
2025/2/16, 91, 61, 37, 33, 5, 11
2025/2/17, 50, 52, 20, 37, 6, 9
2025/2/18, 41, 98, 42, 65, 7, 12
2025/2/19, 94, 71, 11, 30, 5, 5
2025/2/20, 42, 40, 18, 20, 5, 1
2025/2/21, 31, 48, 16, 30, 6, 4
2025/2/22, 68, 37, 10, 27, 6, 4
2025/2/23, 63, 46, 38, 28, 5, 3
2025/2/24, 70, 73, 51, 55, 6, 9
2025/2/25, 74, 79, 43, 58, 6, 7
2025/2/26, 79, 68, 50, 43, 6, 7
2025/2/27, 77, 69, 22, 34, 5, 5
2025/2/28, 58, 59, 27, 34, 5, 5
2025/3/1, 56, 75, 44, 39, 5, 9
2025/3/2, 84, 39, 29, 23, 5, 4
2025/3/3, 57, 59, 32, 26, 5, 5
2025/3/4, 83, 92, 20, 34, 5, 4
2025/3/5, 96, 121, 33, 40, 6, 5
2025/3/6, 95, 123, 36, 29, 5, 4
2025/3/7, 84, 105, 42, 47, 5, 8
2025/3/8, 86, 70, 31, 30, 5, 4
2025/3/9, 66, 27, 36, 18, 5, 1
2025/3/10, 37, 38, 39, 32, 5, 2
2025/3/11, 43, 57, 76, 42, 5, 5
2025/3/12, 72, 61, 25, 37, 5, 5
2025/3/13, 57, 57, 51, 43, 5, 4
2025/3/14, 61, 53, 31, 31, 5, 3
2025/3/15, 61, 78, 40, 27, 5, 2
2025/3/16, 78, 256, 46, 16, 5, 1
2025/3/17, 57, 70, 38, 23, 6, 2
2025/3/18, 63, 62, 42, 39, 5, 5
2025/3/19, 60, 123, 21, 36, 5, 4
2025/3/20, 120, 89, 33, 21, 5, 1
2025/3/21, 60, 57, 40, 34, 6, 3
2025/3/22, 59, 60, 45, 30, 5, 3
2025/3/23, 70, 52, 50, 24, 5, 4
2025/3/24, 76, 56, 29, 26, 5, 5
2025/3/25, 74, 43, 27, 21, 5, 3
2025/3/26, 62, 34, 15, 19, 5, 5
2025/3/27, 67, 19, 7, 18, 5, 5
2025/3/28, 44, , , , , 
2025/3/31, 50, 57, 51, 27, 5, 7
2025/4/1, 87, 57, 33, 20, 5, 6
2024/10/2, 48, 53, , 35, 4, 10
2024/10/3, 61, 68, , 47, 5, 10
2024/10/4, 76, 51, 25, 42, 5, 11
2024/10/5, 67, 37, 26, 30, 4, 10
2024/10/6, 57, 39, 4, 27, 5, 12
2024/10/7, 78, 52, 21, 34, 4, 13
2024/10/8, 57, 61, 55, 40, 5, 12
2024/10/9, 76, 61, 5, 47, 4, 9
2024/10/10, 68, 51, 25, 43, 4, 11
2024/10/11, 51, 66, 54, 47, 5, 11
2024/10/12, 86, 55, 55, 39, 5, 11
2024/10/13, 76, 57, 53, 33, 4, 11
2024/10/14, 68, 62, 35, 37, 5, 11
2024/10/15, 63, 58, 59, 43, 4, 12
2024/10/16, 66, 50, 25, 32, 5, 11
2024/10/17, 61, 25, 26, 26, 4, 11
2024/10/18, 44, 16, 25, 16, 4, 9
2024/10/19, 33, , , , , 
2024/10/21, 48, 19, 16, 16, 4, 9
2024/10/22, 30, 47, 4, 31, 5, 14
2024/10/23, 31, 55, 24, 26, 4, 12
2024/10/24, 64, 63, 27, 29, 4, 14
2024/10/25, 72, 71, 40, 33, 4, 15
2024/10/26, 79, 59, 26, 27, 4, 12
2024/10/27, 71, 36, 31, 22, 4, 10
2024/10/28, 43, 48, 26, 30, 4, 12
2024/10/29, 54, 43, 23, 23, 4, 10
2024/10/30, 53, 54, 40, 34, 5, 13
2024/10/31, 75, 66, 30, 32, 5, 12
2024/11/1, 95, 49, 17, 22, 5, 11
2024/11/2, 71, 32, 18, 16, 5, 10
2024/11/3, 48, 31, 23, 15, 5, 10
2024/11/4, 55, 50, 42, 29, 4, 12
2024/11/5, 70, 78, 33, 31, 4, 8
2024/11/6, 60, 81, 38, 48, 5, 12
2024/11/7, 76, 70, 35, 40, 5, 13
2024/11/8, 92, 47, 24, 23, 5, 11
2024/11/9, 67, 48, 14, 27, 4, 11
2024/11/10, 48, 57, 5, 35, 4, 12
2024/11/11, 88, , , , , 
2024/11/20, 63, 64, 26, 39, 5, 12
2024/11/21, 69, 54, 33, 36, 5, 10
2024/11/22, 63, 72, 41, 45, 5, 14
2024/11/23, 52, 64, 34, 39, 5, 15
2024/11/24, 74, 63, 48, 35, 5, 16
2024/11/25, 115, 85, 43, 53, 5, 20
2024/11/26, 105, 66, 12, 30, 5, 14
2024/11/27, 59, 91, 38, 62, 5, 20
2024/11/28, 97, 95, 15, 46, 5, 16
2024/11/29, 82, 44, 16, 27, 4, 9
2024/11/30, 31, 50, 19, 33, 5, 10
2024/12/1, 59, 61, 36, 32, 5, 13
2024/12/2, 81, 23, 8, 30, 5, 12
2024/12/3, 51, 12, 14, 28, 4, 11
2024/12/4, 31, 42, 5, 34, 4, 13
2024/12/5, 87, 75, 10, 34, 5, 15
2024/12/6, 89, 15, 9, 22, 5, 12
2024/12/7, 31, 29, 4, 21, 5, 11
2024/12/8, 48, 61, 2, 27, 6, 24
2024/12/9, 108, 79, 18, 36, 6, 25
2024/12/10, 85, 78, 14, 38, 5, 14
2024/12/11, 64, 42, 24, 29, 4, 8
2024/12/12, 32, 58, 21, 39, 5, 13
2024/12/13, 58, 83, 16, 44, 6, 18
2024/12/14, 77, 72, 27, 37, 5, 18
2024/12/15, 89, 49, 17, 24, 5, 14
2024/12/16, 82, 63, 5, 32, 5, 16
2024/12/17, 90, 53, 12, 27, 5, 12
2024/12/18, 71, 48, 11, 24, 5, 12
2024/12/19, 58, 46, 18, 27, 4, 11
2024/12/20, 43, 61, 7, 37, 5, 14
2024/12/21, 69, 29, 25, 25, 4, 10
2024/12/22, 39, 28, 13, 22, 5, 10
2024/12/23, 48, 46, 17, 29, 5, 14
2024/12/24, 56, 69, 27, 41, 5, 18
2024/12/25, 93, 37, 34, 18, 5, 10
2024/12/26, 69, 55, 30, 32, 5, 11
2024/12/27, 81, 68, 30, 39, 5, 14
2024/12/28, 82, 65, 22, 40, 5, 12
2024/12/29, 58, 60, 35, 40, 5, 15
2024/12/30, 69, , , , , 
2024/7/2, 60, 50, 21, 14, 4, 8
2024/7/3, 74, 46, 26, 12, 4, 7
2024/7/4, 64, 47, 59, 15, 4, 8
2024/7/5, 71, 54, 38, 15, 4, 8
2024/7/6, 84, 57, 28, 14, 5, 7
2024/7/7, 75, 53, 29, 17, 6, 7
2024/7/8, 68, 54, 42, 23, 8, 9
2024/7/9, 72, 39, 40, 20, 7, 8
2024/7/10, 58, 34, 20, 16, 4, 9
2024/7/11, 51, 33, 21, 14, 5, 8
2024/7/12, 47, 34, 17, 14, 5, 8
2024/7/13, 55, 45, 21, 12, 4, 8
2024/7/14, 66, 59, 31, 8, 4, 7
2024/7/15, 81, 45, 33, 14, 4, 8
2024/7/16, 65, 62, 38, 16, 4, 9
2024/7/17, 97, 44, 30, 16, 4, 9
2024/7/18, 78, 42, 24, 20, 4, 10
2024/7/19, 61, 59, 34, 21, 4, 9
2024/7/20, 82, 61, 31, 15, 4, 9
2024/7/21, 78, 35, 29, 11, 4, 8
2024/7/22, 55, 40, 25, 14, 4, 8
2024/7/23, 58, 36, 33, 14, 4, 9
2024/7/24, 54, 36, 16, 19, 4, 11
2024/7/25, 48, 41, 22, 26, 4, 11
2024/7/26, 46, 56, 31, 29, 4, 13
2024/7/27, 79, 47, 44, 17, 4, 10
2024/7/28, 72, 28, 28, 12, 4, 8
2024/7/29, 48, 41, 28, 13, 4, 9
2024/7/30, 65, 44, 30, 14, 4, 9
2024/7/31, 66, 68, 33, 14, 4, 10
2024/8/1, 102, 73, 27, 13, 4, 10
2024/8/2, 101, 61, 26, 14, 4, 10
2024/8/3, 91, 50, 35, 15, 4, 9
2024/8/4, 65, 47, 38, 12, 4, 9
2024/8/5, 69, 45, 20, 14, 4, 9
2024/8/6, 58, 44, 33, 13, 4, 10
2024/8/7, 55, 49, 53, 19, 4, 12
2024/8/8, 60, 64, 68, 28, 4, 12
2024/8/9, 79, 37, 25, 14, 4, 10
2024/8/10, 60, , , , , 
2024/8/12, 44, 27, 9, 15, 4, 11
2024/8/13, 47, 44, 27, 14, 4, 12
2024/8/14, 53, 42, 34, 14, 4, 11
2024/8/15, 54, 43, 13, 13, 4, 10
2024/8/16, 66, 38, 28, 14, 4, 11
2024/8/17, 53, 36, 32, 12, 4, 11
2024/8/18, 61, 35, 16, 13, 4, 11
2024/8/19, 54, 35, 24, 15, 4, 11
2024/8/20, 46, 45, 34, 21, 4, 11
2024/8/21, 50, 47, 44, 25, 4, 10
2024/8/22, 38, 54, 40, 29, 4, 10
2024/8/23, 52, 40, 37, 23, 4, 10
2024/8/24, 49, 42, 36, 19, 4, 9
2024/8/25, 61, 41, 30, 13, 4, 9
2024/8/26, 61, 48, 36, 19, 4, 9
2024/8/27, 64, 45, 27, 21, 4, 9
2024/8/28, 57, 41, 30, 20, 4, 9
2024/8/29, 61, 37, 44, 22, 4, 9
2024/8/30, 55, 41, 40, 25, 4, 9
2024/8/31, 50, 43, 22, 29, 4, 10
2024/9/1, 52, 25, 32, 23, 4, 10
2024/9/2, 46, 41, 32, 30, 4, 10
2024/9/3, 50, 35, 32, 37, 4, 11
2024/9/4, 56, 28, 20, 28, 4, 12
2024/9/5, 38, 26, 18, 29, 4, 11
2024/9/6, 50, 34, 21, 34, 4, 11
2024/9/7, 56, 30, 30, 28, 4, 11
2024/9/8, 45, 31, 36, 25, 3, 10
2024/9/9, 30, 47, 30, 40, 4, 11
2024/9/10, 54, 44, 29, 35, 4, 10
2024/9/11, 52, 53, 61, 34, 4, 10
2024/9/12, 63, 65, 43, 40, 5, 10
2024/9/13, 85, 84, 25, 23, 4, 10
2024/9/14, 71, 39, 24, 18, 4, 10
2024/9/15, 64, 25, 10, 18, 4, 10
2024/9/16, 43, 16, , 14, 4, 10
2024/9/17, 41, 31, 1, 20, 4, 10
2024/9/18, 53, 37, 10, 20, 4, 10
2024/9/19, 57, 43, 39, 16, 4, 10
2024/9/20, 69, 40, 26, 16, 4, 10
2024/9/21, 51, 31, 23, 14, 4, 9
2024/9/22, 53, 22, 20, 12, 4, 9
2024/9/23, 39, 24, 21, 15, 4, 9
2024/9/24, 34, 39, 33, 20, 4, 10
2024/9/25, 45, 47, 28, 24, 4, 10
2024/9/26, 47, 51, 34, 30, 5, 10
2024/9/27, 48, 61, 55, 41, 4, 12
2024/9/28, 68, 93, 47, 41, 4, 12
2024/9/29, 75, 56, 2, 34, 4, 11
2024/9/30, 72, 70, , 42, 5, 12
2024/10/1, 74, 38, 1, 24, 4, 9
2024/4/2, 97, 92, 39, 20, 4, 19
2024/4/3, 64, 44, 45, 18, 5, 17
2024/4/4, 44, 59, 47, 24, 7, 19
2024/4/5, 56, 52, 45, 24, 9, 19
2024/4/6, 50, 58, 78, 24, 7, 21
2024/4/7, 79, 49, 21, 14, 4, 19
2024/4/8, 31, , , , , 
2024/4/10, 160, , , , , 
2024/4/13, 34, 46, 49, 18, 5, 20
2024/4/14, 51, 48, 74, 18, 9, 20
2024/4/15, 81, 48, 78, 17, 5, 21
2024/4/16, 56, 58, 23, 22, 6, 23
2024/4/17, 88, 56, 40, 19, 5, 23
2024/4/18, 110, , , , , 
2024/4/20, 120, 59, 32, 18, 4, 23
2024/4/21, 107, 22, 19, 10, 4, 20
2024/4/22, 83, 18, 27, 18, 4, 20
2024/4/23, 103, 36, 26, 21, 4, 23
2024/4/24, 106, 52, 33, 16, 4, 22
2024/4/25, 101, 48, 31, 16, 4, 22
2024/4/26, 87, 60, 50, 21, 6, 23
2024/4/27, 103, 62, 51, 17, 7, 23
2024/4/28, 112, 63, 23, 14, 5, 21
2024/4/29, 94, 63, 12, 18, 7, 23
2024/4/30, 82, 59, 9, 14, 4, 22
2024/5/1, 105, 39, 9, 10, 4, 22
2024/5/2, 60, 62, 33, 22, 5, 23
2024/5/3, 108, 63, 37, 16, 6, 23
2024/5/4, 107, 47, 32, 15, 4, 22
2024/5/5, 87, 48, 57, 10, 4, 21
2024/5/6, 76, 58, 55, 17, 5, 22
2024/5/7, 79, 65, 59, 18, 5, 33
2024/5/8, 84, 68, 128, 26, 5, 20
2024/5/9, 79, 77, 47, 32, 8, 23
2024/5/10, 95, 70, 53, 23, 7, 22
2024/5/11, 125, 62, 26, 17, 3, 22
2024/5/12, 111, 56, 48, 15, 4, 20
2024/5/13, 105, 62, 36, 24, 4, 21
2024/5/14, 82, 61, 67, 26, 6, 21
2024/5/15, 85, 62, 33, 14, 4, 19
2024/5/16, 128, 57, 25, 11, 3, 20
2024/5/17, 120, , , , , 
2024/5/21, 129, 69, 45, 17, 5, 8
2024/5/22, 114, 69, 62, 21, 6, 7
2024/5/23, 121, 68, 61, 23, 6, 7
2024/5/24, 125, 61, 51, 24, 6, 6
2024/5/25, 99, 64, 54, 17, 5, 6
2024/5/26, 105, 53, 11, 16, 5, 6
2024/5/27, 142, , , , , 
2024/6/16, 40, 25, 29, 8, 4, 3
2024/6/17, 42, 28, 26, 9, 4, 3
2024/6/18, 39, 26, 27, 10, 3, 4
2024/6/19, 33, 24, 16, 13, 4, 5
2024/6/20, 36, 8, 18, 6, 3, 4
2024/6/21, 28, 21, 3, 12, 4, 4
2024/6/22, 36, 29, 9, 22, 4, 7
2024/6/23, 48, 23, 17, 20, 3, 5
2024/6/24, 51, 25, , 19, 3, 7
2024/6/25, 49, 34, 16, 13, 3, 6
2024/6/26, 48, 37, 22, 12, 4, 9
2024/6/27, 57, 34, 24, 13, 4, 10
2024/6/28, 55, 41, 28, 16, 3, 10
2024/6/29, 64, 42, 24, 11, 3, 9
2024/6/30, 61, 17, 5, 9, 3, 7
2024/7/1, 38, 41, 14, 15, 4, 8
2024/1/2, 121, 46, 16, 20, 4, 18
2024/1/3, 72, 45, 29, 19, 4, 16
2024/1/4, 46, 31, 21, 20, 4, 16
2024/1/5, 51, 42, 33, 21, 4, 15
2024/1/6, 43, 71, 33, 34, 9, 21
2024/1/7, 77, 50, 25, 26, 6, 19
2024/1/8, 60, 72, 30, 28, 6, 19
2024/1/9, 64, 84, 30, 24, 5, 14
2024/1/10, 51, 110, 21, 44, 7, 22
2024/1/11, 95, 97, 28, 45, 7, 27
2024/1/12, 79, 217, 26, 24, 5, 18
2024/1/13, 95, 76, 32, 30, 6, 17
2024/1/14, 64, 91, 41, 30, 6, 22
2024/1/15, 83, 53, 14, 18, 4, 17
2024/1/16, 51, 21, 16, 12, 4, 15
2024/1/17, 29, , , , , 
2024/1/31, 44, 61, 29, 30, 6, 20
2024/2/1, 65, 49, 37, 24, 5, 21
2024/2/2, 64, 67, 44, 34, 7, 23
2024/2/3, 74, 54, 33, 18, 4, 17
2024/2/4, 41, 39, 37, 20, 5, 17
2024/2/5, 39, 41, 33, 18, 4, 15
2024/2/6, 37, 35, 36, 22, 4, 18
2024/2/7, 44, 49, 36, 30, 6, 23
2024/2/8, 59, 77, 36, 35, 7, 26
2024/2/9, 83, 63, 43, 35, 6, 23
2024/2/10, 75, 61, 34, 27, 8, 22
2024/2/11, 87, 55, 33, 22, 4, 21
2024/2/12, 73, 41, 33, 15, 4, 17
2024/2/13, 40, 43, 31, 23, 5, 20
2024/2/14, 46, 50, 25, 28, 5, 22
2024/2/15, 62, 69, 14, 36, 5, 27
2024/2/16, 98, 41, 14, 27, 4, 24
2024/2/17, 68, 21, 17, 20, 4, 21
2024/2/18, 31, 30, 27, 14, 4, 17
2024/2/19, 41, 71, 37, 36, 8, 27
2024/2/20, 86, 74, 50, 39, 7, 27
2024/2/21, 84, 67, 51, 34, 6, 25
2024/2/22, 77, 63, 37, 28, 5, 22
2024/2/23, 64, 60, 30, 29, 6, 20
2024/2/24, 54, 48, 41, 26, 5, 20
2024/2/25, 51, 52, 86, 28, 6, 22
2024/2/26, 76, 74, 85, 39, 8, 27
2024/2/27, 101, 70, 44, 39, 5, 23
2024/2/28, 65, 95, 38, 36, 6, 21
2024/2/29, 67, 71, 32, 21, 7, 18
2024/3/1, 71, 83, 36, 32, 7, 22
2024/3/2, 90, , , , , 
2024/3/21, 60, 55, 44, 22, 6, 21
2024/3/22, 66, 57, 34, 30, 6, 22
2024/3/23, 66, 49, 41, 20, 5, 19
2024/3/24, 41, 31, 26, 13, 5, 19
2024/3/25, 51, 67, 44, 22, 5, 19
2024/3/26, 65, 56, 44, 22, 5, 18
2024/3/27, 46, 60, 50, 19, 5, 19
2024/3/28, 65, 56, 42, 16, 4, 19
2024/3/29, 56, 39, 51, 18, 6, 19
2024/3/30, 51, 46, 71, 17, 7, 19
2024/3/31, 60, 50, 65, 16, 4, 20
2024/4/1, 85, 75, 43, 37, 8, 25
2023/10/2, 35, 28, 8, 13, 3, 9
2023/10/3, 42, 30, 27, 13, 6, 9
2023/10/4, 35, 29, 31, 14, 3, 9
2023/10/5, 46, 32, 22, 15, 4, 10
2023/10/6, 41, 31, 26, 19, 3, 9
2023/10/7, 39, 35, 23, 24, 3, 11
2023/10/8, 55, 28, 25, 21, 3, 10
2023/10/9, 70, 52, 24, 30, 5, 14
2023/10/10, 97, 64, 23, 32, 4, 19
2023/10/11, 81, 34, 32, 21, 3, 12
2023/10/12, 56, 52, 64, 24, 4, 13
2023/10/13, 72, 56, 49, 25, 5, 13
2023/10/14, 62, 41, 17, 22, 3, 12
2023/10/15, 42, 45, 35, 19, 5, 9
2023/10/16, 52, 44, 38, 24, 5, 10
2023/10/17, 42, 60, 39, 28, 4, 11
2023/10/18, 58, 66, 47, 38, 7, 14
2023/10/19, 72, 79, 35, 40, 6, 16
2023/10/20, 85, 70, 68, 37, 8, 14
2023/10/21, 79, 76, 53, 37, 7, 16
2023/10/22, 87, 36, 35, 13, 4, 10
2023/10/23, 65, 45, 24, 19, 6, 12
2023/10/24, 68, 49, 31, 18, 4, 9
2023/10/25, 52, 42, 25, 15, 3, 
2023/10/26, 71, 34, 26, 17, 3, 11
2023/10/27, 61, 25, 18, 14, 3, 19
2023/10/28, 37, 35, 27, 15, 3, 
2023/10/29, 32, 27, 26, 14, 3, 
2023/10/30, 41, 37, 18, 12, 3, 
2023/10/31, 21, 29, 19, 19, 3, 
2023/11/1, 30, 34, 33, 24, 4, 
2023/11/2, 30, 49, 34, 31, 5, 
2023/11/3, 63, 50, 33, 27, 4, 
2023/11/4, 61, 49, 37, 25, 4, 24
2023/11/5, 65, 51, 42, 21, 6, 18
2023/11/6, 59, 51, 43, 27, 6, 16
2023/11/7, 58, 76, 55, 44, 8, 20
2023/11/8, 87, 66, 73, 32, 6, 18
2023/11/9, 79, 47, 26, 21, 5, 14
2023/11/10, 63, 20, 16, 14, 3, 14
2023/11/11, 26, 21, 8, 16, 3, 14
2023/11/12, 26, 12, 8, 15, 3, 14
2023/11/13, 28, 16, 8, 17, 3, 16
2023/11/14, 32, 30, 8, 19, 3, 15
2023/11/15, 41, 51, 8, 24, 3, 17
2023/11/16, 64, 59, 9, 26, 3, 16
2023/11/17, 58, 83, 39, 37, 4, 22
2023/11/18, 103, 74, 37, 30, 4, 18
2023/11/19, 86, 44, 37, 17, 3, 13
2023/11/20, 78, 61, 23, 22, 3, 17
2023/11/21, 82, 44, 27, 20, 3, 12
2023/11/22, 31, 32, 21, 22, 3, 14
2023/11/23, 38, 44, 24, 27, 3, 15
2023/11/24, 58, 59, 27, 28, 6, 17
2023/11/25, 70, 40, 16, 24, 3, 17
2023/11/26, 64, 49, 19, 18, 3, 18
2023/11/27, 78, 31, 15, 20, 3, 16
2023/11/28, 38, 39, 12, 22, 3, 16
2023/11/29, 53, 48, 15, 27, 5, 19
2023/11/30, 70, 90, 22, 43, 6, 28
2023/12/1, 115, 91, 15, 27, 5, 25
2023/12/2, 95, 83, 23, 31, 6, 30
2023/12/3, 110, 66, 26, 26, 5, 18
2023/12/4, 74, 77, 22, 32, 5, 21
2023/12/5, 74, 96, 21, 37, 14, 21
2023/12/6, 97, 44, 22, 26, 4, 15
2023/12/7, 50, 39, 22, 19, 3, 17
2023/12/8, 48, 92, 32, 36, 6, 26
2023/12/9, 94, 81, 29, 31, 5, 21
2023/12/10, 78, 40, 31, 12, 3, 11
2023/12/11, 24, 82, 16, 34, 7, 22
2023/12/12, 74, 71, 13, 28, 6, 19
2023/12/13, 69, 52, 12, 24, 5, 19
2023/12/14, 75, 17, 16, 19, 3, 16
2023/12/15, 43, 73, 13, 28, 3, 22
2023/12/16, 74, 42, 25, 21, 3, 15
2023/12/17, 33, 61, 37, 26, 5, 20
2023/12/18, 75, 75, 27, 30, 5, 22
2023/12/19, 80, 62, 25, 31, 5, 17
2023/12/20, 59, 67, 17, 31, 5, 19
2023/12/21, 74, 69, 26, 31, 6, 18
2023/12/22, 83, 83, 16, 30, 5, 21
2023/12/23, 99, 47, 13, 20, 4, 16
2023/12/24, 75, 51, 31, 17, 5, 16
2023/12/25, 70, 36, 25, 17, 4, 15
2023/12/26, 56, 33, 22, 18, 4, 14
2023/12/27, 39, 76, 29, 27, 7, 20
2023/12/28, 80, 52, 33, 26, 7, 15
2023/12/29, 46, 58, 33, 30, 5, 17
2023/12/30, 46, 61, 38, 31, 6, 18
2023/12/31, 66, 70, 40, 36, 5, 25
2024/1/1, 84, 112, 27, 26, 7, 24
2023/7/2, 39, 28, 40, 9, 3, 9
2023/7/3, 42, 37, 33, 15, 3, 10
2023/7/4, 61, 37, 42, 13, 3, 9
2023/7/5, 56, 34, 37, 11, 3, 8
2023/7/6, 51, 30, 30, 14, 3, 8
2023/7/7, 55, 35, 29, 13, 3, 9
2023/7/8, 47, 40, 31, 13, 3, 9
2023/7/9, 66, 34, 51, 10, 3, 8
2023/7/10, 58, 44, 37, 12, 3, 9
2023/7/11, 62, 45, 59, 12, 3, 9
2023/7/12, 73, 47, 60, 13, 4, 9
2023/7/13, 62, 46, 58, 16, 6, 9
2023/7/14, 64, 55, 60, 16, 7, 10
2023/7/15, 64, 51, 52, 14, 6, 10
2023/7/16, 77, 55, 35, 10, 5, 9
2023/7/17, 80, 47, 35, 12, 6, 10
2023/7/18, 68, 56, 36, 12, 6, 10
2023/7/19, 77, 57, 36, 12, 4, 10
2023/7/20, 73, 51, 36, 12, 5, 9
2023/7/21, 85, 46, 32, 12, 5, 10
2023/7/22, 80, 41, 36, 14, 6, 11
2023/7/23, 62, 38, 33, 10, 4, 9
2023/7/24, 58, 34, 33, 12, 5, 10
2023/7/25, 56, 37, 33, 14, 4, 11
2023/7/26, 72, 42, 49, 15, 6, 10
2023/7/27, 84, 61, 26, 14, 3, 10
2023/7/28, 48, 49, 36, 14, 5, 10
2023/7/29, 44, 34, 35, 11, 4, 10
2023/7/30, 44, 32, 29, 8, 3, 9
2023/7/31, 53, 28, 35, 12, 6, 11
2023/8/1, 40, 37, 31, 11, 5, 10
2023/8/2, 44, 33, 29, 11, 4, 10
2023/8/3, 54, 33, 34, 11, 4, 10
2023/8/4, 45, 45, 38, 14, 5, 11
2023/8/5, 51, 44, 36, 11, 4, 10
2023/8/6, 64, 32, 43, 9, 6, 11
2023/8/7, 49, 46, 40, 13, 5, 11
2023/8/8, 59, 39, 38, 12, 5, 11
2023/8/9, 52, 45, 38, 16, 5, 11
2023/8/10, 60, 51, 39, 16, 7, 11
2023/8/11, 61, 55, 480, 14, 4, 11
2023/8/12, 77, 46, 37, 12, 5, 10
2023/8/13, 54, 37, 35, 10, 4, 9
2023/8/14, 47, 41, 29, 10, 4, 10
2023/8/15, 44, 44, 28, 12, 5, 10
2023/8/16, 49, 51, 31, 13, 5, 10
2023/8/17, 62, 55, 33, 15, 6, 11
2023/8/18, 62, 39, 29, 16, 7, 11
2023/8/19, 41, 52, 31, 11, 4, 10
2023/8/20, 63, 65, 30, 10, 6, 9
2023/8/21, 78, 49, 35, 13, 3, 10
2023/8/22, 57, 41, 24, 15, 3, 11
2023/8/23, 47, 26, 39, 11, 4, 10
2023/8/24, 48, 35, 32, 10, 3, 10
2023/8/25, 50, 51, 35, 13, 3, 11
2023/8/26, 59, 37, 37, 15, 4, 11
2023/8/27, 52, 24, 42, 11, 4, 10
2023/8/28, 37, 39, 45, 22, 5, 12
2023/8/29, 46, 49, 37, 23, 4, 13
2023/8/30, 67, 48, 48, 26, 3, 13
2023/8/31, 57, 47, 56, 23, 6, 12
2023/9/1, 65, 45, 53, 21, 4, 13
2023/9/2, 61, 40, 58, 17, 4, 11
2023/9/3, 55, 36, 69, 11, 8, 12
2023/9/4, 61, 39, 55, 14, 9, 12
2023/9/5, 58, 46, 38, 14, 13, 12
2023/9/6, 64, 36, 29, 11, 13, 12
2023/9/7, 51, 32, 30, 11, 6, 12
2023/9/8, 43, 33, 34, 14, 5, 12
2023/9/9, 42, 31, 36, 11, 5, 10
2023/9/10, 33, 21, 42, 11, 5, 10
2023/9/11, 34, 30, 37, 13, 4, 11
2023/9/12, 39, 37, 36, 15, 5, 10
2023/9/13, 57, 41, 38, 16, 5, 7
2023/9/14, 45, 43, 53, 16, 4, 8
2023/9/15, 54, 45, 37, 17, 6, 8
2023/9/16, 55, 33, 42, 13, 4, 6
2023/9/17, 44, , 38, 12, 3, 6
2023/9/18, 50, 28, 55, 22, 6, 9
2023/9/19, 50, 23, 50, 18, 4, 9
2023/9/20, 50, 38, 60, 21, 5, 9
2023/9/21, 64, 34, 40, 18, 6, 9
2023/9/22, 44, 37, 38, 17, 5, 9
2023/9/23, 53, 39, 45, 17, 4, 9
2023/9/24, 46, 33, 52, 13, 5, 9
2023/9/25, 50, 35, 33, 14, 6, 9
2023/9/26, 65, 33, 43, 16, 5, 9
2023/9/27, 53, 40, 39, 19, 5, 9
2023/9/28, 50, 56, 44, 28, 6, 12
2023/9/29, 63, 41, 16, 19, 5, 10
2023/9/30, 71, 34, 9, 15, 5, 8
2023/10/1, 36, 20, 10, 9, 5, 7
2023/4/2, 70, 53, 34, 14, 3, 14
2023/4/3, 87, 70, 45, 22, 5, 15
2023/4/4, 90, 84, 22, 34, 6, 19
2023/4/5, 107, 102, 22, 29, 4, 17
2023/4/6, 96, 54, 20, 23, 4, 14
2023/4/7, 44, 42, 14, 20, 3, 14
2023/4/8, 40, 39, 16, 15, 5, 14
2023/4/9, 50, 26, 19, 14, 5, 14
2023/4/10, 42, 18, 20, 18, 3, 15
2023/4/11, 34, 40, 27, 21, 4, 15
2023/4/12, 55, 50, 34, 20, 5, 14
2023/4/13, 51, 50, 24, 21, 4, 15
2023/4/14, 54, 74, 28, 35, 5, 19
2023/4/15, 60, 54, 20, 27, 4, 15
2023/4/16, 49, 53, 30, 19, 4, 16
2023/4/17, 45, 58, 21, 22, 5, 15
2023/4/18, 47, 53, 35, 21, 4, 16
2023/4/19, 73, 58, 27, 16, 4, 15
2023/4/20, 64, 59, 32, 17, 3, 14
2023/4/21, 75, 79, 24, 21, 4, 15
2023/4/22, 81, 49, 22, 18, 5, 13
2023/4/23, 64, 46, 20, 13, 3, 13
2023/4/24, 60, 31, 17, 18, 3, 10
2023/4/25, 47, 41, 28, 21, 5, 8
2023/4/26, 61, 57, 35, 27, 7, 10
2023/4/27, 74, 58, 22, 22, 4, 10
2023/4/28, 67, 51, 30, 23, 5, 10
2023/4/29, 71, 66, 27, 15, 3, 6
2023/4/30, 35, 47, 38, 21, 5, 6
2023/5/1, 52, 48, 46, 21, 6, 8
2023/5/2, 58, 49, 27, 17, 5, 9
2023/5/3, 58, 43, 20, 14, 3, 8
2023/5/4, 70, 56, 14, 23, 3, 10
2023/5/5, 111, 62, 31, 20, 4, 9
2023/5/6, 89, 67, 39, 26, 5, 11
2023/5/7, 111, 57, 36, 18, 6, 9
2023/5/8, 94, 53, 31, 20, 7, 9
2023/5/9, 83, 48, 32, 23, 5, 9
2023/5/10, 75, 45, 37, 22, 5, 9
2023/5/11, 67, 57, 50, 19, 5, 9
2023/5/12, 96, 58, 28, 17, 3, 9
2023/5/13, 106, 38, 27, 23, 3, 8
2023/5/14, 61, 33, 21, 25, 4, 9
2023/5/15, 58, 45, 38, 27, 5, 9
2023/5/16, 62, 44, 34, 24, 4, 9
2023/5/17, 54, 55, 44, 26, 4, 9
2023/5/18, 61, 44, 28, 27, 5, 9
2023/5/19, 53, 54, 35, 28, 5, 10
2023/5/20, 82, 40, 15, 20, 3, 10
2023/5/21, 50, 30, 41, 18, 4, 9
2023/5/22, 60, 41, 29, 21, 3, 9
2023/5/23, 62, 43, 39, 17, 3, 9
2023/5/24, 61, 39, 32, 15, 4, 9
2023/5/25, 49, 42, 31, 13, 3, 9
2023/5/26, 51, 35, 30, 13, 2, 9
2023/5/27, 48, 36, 34, 13, 2, 8
2023/5/28, 60, 16, 42, 10, 3, 7
2023/5/29, 34, 37, 53, 22, 3, 10
2023/5/30, 51, 44, 52, 23, 4, 10
2023/5/31, 59, 40, 38, 18, 4, 10
2023/6/1, 58, 30, 30, 12, 3, 8
2023/6/2, 49, 31, 24, 12, 3, 9
2023/6/3, 50, 26, 26, 12, 3, 9
2023/6/4, 41, 21, 37, 11, 3, 8
2023/6/5, 42, 36, 48, 15, 6, 8
2023/6/6, 53, 44, 49, 18, 6, 10
2023/6/8, 38, 45, 47, 15, 4, 9
2023/6/9, 61, 53, 49, 19, 4, 10
2023/6/10, 71, 44, 34, 13, 4, 8
2023/6/11, 67, 85, 41, 10, 2, 8
2023/6/12, 87, 51, 65, 16, 3, 10
2023/6/13, 82, 62, 81, 18, 4, 10
2023/6/14, 91, 72, 108, 25, 4, 13
2023/6/15, 97, 66, 85, 22, 5, 11
2023/6/16, 92, 63, 70, 21, 5, 11
2023/6/17, 112, 58, 56, 13, 3, 10
2023/6/18, 91, 51, 62, 16, 3, 10
2023/6/19, 81, 53, 14, 20, 4, 9
2023/6/20, 83, , , , , 
2023/6/29, 63, 37, 29, 9, 3, 9
2023/6/30, 41, 35, 26, 11, 3, 9
2023/7/1, 35, 30, 42, 11, 3, 9
2023/1/4, 60, 97, 37, 36, 9, 14
2023/1/5, 75, 78, 41, 36, 8, 13
2023/1/6, 77, 66, 27, 26, 3, 13
2023/1/7, 79, 75, 25, 25, 4, 14
2023/1/8, 89, 50, 23, 19, 3, 11
2023/1/9, 60, 53, 24, 25, 7, 12
2023/1/10, 53, 92, 37, 43, 8, 17
2023/1/11, 87, 96, 16, 53, 6, 21
2023/1/12, 87, 75, 21, 36, 5, 15
2023/1/13, 69, 45, 31, 26, 8, 10
2023/1/14, 44, 59, 27, 33, 6, 12
2023/1/15, 62, 66, 33, 35, 7, 15
2023/1/16, 67, 70, 21, 34, 7, 15
2023/1/17, 71, 77, 33, 40, 10, 16
2023/1/18, 85, 86, 18, 35, 6, 16
2023/1/19, 80, 50, 19, 26, 6, 11
2023/1/20, 37, 62, 23, 31, 11, 13
2023/1/21, 61, 69, 34, 26, 7, 14
2023/1/22, 68, 45, 37, 19, 6, 10
2023/1/23, 46, 35, 19, 28, 5, 14
2023/1/24, 46, 58, 16, 26, 5, 14
2023/1/25, 73, 47, 23, 29, 4, 12
2023/1/26, 45, 46, 21, 26, 5, 11
2023/1/27, 27, 52, 18, 28, 5, 13
2023/1/28, 65, 106, 18, 57, 4, 22
2023/1/29, 146, 92, 52, 44, 4, 21
2023/1/30, 111, 59, 20, 26, 4, 16
2023/1/31, 69, 20, 6, 12, 4, 15
2023/2/1, 13, 36, 7, 17, 4, 14
2023/2/2, 51, 51, 14, 22, 4, 14
2023/2/3, 50, 46, 8, 23, 4, 14
2023/2/4, 42, , , , , 
2023/2/6, 72, 53, 30, 28, 4, 14
2023/2/7, 69, 64, 32, 33, 4, 14
2023/2/8, 70, 52, 18, 21, 4, 11
2023/2/9, 39, 54, 25, 24, 5, 11
2023/2/10, 59, 68, 17, 24, 4, 10
2023/2/11, 36, 47, 30, 28, 5, 10
2023/2/12, 44, 37, 30, 25, 6, 9
2023/2/13, 48, 57, 27, 33, 5, 12
2023/2/14, 61, 68, 28, 30, 9, 12
2023/2/15, 63, 83, 32, 47, 9, 15
2023/2/16, 81, 112, 21, 34, 6, 15
2023/2/17, 73, 39, 23, 20, 5, 9
2023/2/18, 30, 38, 31, 24, 11, 9
2023/2/19, 45, 58, 40, 33, 9, 12
2023/2/20, 75, 62, 36, 31, 7, 13
2023/2/21, 67, 77, 44, 39, 8, 16
2023/2/22, 90, 82, 30, 27, 6, 12
2023/2/23, 65, 64, 30, 30, 6, 11
2023/2/24, 62, 66, 32, 28, 6, 13
2023/2/25, 81, 51, 20, 16, 4, 11
2023/2/26, 64, 51, 24, 16, 3, 11
2023/2/27, 74, 72, 24, 25, 4, 13
2023/2/28, 70, 81, 47, 34, 6, 14
2023/3/1, 86, 83, 52, 35, 6, 16
2023/3/2, 95, 79, 29, 32, 5, 15
2023/3/3, 66, 116, 39, 24, 5, 11
2023/3/4, 65, 78, 37, 31, 8, 12
2023/3/5, 67, 50, 38, 19, 5, 11
2023/3/6, 54, 61, 42, 23, 4, 13
2023/3/7, 78, 68, 37, 21, 4, 13
2023/3/8, 94, 60, 22, 22, 4, 14
2023/3/9, 86, 63, 32, 26, 5, 14
2023/3/10, 89, 58, 22, 19, 6, 14
2023/3/11, 72, 69, 45, 26, 4, 15
2023/3/12, 96, 72, 27, 27, 4, 15
2023/3/13, 76, 49, 19, 19, 4, 12
2023/3/14, 47, 29, 16, 21, 3, 13
2023/3/15, 37, 28, 12, 23, 3, 14
2023/3/16, 47, 55, 34, 25, 3, 15
2023/3/17, 73, 67, 17, 23, 3, 13
2023/3/18, 49, 35, 27, 16, 4, 10
2023/3/19, 31, 18, 23, 14, 3, 10
2023/3/20, 27, 34, 17, 21, 4, 12
2023/3/21, 60, 61, 36, 31, 5, 15
2023/3/22, 80, 60, 28, 25, 4, 15
2023/3/23, 77, 81, 26, 22, 4, 15
2023/3/24, 81, 75, 26, 24, 5, 14
2023/3/25, 55, 58, 35, 23, 5, 12
2023/3/26, 52, 58, 47, 20, 7, 13
2023/3/27, 85, 60, 26, 18, 5, 14
2023/3/28, 94, 50, 19, 18, 3, 13
2023/3/29, 57, 46, 18, 28, 3, 14
2023/3/30, 63, 69, 15, 33, 5, 19
2023/3/31, 103, 87, 42, 38, 7, 22
2023/4/1, 116, 63, 20, 14, 4, 14
2022/10/2, 61, 31, 38, 13, 8, 6
2022/10/3, 41, 40, 25, 16, 8, 8
2022/10/4, 46, 39, 27, 19, 11, 8
2022/10/5, 46, 47, 24, 19, 9, 9
2022/10/6, 49, 47, 15, 23, 9, 11
2022/10/7, 60, 43, 37, 23, 7, 11
2022/10/8, 52, , , , , 
2022/10/10, 60, 55, 22, 20, 9, 10
2022/10/11, 59, 55, 22, 21, 8, 11
2022/10/12, 60, 72, 38, 26, 9, 14
2022/10/13, 76, 70, 27, 32, 11, 12
2022/10/14, 74, 58, 27, 21, 9, 11
2022/10/15, 60, 36, 24, 13, 7, 9
2022/10/16, 48, 35, 26, 11, 7, 8
2022/10/17, 49, 39, 23, 12, 8, 9
2022/10/18, 47, 36, 19, 19, 7, 9
2022/10/19, 35, 37, 29, 19, 8, 8
2022/10/20, 40, 57, 35, 28, 8, 11
2022/10/21, 63, 67, 58, 31, 11, 12
2022/10/22, 75, 69, 39, 30, 9, 13
2022/10/23, 79, 54, 25, 18, 7, 11
2022/10/24, 81, 62, 54, 24, 7, 14
2022/10/25, 84, 53, 29, 21, 9, 8
2022/10/26, 40, 51, 27, 23, 10, 9
2022/10/27, 46, 50, 27, 24, 8, 11
2022/10/28, 55, 69, 17, 26, 8, 13
2022/10/29, 67, 54, 38, 29, 9, 10
2022/10/30, 61, 38, 23, 24, 10, 9
2022/10/31, 45, 44, 10, 23, 8, 12
2022/11/1, 52, 36, 16, 21, 7, 12
2022/11/2, 44, 45, 17, 18, 8, 9
2022/11/3, 35, 44, 16, 16, 7, 11
2022/11/4, 56, 68, 28, 24, 8, 13
2022/11/5, 80, 45, 34, 19, 8, 8
2022/11/6, 21, 64, 51, 32, 10, 12
2022/11/7, 75, 56, 17, 18, 10, 11
2022/11/8, 77, 30, 15, 12, 7, 9
2022/11/9, 34, 36, 14, 14, 7, 9
2022/11/10, 44, 59, 33, 20, 8, 11
2022/11/11, 69, 70, 34, 21, 8, 12
2022/11/12, 84, 38, 18, 14, 8, 7
2022/11/13, 25, 23, 25, 12, 8, 6
2022/11/14, 31, 57, 24, 26, 9, 12
2022/11/15, 62, 51, 24, 18, 6, 8
2022/11/16, 40, 45, 18, 20, 4, 10
2022/11/17, 38, 37, 16, 21, 3, 10
2022/11/18, 46, 24, 14, 26, 4, 12
2022/11/19, 44, 16, 15, 17, 3, 10
2022/11/20, 22, 11, 14, 13, 3, 8
2022/11/21, 20, 20, 13, 16, 3, 9
2022/11/22, 30, 41, 10, 23, 3, 12
2022/11/23, 48, 51, 8, 23, 3, 14
2022/11/24, 69, 85, 25, 29, 3, 16
2022/11/25, 113, 61, 12, 19, 3, 13
2022/11/26, 38, 59, 19, 22, 3, 12
2022/11/27, 64, 71, 32, 37, 5, 17
2022/11/28, 85, 85, 29, 36, 7, 17
2022/11/29, 100, 87, 26, 41, 5, 17
2022/11/30, 79, 89, 18, 29, 4, 17
2022/12/1, 72, 59, 15, 26, 3, 14
2022/12/2, 72, 83, 14, 36, 3, 17
2022/12/3, 117, 74, 7, 25, 3, 16
2022/12/4, 103, 44, 8, 16, 5, 12
2022/12/5, 63, 71, 22, 25, 6, 15
2022/12/6, 92, 105, 19, 34, 4, 19
2022/12/7, 119, 78, 13, 26, 3, 17
2022/12/8, 84, 86, 15, 32, 4, 17
2022/12/9, 109, 106, 16, 41, 3, 20
2022/12/10, 137, 80, 23, 27, 5, 15
2022/12/11, 107, 75, 17, 25, 4, 15
2022/12/12, 99, 79, 21, 33, 5, 16
2022/12/13, 102, 107, 27, 41, 5, 21
2022/12/14, 110, 61, 22, 25, 4, 11
2022/12/15, 46, 77, 9, 38, 8, 14
2022/12/16, 70, , , , , 
2022/7/2, 63, 55, 42, 14, 13, 11
2022/7/3, 71, 39, 28, 7, 9, 9
2022/7/4, 30, 48, 24, 9, 9, 11
2022/7/5, 85, 55, 27, 9, 7, 10
2022/7/6, 64, 57, 35, 12, 11, 11
2022/7/7, 60, 57, 34, 12, 12, 11
2022/7/8, 59, 50, 35, 11, 10, 10
2022/7/9, 56, 52, 36, 11, 13, 11
2022/7/10, 59, 36, 38, 8, 9, 10
2022/7/11, 45, 43, 37, 12, 11, 11
2022/7/12, 51, 54, 35, 14, 10, 11
2022/7/13, 56, 50, 32, 12, 9, 10
2022/7/14, 56, 48, 35, 14, 14, 10
2022/7/15, 57, 42, 32, 14, 13, 10
2022/7/16, 46, 66, 36, 11, 8, 11
2022/7/17, 73, 71, 36, 9, 11, 10
2022/7/18, 88, 68, 29, 11, 11, 10
2022/7/19, 78, 60, 43, 14, 12, 11
2022/7/20, 64, 58, 52, 15, 12, 11
2022/7/21, 78, 67, 37, 13, 13, 11
2022/7/22, 73, 62, 29, 10, 8, 10
2022/7/23, 66, 49, 29, 10, 9, 11
2022/7/24, 53, 45, 34, 8, 8, 10
2022/7/25, 55, 43, 28, 11, 7, 11
2022/7/26, 47, 44, 35, 11, 9, 10
2022/7/27, 44, 41, 28, 11, 9, 10
2022/7/28, 41, 51, 31, 14, 8, 11
2022/7/29, 48, 50, 29, 14, 8, 11
2022/7/30, 45, 51, 27, 11, 7, 10
2022/7/31, 54, 36, 29, 7, 8, 9
2022/8/1, 42, 40, 25, 14, 9, 11
2022/8/2, 41, 41, 46, 12, 9, 10
2022/8/3, 47, 54, 51, 14, 10, 11
2022/8/4, 57, 59, 41, 14, 11, 11
2022/8/5, 74, 64, 27, 11, 8, 11
2022/8/6, 74, 59, 29, 9, 8, 10
2022/8/7, 68, 45, 26, 6, 7, 9
2022/8/8, 51, 46, 27, 10, 8, 9
2022/8/9, 47, 42, 28, 12, 8, 7
2022/8/10, 51, 39, 31, 13, 10, 7
2022/8/11, 49, 38, 32, 14, 8, 8
2022/8/12, 43, 44, 25, 15, 8, 8
2022/8/13, 45, 43, 40, 20, 7, 9
2022/8/14, 57, 41, 32, 19, 10, 8
2022/8/15, 50, 52, 38, 19, 9, 9
2022/8/16, 70, 48, 24, 12, 7, 8
2022/8/17, 63, 39, 26, 13, 7, 9
2022/8/18, 57, 42, 31, 14, 8, 9
2022/8/19, 49, 52, 32, 13, 9, 8
2022/8/20, 60, 37, 28, 10, 7, 7
2022/8/21, 47, 31, 39, 9, 8, 7
2022/8/22, 44, 46, 40, 13, 8, 8
2022/8/23, 61, 42, 25, 13, 7, 9
2022/8/24, 46, 41, 34, 14, 7, 9
2022/8/25, 48, 42, 22, 15, 8, 9
2022/8/26, 51, 43, 22, 17, 6, 11
2022/8/27, 56, 51, 31, 17, 8, 10
2022/8/28, 58, 27, 27, 12, 8, 8
2022/8/29, 38, 43, 27, 13, 9, 8
2022/8/30, 52, 50, 26, 12, 8, 8
2022/8/31, 62, 33, 17, 14, 7, 9
2022/9/1, 39, 35, 18, 12, 7, 9
2022/9/2, 40, 29, 25, 13, 7, 8
2022/9/3, 40, 29, 20, 10, 7, 7
2022/9/4, 38, 23, 15, 9, 6, 7
2022/9/5, 41, 26, 15, 13, 6, 9
2022/9/6, 47, 47, 17, 15, 7, 10
2022/9/7, 50, 34, 22, 16, 6, 10
2022/9/8, 46, 43, 43, 19, 8, 8
2022/9/9, 54, 60, 50, 23, 8, 11
2022/9/10, 68, 44, 34, 17, 10, 9
2022/9/11, 54, 28, 40, 11, 8, 7
2022/9/12, 35, 46, 39, 17, 9, 8
2022/9/13, 50, 47, 33, 15, 9, 9
2022/9/14, 53, 39, 29, 13, 8, 7
2022/9/15, 50, 37, 21, 13, 12, 8
2022/9/16, 52, 38, 22, 10, 7, 7
2022/9/17, 37, 32, 20, 9, 7, 7
2022/9/18, 36, 22, 17, 7, 7, 6
2022/9/19, 32, 36, 19, 9, 6, 8
2022/9/20, 37, 39, 21, 11, 9, 8
2022/9/21, 48, 34, 23, 13, 9, 8
2022/9/22, 37, 44, 32, 18, 9, 9
2022/9/23, 44, 52, 27, 20, 11, 11
2022/9/24, 58, 44, 24, 18, 13, 7
2022/9/25, 63, 40, 33, 13, 11, 8
2022/9/26, 49, 42, 19, 21, 10, 10
2022/9/27, 50, 52, 30, 24, 7, 11
2022/9/28, 59, 47, 41, 21, 9, 7
2022/9/29, 50, 50, 39, 19, 9, 8
2022/9/30, 51, 59, 37, 27, 11, 9
2022/10/1, 60, 53, 40, 24, 13, 8
2022/4/2, 64, 59, 35, 14, 9, 10
2022/4/3, 64, 51, 27, 13, 9, 10
2022/4/4, 69, 57, 36, 18, 8, 12
2022/4/5, 74, 69, 29, 20, 7, 12
2022/4/6, 82, 105, 29, 29, 7, 13
2022/4/7, 76, 57, 44, 15, 7, 9
2022/4/8, 36, 73, 40, 19, 8, 10
2022/4/9, 65, 65, 43, 23, 9, 12
2022/4/10, 66, 62, 67, 22, 11, 12
2022/4/11, 79, 50, 25, 18, 8, 10
2022/4/12, 52, 67, 42, 23, 10, 12
2022/4/13, 77, 49, 27, 22, 6, 10
2022/4/14, 52, 55, 30, 15, 10, 11
2022/4/15, 75, 55, 41, 12, 6, 11
2022/4/16, 87, 61, 44, 14, 10, 12
2022/4/17, 97, 53, 42, 11, 9, 11
2022/4/18, 73, 57, 29, 14, 16, 12
2022/4/19, 72, 42, 20, 12, 6, 11
2022/4/20, 51, 53, 31, 20, 9, 11
2022/4/21, 71, 54, 27, 14, 7, 11
2022/4/22, 76, 60, 28, 13, 6, 11
2022/4/23, 76, 66, 31, 14, 7, 11
2022/4/24, 60, 51, 31, 12, 7, 10
2022/4/25, 51, 52, 21, 14, 8, 11
2022/4/26, 68, 40, 21, 19, 7, 11
2022/4/27, 34, 29, 28, 13, 6, 10
2022/4/28, 35, 40, 30, 13, 7, 11
2022/4/29, 43, 52, 38, 17, 9, 12
2022/4/30, 61, 56, 34, 15, 8, 11
2022/5/1, 73, 45, 30, 10, 7, 11
2022/5/2, 69, 52, 54, 15, 7, 12
2022/5/3, 76, 55, 36, 16, 9, 12
2022/5/4, 83, 61, 30, 13, 7, 12
2022/5/5, 92, 60, 60, 17, 8, 12
2022/5/6, 90, 61, 35, 19, 8, 13
2022/5/7, 84, 64, 54, 20, 10, 15
2022/5/8, 89, 66, 58, 12, 10, 12
2022/5/9, 114, 70, 49, 14, 8, 13
2022/5/10, 115, 56, 21, 14, 7, 12
2022/5/11, 80, 53, 24, 11, 6, 11
2022/5/12, 62, 51, 30, 13, 7, 11
2022/5/13, 56, 51, 36, 15, 7, 12
2022/5/14, 58, 51, 48, 14, 9, 11
2022/5/15, 65, 43, 51, 13, 8, 11
2022/5/16, 48, 56, 39, 20, 10, 13
2022/5/17, 65, 56, 39, 18, 11, 12
2022/5/18, 64, 69, 62, 19, 12, 13
2022/5/19, 81, 66, 69, 21, 15, 13
2022/5/20, 83, 81, 59, 22, 10, 12
2022/5/21, 93, 65, 87, 19, 13, 13
2022/5/22, 101, 54, 26, 11, 9, 11
2022/5/23, 70, 40, 18, 19, 6, 15
2022/5/24, 58, 37, 18, 20, 6, 14
2022/5/25, 55, 53, 31, 18, 6, 12
2022/5/26, 58, 38, 38, 15, 6, 11
2022/5/27, 50, 63, 32, 13, 7, 12
2022/5/28, 94, 63, 40, 14, 8, 12
2022/5/29, 81, 53, 40, 12, 11, 11
2022/5/30, 67, 50, 32, 11, 7, 12
2022/5/31, 65, 51, 26, 10, 7, 11
2022/6/1, 65, 37, 22, 10, 6, 11
2022/6/2, 46, 30, 21, 10, 6, 10
2022/6/3, 38, 41, 23, 15, 7, 11
2022/6/4, 37, 41, 38, 15, 8, 11
2022/6/5, 53, 39, 68, 13, 11, 11
2022/6/6, 58, 54, 75, 20, 10, 13
2022/6/7, 49, 62, 51, 15, 10, 11
2022/6/8, 87, 58, 39, 12, 8, 11
2022/6/9, 82, 48, 25, 9, 7, 11
2022/6/10, 57, 44, 54, 13, 8, 11
2022/6/11, 56, 43, 38, 13, 9, 11
2022/6/12, 57, 60, 35, 9, 8, 10
2022/6/13, 83, 73, 25, 11, 7, 10
2022/6/14, 81, 65, 30, 12, 7, 10
2022/6/15, 79, 53, 21, 9, 6, 9
2022/6/16, 57, 86, 18, 9, 6, 10
2022/6/17, 103, 73, 23, 11, 7, 10
2022/6/18, 90, 49, 23, 10, 7, 10
2022/6/19, 56, 29, 26, 8, 7, 9
2022/6/20, 37, 38, 27, 10, 6, 10
2022/6/21, 45, 36, 26, 11, 7, 10
2022/6/22, 45, 41, 21, 11, 6, 10
2022/6/23, 54, 55, 23, 13, 8, 11
2022/6/24, 66, 59, 32, 13, 8, 10
2022/6/25, 67, 37, 33, 11, 8, 10
2022/6/26, 45, 29, 36, 9, 9, 10
2022/6/27, 13, 40, 35, 12, 11, 10
2022/6/28, 59, 40, 33, 12, 9, 10
2022/6/29, 51, 37, 44, 19, 7, 12
2022/6/30, 50, 47, 55, 20, 10, 12
2022/7/1, 53, 48, 57, 21, 12, 12
2022/1/4, 33, 54, 24, 39, 10, 10
2022/1/5, 67, 75, 38, 44, 12, 12
2022/1/6, 83, 89, 54, 48, 12, 13
2022/1/7, 89, 56, 17, 28, 7, 9
2022/1/8, 55, 79, 31, 43, 8, 13
2022/1/9, 103, 80, 30, 36, 8, 17
2022/1/10, 106, 53, 20, 19, 7, 7
2022/1/11, 27, 35, 22, 22, 7, 7
2022/1/12, 37, 68, 10, 38, 11, 11
2022/1/13, 76, 83, 36, 43, 11, 13
2022/1/14, 91, 91, 39, 58, 13, 18
2022/1/15, 104, 178, 21, 27, 9, 10
2022/1/16, 81, 81, 29, 28, 11, 8
2022/1/17, 63, 82, 34, 41, 14, 13
2022/1/18, 90, 85, 42, 52, 12, 14
2022/1/19, 92, 78, 20, 39, 12, 11
2022/1/20, 76, 69, 15, 21, 8, 7
2022/1/21, 31, 43, 12, 21, 8, 8
2022/1/22, 54, 40, 8, 26, 23, 9
2022/1/23, 63, 20, 11, 19, 6, 7
2022/1/24, 35, 60, 4, 27, 7, 19
2022/1/25, 94, 75, 27, 31, 9, 16
2022/1/26, 88, 33, 15, 24, 7, 8
2022/1/27, 46, 49, 5, 25, 7, 12
2022/1/28, 61, 38, 8, 21, 6, 10
2022/1/29, 36, 38, 31, 19, 6, 7
2022/1/30, 45, 56, 39, 28, 8, 11
2022/1/31, 69, 52, 28, 26, 7, 11
2022/2/1, 58, 75, 32, 33, 9, 13
2022/2/2, 74, 64, 25, 28, 7, 12
2022/2/3, 79, 47, 13, 14, 6, 8
2022/2/4, 28, 31, 16, 18, 6, 7
2022/2/5, 26, 37, 29, 24, 8, 7
2022/2/6, 39, 44, 37, 26, 12, 9
2022/2/7, 66, 51, 14, 30, 7, 10
2022/2/8, 58, 48, 36, 29, 9, 9
2022/2/9, 52, 57, 36, 32, 9, 9
2022/2/10, 62, 52, 43, 28, 11, 9
2022/2/11, 59, 54, 34, 26, 7, 11
2022/2/12, 60, 79, 26, 18, 6, 9
2022/2/13, 50, 37, 32, 18, 6, 7
2022/2/14, 36, 51, 35, 31, 10, 10
2022/2/15, 57, 57, 33, 32, 9, 11
2022/2/16, 61, 62, 51, 34, 10, 13
2022/2/17, 76, 123, 28, 30, 8, 12
2022/2/18, 82, 53, 32, 17, 8, 7
2022/2/19, 40, 45, 40, 24, 12, 8
2022/2/20, 54, 46, 44, 24, 11, 10
2022/2/21, 62, 68, 36, 32, 8, 15
2022/2/22, 70, 64, 43, 26, 7, 11
2022/2/23, 66, 70, 9, 20, 7, 11
2022/2/24, 73, 53, 20, 20, 11, 10
2022/2/25, 60, 45, 11, 18, 7, 9
2022/2/26, 44, 49, 8, 20, 10, 10
2022/2/27, 83, 38, 29, 17, 7, 9
2022/2/28, 48, 43, 35, 27, 9, 9
2022/3/1, 50, 48, 36, 32, 11, 10
2022/3/2, 60, 51, 30, 24, 10, 10
2022/3/3, 65, 51, 27, 22, 11, 10
2022/3/4, 70, 40, 22, 16, 7, 10
2022/3/5, 55, 51, 35, 21, 8, 11
2022/3/6, 68, 55, 46, 15, 8, 10
2022/3/7, 78, 96, 19, 19, 6, 10
2022/3/8, 54, 47, 39, 21, 9, 9
2022/3/9, 57, 42, 38, 18, 8, 9
2022/3/10, 48, 58, 38, 26, 12, 12
2022/3/11, 72, 105, 25, 20, 7, 12
2022/3/12, 67, 45, 36, 16, 7, 6
2022/3/13, 34, 33, 36, 16, 8, 8
2022/3/14, 45, 55, 59, 31, 9, 12
2022/3/15, 67, 78, 36, 27, 7, 10
2022/3/16, 57, 74, 40, 29, 9, 12
2022/3/17, 60, 71, 32, 27, 7, 10
2022/3/18, 58, 141, 29, 23, 9, 11
2022/3/19, 75, 59, 38, 20, 10, 9
2022/3/20, 50, 46, 37, 15, 8, 9
2022/3/21, 45, 54, 52, 18, 7, 11
2022/3/22, 66, 96, 34, 21, 7, 10
2022/3/23, 57, 100, 38, 21, 7, 9
2022/3/24, 59, 57, 32, 30, 9, 10
2022/3/25, 46, 76, 41, 37, 11, 13
2022/3/26, 72, 58, 12, 33, 9, 10
2022/3/27, 27, 56, 49, 18, 11, 10
2022/3/28, 75, 55, 44, 25, 12, 12
2022/3/29, 68, 65, 55, 24, 11, 12
2022/3/30, 87, 169, 35, 22, 7, 10
2022/3/31, 94, 70, 48, 23, 9, 10
2022/4/1, 58, 53, 29, 14, 7, 9
2021/10/2, 55, 40, 36, 16, , 15
2021/10/3, 63, 8, 17, 14, 1, 15
2021/10/4, 44, 37, 21, 19, , 16
2021/10/5, 41, 30, 51, 16, , 13
2021/10/6, 39, 52, 50, 24, 3, 16
2021/10/7, 55, 40, 44, 19, 4, 16
2021/10/8, 53, 43, 48, 23, 4, 16
2021/10/9, 56, 46, 52, 20, 3, 16
2021/10/10, 59, 46, 53, 15, 3, 16
2021/10/11, 72, 44, 30, 15, 3, 15
2021/10/12, 56, 53, 36, 14, 3, 16
2021/10/13, 76, 69, 23, 22, 3, 18
2021/10/14, 100, 69, 47, 23, 3, 18
2021/10/15, 86, 56, 25, 16, 3, 17
2021/10/16, 75, 25, 25, 16, 3, 15
2021/10/17, 34, 26, 43, 17, 3, 13
2021/10/18, 44, 38, 35, 23, 3, 16
2021/10/19, 53, 48, 28, 15, 3, 15
2021/10/20, 73, 62, 34, 12, 4, 9
2021/10/21, 89, 61, 21, 9, 5, 8
2021/10/22, 74, 38, 16, 7, 4, 5
2021/10/23, 42, 45, 27, 8, 3, 8
2021/10/24, 66, 56, 56, 8, 5, 8
2021/10/25, 78, 59, 46, 10, 5, 9
2021/10/26, 72, 65, 38, 10, 7, 8
2021/10/27, 82, 57, 23, 10, 4, 6
2021/10/28, 57, 48, 27, 11, 4, 7
2021/10/29, 41, 47, 37, 14, 5, 8
2021/10/30, 52, 65, 49, 15, 8, 10
2021/10/31, 76, , , , , 
2021/11/2, 60, 52, 23, 11, 3, 6
2021/11/3, 48, 49, 21, 12, 3, 7
2021/11/4, 50, 37, 11, 8, 3, 8
2021/11/5, 26, 37, 11, 8, 3, 7
2021/11/6, 42, 60, 21, 12, 4, 9
2021/11/7, 76, 50, 27, 10, 4, 9
2021/11/8, 67, 53, 21, 12, 4, 9
2021/11/9, 71, 50, 22, 12, 3, 8
2021/11/10, 62, 68, 34, 13, 4, 11
2021/11/11, 86, 69, 19, 14, 5, 11
2021/11/12, 75, 58, 26, 13, 4, 7
2021/11/13, 57, 55, 11, 14, 4, 10
2021/11/14, 59, 70, 52, 14, 6, 10
2021/11/15, 89, 72, 52, 14, 6, 12
2021/11/16, 86, 72, 31, 15, 7, 12
2021/11/17, 75, 79, 37, 19, 8, 13
2021/11/18, 84, 73, 13, 14, 5, 9
2021/11/19, 50, 51, 13, 12, 4, 7
2021/11/20, 42, 71, 30, 17, 7, 12
2021/11/21, 80, 58, 32, 13, 6, 9
2021/11/22, 75, 53, 20, 15, 4, 7
2021/11/23, 38, 62, 29, 15, 6, 8
2021/11/24, 66, 66, 31, 17, 5, 11
2021/11/25, 82, 66, 13, 14, 5, 9
2021/11/26, 62, 38, 16, 12, 5, 6
2021/11/27, 36, 71, 10, 13, 9, 9
2021/11/28, 80, 56, 19, 13, 6, 10
2021/11/29, 68, 47, 27, 16, 5, 7
2021/11/30, 54, 60, 26, 17, 7, 9
2021/12/1, 68, 69, 28, 17, 9, 11
2021/12/2, 75, 66, 29, 25, 8, 10
2021/12/3, 76, 68, 41, 35, 7, 13
2021/12/4, 82, 72, 38, 33, 13, 12
2021/12/5, 92, 60, 23, 24, 6, 10
2021/12/6, 94, 89, 15, 30, 6, 12
2021/12/7, 92, 61, 16, 28, 7, 7
2021/12/8, 53, 90, 43, 47, 17, 15
2021/12/9, 108, 100, 43, 60, 12, 18
2021/12/10, 121, 107, 20, 56, 13, 20
2021/12/11, 110, 95, 18, 28, 8, 10
2021/12/12, 63, 34, 29, 18, 7, 4
2021/12/13, 34, 63, 25, 47, 11, 13
2021/12/14, 74, 97, 32, 43, 13, 17
2021/12/15, 110, 58, 6, 19, 7, 8
2021/12/16, 75, 82, 10, 51, 7, 21
2021/12/17, 94, 78, 23, 39, 8, 14
2021/12/18, 96, 110, 24, 45, 9, 17
2021/12/19, 123, 32, 16, 17, 5, 6
2021/12/20, 35, 51, 15, 25, 6, 9
2021/12/21, 61, 79, 25, 36, 9, 15
2021/12/22, 87, 71, 28, 41, 8, 14
2021/12/23, 75, 81, 30, 42, 9, 16
2021/12/24, 90, 81, 31, 39, 8, 16
2021/12/25, 100, 77, 62, 32, 10, 16
2021/12/26, 111, 69, 64, 32, 11, 14
2021/12/27, 104, 74, 39, 36, 8, 12
2021/12/28, 99, 73, 36, 35, 12, 11
2021/12/29, 86, 72, 16, 38, 10, 10
2021/12/30, 76, 78, 48, 37, 12, 11
2021/12/31, 88, 74, 58, 36, 9, 13
2022/1/1, 98, 112, 26, 23, 8, 12
2022/1/2, 121, 61, 22, 15, 7, 6
2022/1/3, 35, 31, 25, 22, 8, 6
2021/7/2, 52, 59, 32, 7, , 15
2021/7/3, 63, 45, 33, 7, , 14
2021/7/4, 58, 42, 35, 6, , 14
2021/7/5, 54, 59, 28, 7, , 14
2021/7/6, 81, 46, 14, 10, , 16
2021/7/7, 56, 44, 20, 10, , 16
2021/7/8, 63, 45, 20, 9, , 15
2021/7/9, 44, 50, 32, 9, , 15
2021/7/10, 62, 50, 26, 7, , 14
2021/7/11, 60, 66, 34, 6, , 15
2021/7/12, 67, 73, 23, 7, 11, 14
2021/7/13, 75, 64, 19, 5, , 14
2021/7/14, 64, 59, 26, 8, , 15
2021/7/15, 58, 66, 27, 7, , 14
2021/7/16, 71, 54, 32, 7, , 15
2021/7/17, 55, 64, 34, 6, , 14
2021/7/18, 81, 55, 24, 4, , 13
2021/7/19, 61, 46, 37, 6, , 14
2021/7/20, 56, 51, 19, 9, , 15
2021/7/21, 55, 54, 30, 11, , 16
2021/7/22, 66, 56, 38, 10, , 15
2021/7/23, 61, 64, 41, 7, , 15
2021/7/24, 73, 80, 59, 8, , 16
2021/7/25, 88, 71, 40, 6, , 14
2021/7/26, 83, 50, 35, 6, , 14
2021/7/27, 57, 52, 33, 7, , 15
2021/7/28, 76, 54, 35, 10, , 15
2021/7/29, 64, 51, 35, 12, , 16
2021/7/30, 71, 39, 31, 10, , 16
2021/7/31, 55, 52, 44, 7, , 15
2021/8/1, 65, 53, 44, 6, , 14
2021/8/2, 78, 54, 29, 8, , 15
2021/8/3, 64, 47, 27, 11, , 16
2021/8/4, 70, 53, 47, 10, , 16
2021/8/5, 85, 48, 22, 9, , 16
2021/8/6, 70, 51, 35, 10, , 17
2021/8/7, 65, 60, 40, 8, , 16
2021/8/8, 76, 50, 40, 6, , 15
2021/8/9, 57, 49, 32, 7, , 14
2021/8/10, 54, 53, 39, 6, , 14
2021/8/11, 65, 51, 40, 6, , 14
2021/8/12, 56, 48, 33, 6, , 14
2021/8/13, 62, 49, 34, 7, , 14
2021/8/14, 55, , , , , 
2021/8/16, 42, 37, 32, 7, , 15
2021/8/17, 52, 43, 32, 7, , 15
2021/8/18, 51, 42, 49, 6, , 15
2021/8/19, 51, 57, 44, 6, , 15
2021/8/20, 71, 49, 23, 6, , 15
2021/8/21, 65, 41, 22, 6, , 15
2021/8/22, 41, 47, 25, 5, , 14
2021/8/23, 43, 55, 28, 7, , 15
2021/8/24, 50, 53, 28, 7, , 14
2021/8/25, 58, 41, 26, 6, , 14
2021/8/26, 42, 49, 28, 6, , 14
2021/8/27, 66, 51, 32, 7, , 14
2021/8/28, 66, 65, 29, 7, , 14
2021/8/29, 73, 59, 34, 6, , 13
2021/8/30, 83, 63, 37, 8, , 15
2021/8/31, 85, 53, 34, 8, , 15
2021/9/1, 73, 57, 36, 7, , 14
2021/9/2, 78, 75, 31, 6, , 15
2021/9/3, 87, 49, 30, 7, , 14
2021/9/4, 73, 54, 35, 6, , 14
2021/9/5, 72, 54, 38, 5, , 13
2021/9/6, 72, 48, 34, 6, , 14
2021/9/7, 60, 49, 33, 7, , 15
2021/9/8, 64, 41, 28, 10, , 14
2021/9/9, 53, 43, 50, 9, , 14
2021/9/10, 56, 44, 61, 11, , 15
2021/9/11, 66, 45, 45, 8, , 14
2021/9/12, 55, 22, 36, 6, , 13
2021/9/13, 37, 30, 20, 8, , 15
2021/9/14, 36, 33, 62, 8, , 14
2021/9/15, 45, 38, 31, 10, , 15
2021/9/16, 50, 31, 29, 8, , 13
2021/9/17, 53, 43, 41, 9, , 15
2021/9/18, 58, 41, 41, 8, , 14
2021/9/19, 64, 30, 41, 7, , 14
2021/9/20, 45, 44, 46, 9, , 16
2021/9/21, 59, 47, 36, 9, , 15
2021/9/22, 70, 34, 33, 10, , 15
2021/9/23, 42, 46, 45, 12, , 15
2021/9/24, 56, 39, 39, 12, , 15
2021/9/25, 51, 42, 33, 16, 2, 14
2021/9/26, 54, 28, 33, 10, 1, 13
2021/9/27, 36, 44, 45, 14, 1, 15
2021/9/28, 66, 59, 39, 24, 2, 16
2021/9/29, 85, 58, 49, 17, 1, 16
2021/9/30, 77, 38, 35, 17, , 15
2021/10/1, 54, 35, 27, 18, , 16
2021/4/2, 47, 48, 28, 7, , 15
2021/4/3, 44, 48, 24, 8, , 16
2021/4/4, 50, 50, 24, 7, , 16
2021/4/5, 41, 48, 31, 8, , 16
2021/4/6, 44, 64, 47, 10, , 19
2021/4/7, 65, 74, 28, 11, , 19
2021/4/8, 61, 72, 44, 11, , 18
2021/4/9, 76, 78, 28, 12, , 19
2021/4/10, 75, 79, 38, 13, , 18
2021/4/11, 68, 61, 44, 7, , 15
2021/4/12, 76, 65, 30, 8, , 16
2021/4/13, 80, 68, 30, 7, , 19
2021/4/14, 84, 70, 32, 7, , 23
2021/4/15, 95, 81, 43, 8, 3, 21
2021/4/16, 124, 75, 78, 9, 5, 6
2021/4/17, 105, 45, 19, 7, 1, 5
2021/4/18, 59, 43, 40, 7, 3, 3
2021/4/19, 51, 46, 46, 9, 4, 4
2021/4/20, 45, 60, 65, 12, 4, 6
2021/4/21, 63, 55, 29, 12, 1, 5
2021/4/24, 55, 70, 48, 11, , 4
2021/4/25, 64, 62, 41, 10, , 4
2021/4/26, 58, 72, 38, 11, , 7
2021/4/27, 98, 76, 43, 10, , 7
2021/4/28, 97, 82, 57, 10, , 6
2021/4/29, 124, 74, 32, 9, , 5
2021/4/30, 63, 52, 24, 11, , 6
2021/5/1, 50, 46, 44, 8, , 4
2021/5/2, 47, 56, 93, 10, , 5
2021/5/3, 50, 63, 73, 14, , 5
2021/5/4, 70, 71, 27, 12, , 6
2021/5/5, 65, 52, 38, 10, , 4
2021/5/6, 50, 58, 35, 9, , 5
2021/5/7, 57, 60, 28, 9, , 6
2021/5/8, 67, , , , , 
2021/5/13, 53, 38, 19, 9, , 7
2021/5/14, 40, 45, 19, 9, , 7
2021/5/15, 51, 43, 32, 8, , 6
2021/5/16, 53, 40, 49, 7, , 5
2021/5/17, 51, 68, 52, 11, , 7
2021/5/18, 70, 64, 41, 8, , 4
2021/5/19, 83, 66, 38, 10, , 5
2021/5/20, 61, 53, 52, 14, , 6
2021/5/21, 51, 62, 40, 9, , 6
2021/5/22, 64, 50, 38, 8, , 5
2021/5/23, 57, 41, 26, 6, , 4
2021/5/24, 63, 44, 28, 7, , 5
2021/5/25, 60, 62, 39, 8, , 6
2021/5/26, 77, 60, 27, 7, , 6
2021/5/27, 70, 55, 31, 8, , 6
2021/5/28, 72, 62, 36, 7, , 6
2021/5/29, 75, 49, 31, 8, , 6
2021/5/30, 56, 43, 28, 6, , 5
2021/5/31, 55, 56, 18, 7, , 6
2021/6/1, 67, 39, 28, 7, , 6
2021/6/2, 48, 47, 39, 6, , 6
2021/6/3, 57, 57, 44, , , 8
2021/6/4, 70, 41, 39, 5, , 5
2021/6/5, 60, 58, 76, 11, , 5
2021/6/6, 69, 50, 65, 8, , 5
2021/6/7, 59, 69, 81, 13, , 7
2021/6/8, 80, 72, 45, 8, , 6
2021/6/9, 105, 65, 39, 7, , 4
2021/6/10, 70, 56, 28, 7, , 4
2021/6/11, 68, 55, 34, 8, , 9
2021/6/12, 66, 48, 34, 8, , 15
2021/6/13, 45, 38, 30, 6, , 14
2021/6/14, 44, 46, 36, 7, , 16
2021/6/15, 46, 47, 38, 8, , 16
2021/6/16, 51, 51, 37, 10, , 16
2021/6/17, 57, 54, 33, 12, , 15
2021/6/18, 47, 49, 45, 10, , 15
2021/6/19, 58, 64, 44, 8, , 17
2021/6/20, 65, 44, 40, 8, , 15
2021/6/21, 57, 73, 65, 8, , 17
2021/6/22, 85, 49, 37, 10, , 16
2021/6/23, 56, 50, 37, 11, , 17
2021/6/24, 57, 59, 31, 8, , 17
2021/6/25, 74, 58, 29, 6, , 16
2021/6/26, 70, 59, 39, 6, , 16
2021/6/27, 67, 47, 29, 5, , 14
2021/6/28, 58, 49, 28, 10, , 16
2021/6/29, 59, 47, 31, 9, , 14
2021/6/30, 57, 38, 25, 8, , 13
2021/7/1, 50, 40, 23, 7, , 13
2021/1/5, 54, 65, , , , 25
2021/1/6, 59, 65, , , , 21
2021/1/7, 55, 60, , , , 17
2021/1/8, 42, 59, , , , 18
2021/1/9, 44, 34, , , , 16
2021/1/10, 34, 42, , , , 14
2021/1/11, 41, 43, , , , 15
2021/1/12, 34, 56, , , , 17
2021/1/13, 49, 71, , , , 22
2021/1/14, 72, 70, , , , 23
2021/1/15, 51, 60, , , , 18
2021/1/16, 38, 67, , , , 20
2021/1/17, 53, 61, , , , 19
2021/1/18, 61, 74, , , , 22
2021/1/19, 64, 63, 4, , , 22
2021/1/20, 62, 45, , , , 20
2021/1/21, 40, 77, 2, , , 26
2021/1/22, 92, 80, 23, , , 23
2021/1/23, 86, 76, 16, , , 24
2021/1/24, 74, 65, 17, , , 20
2021/1/25, 66, 73, 15, , , 23
2021/1/26, 62, 66, 26, , , 18
2021/1/27, 54, 67, 10, , , 17
2021/1/28, 41, 46, 20, , , 15
2021/1/29, 30, 54, 13, , , 17
2021/1/30, 47, 72, 45, , , 23
2021/1/31, 59, 59, 17, , , 16
2021/2/1, 37, 42, 21, , , 14
2021/2/2, 38, 52, 16, , , 18
2021/2/3, 44, 68, 34, , , 21
2021/2/4, 58, 63, 16, , , 19
2021/2/5, 51, 61, 21, , , 18
2021/2/6, 47, 65, 13, , , 17
2021/2/7, 55, 53, 2, , , 18
2021/2/8, 39, 64, 28, , , 18
2021/2/9, 53, 73, 22, , , 20
2021/2/10, 65, 76, 11, , , 20
2021/2/11, 90, , 2, , , 19
2021/2/12, 41, 44, , , , 19
2021/2/13, 29, 33, 1, , , 19
2021/2/14, 29, 26, 3, , , 16
2021/2/15, 33, , , , , 
2021/2/18, 40, 45, 7, , , 17
2021/2/19, 34, 32, 13, , , 17
2021/2/20, 44, , 16, , , 19
2021/2/21, 51, , 41, , , 19
2021/2/22, 47, 54, 28, , , 19
2021/2/23, 51, 54, 17, , 1, 20
2021/2/24, 51, 60, 40, 26, , 22
2021/2/25, 57, 57, 30, 22, 2, 22
2021/2/26, 56, 54, 22, 17, 1, 23
2021/2/27, 65, 71, 17, 23, 3, 24
2021/2/28, 73, , 44, 16, 2, 24
2021/3/1, 73, 267, 5, 16, 3, 25
2021/3/2, 9, 44, 30, 17, 4, 24
2021/3/3, 36, 56, 34, 29, 7, 23
2021/3/4, 46, 60, 36, 28, 9, 24
2021/3/5, 48, 55, 24, 25, 6, 23
2021/3/6, 36, 64, 39, 19, 5, 22
2021/3/7, 44, 47, 30, 8, 5, 22
2021/3/8, 60, 43, 24, 10, 2, 21
2021/3/9, 51, 49, 29, 9, 2, 19
2021/3/10, 56, 63, 33, 10, 2, 20
2021/3/11, 57, 58, 43, 10, 4, 20
2021/3/12, 67, 59, 32, 9, 3, 21
2021/3/13, 71, 51, 29, 8, 2, 20
2021/3/14, 66, 81, 38, 6, 2, 19
2021/3/15, 60, 72, 53, 11, 4, 19
2021/3/16, 71, 68, 54, 10, 3, 20
2021/3/17, 78, 95, 31, 10, 2, 20
2021/3/18, 96, 112, 33, 9, 3, 17
2021/3/19, 67, 68, 38, 12, 4, 17
2021/3/20, 50, 49, 39, 10, 4, 17
2021/3/21, 43, 48, 40, 7, , 18
2021/3/22, 51, 60, 38, 11, , 22
2021/3/23, 66, 81, 43, 10, , 20
2021/3/24, 60, 78, 53, 11, , 23
2021/3/25, 73, 111, 50, 9, , 21
2021/3/26, 72, 64, 13, 14, , 23
2021/3/27, 54, 68, 18, 14, , 27
2021/3/28, 58, 98, 32, 8, , 21
2021/3/29, 54, 48, 35, 10, , 21
2021/3/30, 42, 72, 55, 12, , 23
2021/3/31, 73, 80, 24, 10, , 21
2021/4/1, 63, 51, 28, 7, , 16
2020/10/30, 73, 57, , , , 14
2020/10/31, 39, 43, , , , 13
2020/11/1, 61, 58, , , , 15
2020/11/2, 67, 59, , , , 18
2020/11/3, 39, 44, , , , 13
2020/11/4, 41, 52, , , , 14
2020/11/5, 48, 54, , , , 14
2020/11/6, 44, 52, , , , 14
2020/11/7, 40, 48, , , , 13
2020/11/8, 43, 48, , , , 14
2020/11/9, 48, 49, , , , 14
2020/11/10, 58, 53, , , 1, 16
2020/11/11, 51, 53, , , 2, 17
2020/11/12, 57, 41, , , 1, 14
2020/11/13, 67, 44, , , , 16
2020/11/14, 70, 49, , , , 16
2020/11/15, 66, 47, , , 1, 16
2020/11/16, 73, , , , 3, 21
2020/11/17, 45, , , , , 12
2020/11/18, 46, 54, , , , 13
2020/11/19, 49, 59, , , , 15
2020/11/20, 47, 60, , , , 15
2020/11/21, 51, 62, , , , 16
2020/11/22, 41, 53, , , , 14
2020/11/23, 35, 42, , , 1, 12
2020/11/24, 41, 46, , , 1, 13
2020/11/25, 48, 64, , , , 16
2020/11/26, 81, 89, , , , 20
2020/11/27, 109, 83, , , , 18
2020/11/28, 89, 92, , , , 24
2020/11/29, 49, 62, , , , 16
2020/11/30, 46, 46, , , , 13
2020/12/1, 50, 47, , , , 13
2020/12/2, 68, 52, , , , 14
2020/12/3, 88, 77, , , , 18
2020/12/4, 73, 56, , , , 13
2020/12/5, 37, 47, , , , 12
2020/12/6, 43, 56, , , , 13
2020/12/7, 54, 72, , , , 16
2020/12/8, 39, 63, , , , 18
2020/12/9, 61, 75, , , , 20
2020/12/10, 75, 95, , , , 26
2020/12/11, 64, 84, , , , 23
2020/12/12, 62, 81, , , , 22
2020/12/13, 59, 69, , , , 18
2020/12/14, 50, 78, , , , 14
2020/12/15, 44, 103, , , , 14
2020/12/16, 47, 85, , , , 17
2020/12/17, 35, 65, , , , 15
2020/12/18, 57, 81, , , , 16
2020/12/19, 63, 68, , , , 20
2020/12/20, 59, 85, , , , 25
2020/12/21, 47, 56, , , , 16
2020/12/22, 50, 65, , , , 19
2020/12/23, 58, 50, , , , 17
2020/12/24, 61, 79, , , , 24
2020/12/25, 41, 81, , , , 14
2020/12/26, 81, 71, , , , 17
2020/12/27, 50, 63, , , , 17
2020/12/28, 84, 82, , , , 27
2020/12/29, 66, 71, , , , 23
2020/12/30, 59, 58, , , , 15
2020/12/31, 64, 64, , , , 17
2021/1/1, 38, 59, , , , 12
2021/1/2, 48, 43, , , , 13
2021/1/3, 52, 51, , , , 15
2021/1/4, 62, 60, , , , 17
2020/7/2, 16, 59, 20, , , 12
2020/7/3, 48, 53, , , , 11
2020/7/4, 65, 50, , , , 10
2020/7/7, 86, 56, , , , 10
2020/7/8, 72, 55, , , , 11
2020/7/9, 77, 57, , , , 11
2020/7/14, 63, 57, , , , 10
2020/7/15, 31, 59, , , , 9
2020/7/16, 61, 66, , , , 9
2020/7/18, 33, 57, , , 5, 9
2020/9/4, 102, 53, , , 1, 13
2020/9/5, 85, 36, , , , 13
2020/9/6, 54, 31, , , , 12
2020/9/7, 61, , , , 1, 13
2020/9/8, 61, 45, , , , 12
2020/9/9, 74, 47, , , , 14
2020/9/10, 79, 25, , , , 14
2020/9/11, 42, 33, , , 2, 15
2020/9/12, 50, , , , 3, 14
2020/9/13, 74, , , , 2, 16
2020/9/14, 80, 26, , , 3, 15
2020/9/15, 59, 31, , , 5, 14
2020/9/16, 50, 79, , , 7, 14
2020/9/17, 84, 35, , , 4, 14
2020/9/18, 63, 42, , , 7, 15
2020/9/19, 65, 34, , , 7, 14
2020/9/20, 68, 18, , , 6, 13
2020/9/21, 79, 59, , , 5, 15
2020/9/22, 93, 59, , , 10, 16
2020/9/23, 59, 67, , , 6, 17
2020/9/24, 60, 65, , , 10, 16
2020/9/25, 70, 37, , , 9, 15
2020/9/26, 63, 29, , , 3, 16
2020/9/27, 65, 41, , , 3, 17
2020/9/28, 67, 63, , , 7, 15
2020/9/29, 45, 36, , , 1, 12
2020/9/30, 35, 58, , , 2, 14
2020/10/1, 48, 55, , , 1, 14
2020/4/2, 72, 40, 36, 18, 13, 6
2020/4/3, 64, 46, 22, 19, 12, 3
2020/4/4, 137, 28, 10, 29, 7, 3
2020/4/5, 163, 10, 8, 35, 6, 3
2020/4/7, 79, 34, 38, 38, 5, 6
2020/4/8, 68, 44, 37, 29, 7, 7
2020/4/9, 81, 46, 38, 52, 19, 9
2020/4/10, 90, 30, 13, , 6, 2
2020/4/11, 48, , , , , 
2020/4/13, 19, , 18, , 61, 47
2020/4/16, 45, 21, 14, , 10, 3
2020/4/17, 35, 40, 39, , , 7
2020/4/18, 68, 36, 32, , , 5
2020/4/19, 60, 39, 23, , , 8
2020/4/20, 62, 47, , , , 44
2020/4/21, 66, 62, , , , 
2020/4/22, 50, 57, , , , 
2020/4/23, 9, 47, , , , 
2020/4/24, 9, 60, , , , 
2020/4/25, 9, 63, , , , 
2020/4/26, 9, 22, , , , 
2020/4/27, 10, 35, , , , 
2020/4/28, 9, 49, , , , 
2020/4/29, 9, 49, , , , 
2020/5/1, 45, 32, , , , 
2020/5/2, 55, 35, , , , 
2020/5/3, 75, 34, , , , 
2020/5/4, 40, 38, , , , 
2020/5/5, 59, , , , , 
2020/5/7, 9, 32, , , , 
2020/5/8, 10, 39, , , , 
2020/5/9, 10, 27, , , , 
2020/5/10, 9, 22, , , , 
2020/5/11, 10, 23, , , , 
2020/5/12, 11, 32, , , , 
2020/5/13, 11, 34, , , , 
2020/5/14, 52, 23, , , , 
2020/5/15, 33, 51, , , , 
2020/5/16, 27, 47, , , , 
2020/5/17, 44, 31, , , , 
2020/5/18, 17, 40, , , , 
2020/5/19, 25, 50, , , , 
2020/5/20, 91, 49, , , , 
2020/5/21, 138, 53, , , , 
2020/5/26, 17, 25, , , , 
2020/5/27, 32, 32, , , , 
2020/5/28, 41, 33, , , , 
2020/5/29, 29, 34, , , , 
2020/5/30, 25, 29, , , , 
2020/5/31, 14, 23, , , , 
2020/6/1, 17, 27, , , , 
2020/6/2, 103, 22, , , , 
2020/6/3, 109, 27, , , , 
2020/6/4, 96, 30, , , , 
2020/6/5, 77, 30, , , , 
2020/6/6, 73, 30, , , , 
2020/6/7, 63, 24, , , , 
2020/6/8, 51, 40, , , , 
2020/6/9, 45, 113, , , , 
2020/6/10, 64, 30, , , , 
2020/6/11, 57, 35, , , , 
2020/6/12, 68, 43, , , , 
2020/6/13, 50, 32, , , , 
2020/6/14, 45, 29, , , , 
2020/6/15, 55, 39, , , , 
2020/6/16, 82, 17, , , , 
2020/6/18, 73, 29, , , , 
2020/6/19, 68, 26, , , , 
2020/6/20, 72, 23, , , , 
2020/6/21, 70, 26, , , , 
2020/6/22, 68, 33, , , , 
2020/6/23, 68, 39, , , , 
2020/6/24, 70, 39, , , , 
2020/6/25, 61, 39, , , , 
2020/6/26, 19, 25, , , , 
2020/6/27, 22, 83, , , , 
2020/6/28, 29, 61, , , , 
2020/6/29, 38, 51, , , , 
2020/6/30, 26, 56, , , , 
2020/7/1, 21, 57, , , , 
2020/1/2, 85, 31, , , 22, 7
2020/1/3, 52, 35, , , 18, 4
2020/1/4, 33, 41, , , 23, 4
2020/1/5, 61, 58, , , 24, 9
2020/1/6, 94, 73, , , 24, 13
2020/1/7, 89, 43, , , 21, 4
2020/1/8, 51, 44, , , 23, 6
2020/1/9, 63, 62, , , 28, 12
2020/1/10, 93, 75, , , 26, 15
2020/1/11, 114, 46, , , 20, 3
2020/1/12, 37, 40, , , 20, 6
2020/1/13, 63, 72, , , 25, 16
2020/1/14, 100, 93, , , 34, 21
2020/1/15, 117, 82, , , 31, 20
2020/1/16, 139, 42, , , 34, 10
2020/1/17, 72, 29, 17, , 38, 9
2020/1/18, 58, 42, , , 30, 14
2020/1/19, 90, 20, , , 22, 6
2020/1/21, 47, 22, , , 28, 5
2020/1/22, 52, 47, , , 27, 10
2020/1/23, 79, 64, , , 31, 15
2020/1/24, 85, 40, , 11, 27, 6
2020/1/25, 51, 42, , 35, 27, 10
2020/1/26, 79, 48, , 29, 31, 13
2020/1/27, 99, 56, , 30, 31, 11
2020/1/28, 71, 46, , 44, 25, 8
2020/1/29, 51, 57, , 37, 26, 6
2020/1/30, 47, 45, , 58, 32, 8
2020/1/31, 67, 44, , 41, 30, 8
2020/2/1, 78, 36, , 21, 27, 7
2020/2/3, 96, 66, , 41, 28, 12
2020/2/4, 102, 71, , 47, 38, 19
2020/2/5, 88, 63, , 58, 31, 10
2020/2/6, 72, 80, , 29, 25, 6
2020/2/7, 62, 69, , 36, 32, 11
2020/2/8, 73, 59, , 37, 30, 17
2020/2/9, 72, 41, , 39, 14, 6
2020/2/10, 73, 61, , 47, 10, 11
2020/2/11, 96, 51, , 77, 6, 9
2020/2/12, 85, 43, 16, 40, 8, 8
2020/2/13, 71, 52, 39, 40, 13, 9
2020/2/14, 85, 34, 31, 31, 13, 4
2020/2/15, 67, 47, 55, 46, 9, 8
2020/2/16, 79, 63, 91, 35, 14, 11
2020/2/17, 108, 63, 57, 50, 16, 13
2020/2/18, 90, 57, 144, 46, 12, 9
2020/2/19, 86, 35, , 52, 8, 7
2020/2/20, 62, 29, , 57, 7, 8
2020/2/21, 46, 30, , 31, 4, 4
2020/2/22, 62, 32, , 28, 8, 4
2020/2/23, 59, 48, , 39, 10, 8
2020/2/24, 78, 74, , 57, 14, 15
2020/2/25, 79, 50, , 53, 8, 7
2020/2/26, 61, 51, , 59, 2, 3
2020/2/27, 39, 35, , 49, 8, 4
2020/2/28, 67, 52, , 54, 12, 6
2020/2/29, 74, 48, , 54, 8, 6
2020/3/1, 65, 51, , 41, 8, 8
2020/3/2, 67, 64, , 49, 9, 12
2020/3/3, 86, 65, , 71, 12, 12
2020/3/4, 111, 59, , 73, 7, 6
2020/3/5, 82, 25, , 65, 6, 4
2020/3/6, 49, 45, , 50, 11, 6
2020/3/7, 62, 37, , 46, 7, 5
2020/3/8, 61, 34, , 48, 7, 6
2020/3/9, 64, 39, , 58, 7, 8
2020/3/10, 62, 46, , 58, 8, 8
2020/3/11, 66, 46, , 47, 7, 7
2020/3/12, 72, 53, , 58, 9, 9
2020/3/13, 68, 54, , 59, 10, 9
2020/3/14, 86, 57, , 58, 8, 7
2020/3/15, 110, 34, , 46, 14, 6
2020/3/16, 53, , , , , 
2020/3/21, 72, 30, , 50, 14, 7
2020/3/22, 53, 36, , 45, 8, 6
2020/3/23, 46, 43, , 45, 9, 7
2020/3/24, 82, 48, , 98, 32, 25
2020/3/25, 73, 56, , , , 
2020/3/26, 110, 56, , , , 
2020/3/27, 95, 53, , , , 
2020/3/28, 94, 55, , , , 
2020/3/29, 91, 39, , , , 
2020/3/30, 110, 55, , , , 
2020/3/31, 129, 48, , , , 
2020/4/1, 77, 40, , , , 
2019/10/2, 56, 30, , , 29, 9
2019/10/3, 45, 33, , , 25, 10
2019/10/4, 50, 40, , , 21, 11
2019/10/5, 53, 45, , , 19, 11
2019/10/6, 66, 38, , , 17, 11
2019/10/7, 55, 34, , , 16, 11
2019/10/8, 55, 45, , , 18, 12
2019/10/9, 59, 40, , , 21, 12
2019/10/10, 56, 43, , , 19, 12
2019/10/11, 68, 84, , , 18, 12
2019/10/12, 64, 41, , , 15, 9
2019/10/13, 54, 42, , , 20, 10
2019/10/14, 68, 43, , , 15, 12
2019/10/15, 60, 52, , , 15, 12
2019/10/16, 73, 45, , , 15, 11
2019/10/17, 51, 41, , , 15, 10
2019/10/18, 61, 48, , , 19, 11
2019/10/19, 64, 52, , , 17, 12
2019/10/20, 67, 71, , , 16, 11
2019/10/21, 85, 50, , , 15, 14
2019/10/22, 67, 37, , , 23, 6
2019/10/23, 67, 37, , , 24, 5
2019/10/24, 55, 30, , , 25, 6
2019/10/25, 52, 68, , , 20, 4
2019/10/26, 83, 36, , , 19, 7
2019/10/27, 56, 73, , , 21, 14
2019/10/28, 93, 51, , , 19, 9
2019/10/29, 64, 48, , , 18, 9
2019/10/30, 75, 50, , , 16, 8
2019/10/31, 69, 33, , , 12, 4
2019/11/1, 56, 29, , , 16, 5
2019/11/2, 47, 51, , , 18, 8
2019/11/3, 72, 24, , , 17, 4
2019/11/4, 50, 63, , , 19, 12
2019/11/5, 86, 55, , , 17, 9
2019/11/6, 74, 31, , , 18, 5
2019/11/7, 55, 42, , , 21, 6
2019/11/8, 60, 35, , , 16, 8
2019/11/9, 36, 37, , , 17, 7
2019/11/10, 72, 33, , , 17, 6
2019/11/11, 52, 54, , , 16, 9
2019/11/12, 87, 30, , , 10, 6
2019/11/13, 41, 39, , , 17, 7
2019/11/14, 68, 64, , , 19, 15
2019/11/15, 97, 39, , , 14, 5
2019/11/16, 50, , , , 17, 7
2019/11/17, 68, , , , 16, 11
2019/11/18, 94, , , , 16, 7
2019/11/19, 75, 45, , , 25, 12
2019/11/20, 91, 50, , , 20, 9
2019/11/21, 94, 55, , , 16, 9
2019/11/22, 97, 58, , , 16, 11
2019/11/23, 84, 35, , , 16, 9
2019/11/24, 54, 56, , , 20, 12
2019/11/25, 86, 65, , , 19, 15
2019/11/26, 80, 82, , , 22, 16
2019/11/27, 105, 90, , , 21, 10
2019/11/28, 80, 66, , , 19, 7
2019/11/29, 80, 105, , , 22, 24
2019/11/30, 122, 92, , , 27, 21
2019/12/1, 115, 39, , , 20, 7
2019/12/2, 38, 38, , , 17, 5
2019/12/3, 44, , , , , 
2019/12/12, 56, 57, , , 19, 13
2019/12/13, 82, 86, , , 25, 22
2019/12/14, 102, 69, 20, , 25, 15
2019/12/15, 77, 77, , , 27, 16
2019/12/16, 104, 69, , , 21, 8
2019/12/17, 67, 35, , , 15, 4
2019/12/18, 49, 27, , , 17, 1
2019/12/19, 46, 42, , , 18, 4
2019/12/20, 52, 57, , , 20, 8
2019/12/21, 61, 51, , , 22, 11
2019/12/22, 79, 55, , , 26, 9
2019/12/23, 74, 63, , , 25, 9
2019/12/24, 78, 65, , , 26, 9
2019/12/25, 83, 56, , , 23, 9
2019/12/26, 108, 49, , , 19, 7
2019/12/27, 84, 38, , , 19, 6
2019/12/28, 81, 39, , , 19, 5
2019/12/29, 91, , , , , 
2019/7/2, 65, , , , , 
2019/7/4, 85, 55, , 2, 4, 5
2019/7/5, 71, 59, , 2, 8, 5
2019/7/6, 85, 47, , 4, 5, 4
2019/7/7, 57, 33, , 1, 5, 3
2019/7/8, 48, 46, , 6, 4, 4
2019/7/9, 71, 51, , 7, 4, 5
2019/7/10, 69, 49, , 3, 6, 5
2019/7/11, 60, 41, , 9, 6, 6
2019/7/12, 46, 37, , 7, 4, 5
2019/7/13, 40, 52, , 9, 5, 5
2019/7/14, 62, 47, , 7, 4, 5
2019/7/15, 71, 47, , 8, 2, 5
2019/7/16, 68, 46, , 2, 2, 4
2019/7/17, 56, 43, , 1, 2, 4
2019/7/18, 57, 50, , 4, 2, 4
2019/7/19, 60, 51, , 2, 4, 4
2019/7/20, 59, 52, , 5, 8, 4
2019/7/21, 73, 46, , 6, 6, 3
2019/7/22, 70, 35, , 3, 3, 3
2019/7/23, 55, 36, , 4, 1, 4
2019/7/24, 53, 40, , 9, 1, 5
2019/7/25, 57, 40, , 3, 1, 4
2019/7/26, 59, 41, , 4, 2, 4
2019/7/27, 91, 38, , 4, 3, 4
2019/7/30, 75, 55, , 3, , 3
2019/7/31, 85, 65, , , 6, 2
2019/8/1, 72, 50, , , 4, 2
2019/8/2, 68, 39, , , 3, 3
2019/8/3, 53, 39, , , 5, 2
2019/8/4, 56, 23, , , 9, 1
2019/8/5, 34, 44, , , 5, 3
2019/8/6, 52, 47, , , 7, 2
2019/8/7, 68, 56, , , 8, 2
2019/8/8, 81, 48, , , 7, 2
2019/8/9, 65, 53, , , 7, 3
2019/8/10, 69, 49, , , 8, 2
2019/8/11, 52, 29, , , 9, 2
2019/8/14, 75, 39, , , 13, 3
2019/8/15, 54, 60, , , 13, 4
2019/8/16, 78, 47, , , 10, 3
2019/8/17, 67, 49, , , 18, 3
2019/8/18, 69, 43, , , 18, 1
2019/8/19, 71, 32, , , 11, 1
2019/8/20, 60, 35, , , 16, 2
2019/8/21, 58, 19, , , 20, 2
2019/8/22, 57, 15, , , 13, 2
2019/8/23, 44, 27, , , 10, 4
2019/8/24, 56, 19, , , 10, 5
2019/8/25, 58, 33, , , 9, 4
2019/8/26, 88, 30, , , 7, 5
2019/8/27, 61, 17, , , 7, 3
2019/8/28, 79, 24, , , 6, 4
2019/8/29, 98, 31, , , 12, 4
2019/8/30, 66, 46, , , 10, 2
2019/8/31, 72, 53, , , 8, 2
2019/9/1, 72, 39, , , 8, 1
2019/9/2, 54, 45, , , 6, 3
2019/9/3, 49, 38, , , 5, 3
2019/9/4, 50, 17, , , 6, 1
2019/9/5, 35, 34, , , 6, 1
2019/9/6, 62, 69, , , 11, 2
2019/9/7, 91, 50, , , 11, 3
2019/9/8, 60, 56, , , 11, 1
2019/9/9, 74, 51, , , 10, 2
2019/9/10, 60, 46, , , 17, 2
2019/9/11, 61, 43, , , 23, 3
2019/9/12, 52, 37, , , 22, 5
2019/9/13, 56, 36, , , 19, 8
2019/9/14, 55, 41, , , 18, 9
2019/9/15, 53, 30, , , 18, 8
2019/9/16, 53, 27, , , 17, 8
2019/9/17, 42, 46, , , 17, 10
2019/9/18, 71, 52, , , 16, 10
2019/9/19, 75, 55, , , 17, 10
2019/9/20, 78, 44, , , 18, 9
2019/9/21, 61, 38, , , 23, 8
2019/9/22, 57, 31, , , 24, 8
2019/9/23, 57, 38, , , 18, 9
2019/9/24, 47, 42, , , 16, 9
2019/9/25, 66, 43, , , 16, 9
2019/9/26, 65, 45, , , 15, 10
2019/9/27, 76, 47, , , 16, 11
2019/9/28, 77, 29, , , 16, 9
2019/9/29, 44, , , , , 
2019/10/1, 56, 27, , , 28, 9
2019/4/2, 54, 55, 28, 7, 5, 6
2019/4/3, 65, 48, 34, 6, 6, 6
2019/4/4, 56, 65, 33, 19, 7, 7
2019/4/5, 65, 68, 42, 27, 13, 8
2019/4/6, 73, 66, 60, 19, 14, 6
2019/4/7, 100, 48, 64, 12, 11, 4
2019/4/8, 60, 59, 60, 23, 10, 7
2019/4/9, 65, 80, 67, 26, 10, 8
2019/4/10, 77, , , , , 
2019/4/13, 92, 65, 115, 25, 9, 5
2019/4/14, 89, 31, 153, 23, 4, 3
2019/4/15, 110, 58, , 14, 11, 5
2019/4/16, 62, 52, , 19, 14, 5
2019/4/17, 67, 61, , 20, 16, 6
2019/4/18, 90, 81, , 26, 7, 5
2019/4/19, 67, 38, , 11, 8, 3
2019/4/20, 52, 46, , 17, 12, 5
2019/4/21, 58, 40, , 11, 13, 4
2019/4/22, 58, 45, , 14, 10, 4
2019/4/23, 58, 53, , 17, 17, 5
2019/4/24, 86, 54, , 20, 13, 5
2019/4/25, 78, 43, , 19, 8, 5
2019/4/26, 44, 46, , 19, 8, 4
2019/4/27, 52, 47, , 14, 8, 5
2019/4/28, 54, 41, , 10, 9, 4
2019/4/29, 51, 47, , 17, 8, 6
2019/4/30, 65, 66, , 17, 5, 7
2019/5/1, 129, 65, , 15, 5, 6
2019/5/2, 105, 63, , 9, 5, 6
2019/5/3, 115, 52, , 9, 14, 7
2019/5/4, 95, 52, , 17, 10, 7
2019/5/5, 86, 36, , 5, 7, 4
2019/5/6, 70, 42, , 10, 12, 6
2019/5/7, 68, 48, , 4, 7, 6
2019/5/8, 83, 52, , 6, 11, 5
2019/5/9, 70, 63, , 6, 14, 6
2019/5/10, 113, 36, , 8, 7, 7
2019/5/11, 49, 32, , 7, 8, 5
2019/5/12, 50, 27, , 2, 13, 3
2019/5/13, 49, 27, , 2, 11, 5
2019/5/14, 50, 31, , 3, 6, 6
2019/5/15, 53, 42, , 3, 6, 5
2019/5/16, 69, 44, , 2, 19, 5
2019/5/17, 67, 50, , 2, 11, 5
2019/5/18, 83, 57, , 3, 9, 5
2019/5/19, 83, 58, , 1, 10, 4
2019/5/20, 110, 59, , 2, 8, 5
2019/5/21, 98, 73, , 7, 6, 6
2019/5/22, 93, 69, , 5, 5, 6
2019/5/23, 114, 62, , 2, 4, 5
2019/5/24, 90, 54, , , 5, 4
2019/5/25, 77, 48, , 4, 11, 3
2019/5/26, 62, 39, , 1, 10, 3
2019/5/27, 61, 44, , 3, 11, 4
2019/5/28, 63, 51, , 4, 9, 4
2019/5/29, 77, 50, , 3, 4, 3
2019/5/30, 75, 52, , 2, 4, 3
2019/5/31, 94, 41, , 2, 5, 3
2019/6/1, 54, 31, , 4, 7, 2
2019/6/2, 45, 35, , , 6, 2
2019/6/3, 57, 37, , 2, 6, 1
2019/6/4, 51, 28, , 3, 6, 2
2019/6/5, 49, 41, , 6, 3, 3
2019/6/6, 49, 48, , 7, 3, 4
2019/6/7, 55, 49, , 10, 2, 3
2019/6/8, 62, 46, , 6, 2, 3
2019/6/9, 69, 44, , 3, 4, 3
2019/6/10, 62, 40, , 12, 1, 2
2019/6/11, 69, 44, , 21, 1, 4
2019/6/12, 68, 43, , 20, , 3
2019/6/13, 64, 38, , 14, 2, 2
2019/6/14, 53, , , , , 
2019/6/17, 66, 46, , 9, 8, 1
2019/6/18, 70, 49, , 14, 7, 1
2019/6/19, 71, 53, , 8, 8, 3
2019/6/20, 78, 59, , 3, 6, 1
2019/6/21, 94, 59, , 3, 11, 2
2019/6/22, 94, 47, , 17, 8, 2
2019/6/23, 77, 40, , 7, 6, 
2019/6/24, 83, 49, , 7, 5, 
2019/6/25, 101, 23, , 10, 5, 
2019/6/26, 60, 45, , 7, 8, 
2019/6/27, 79, 54, , 8, 10, 
2019/6/28, 103, 49, , 1, 8, 6
2019/6/29, 72, 38, 27, , 11, 5
2019/6/30, 65, 47, 63, 6, 7, 4
2019/7/1, 75, 50, , 4, 6, 5
2019/1/2, 96, 45, 7, 5, 6, 32
2019/1/3, 59, , , , , 
2019/1/5, 51, 61, 35, 7, 9, 33
2019/1/6, 72, 57, 32, 7, 9, 34
2019/1/7, 78, 65, 30, 8, 11, 36
2019/1/8, 68, 67, 40, 7, 13, 35
2019/1/9, 84, 30, 14, 5, 5, 33
2019/1/10, 37, 41, 3, 7, 6, 33
2019/1/11, 60, 58, 16, 6, 6, 33
2019/1/12, 79, 40, 22, 4, 8, 31
2019/1/13, 35, 38, 24, 5, 8, 30
2019/1/14, 42, 33, 11, 6, 6, 32
2019/1/15, 41, 56, 10, 7, 5, 36
2019/1/16, 87, 85, 6, 9, 5, 38
2019/1/17, 129, 96, 16, 12, 5, 40
2019/1/18, 150, 79, 20, 11, 5, 38
2019/1/19, 106, 58, 27, 5, 5, 32
2019/1/20, 28, 36, 29, 4, 5, 30
2019/1/21, 34, 56, 21, 8, 5, 34
2019/1/22, 55, 76, 30, 10, 5, 37
2019/1/23, 79, 69, 17, 6, 5, 32
2019/1/24, 42, 68, 25, 10, 5, 35
2019/1/25, 55, 56, 12, 7, 5, 34
2019/1/26, 62, 26, 17, 4, 5, 32
2019/1/27, 20, 36, 31, 4, 6, 32
2019/1/28, 44, 54, 29, 8, 6, 35
2019/1/29, 46, 51, 29, 4, 6, 32
2019/1/30, 24, 52, 22, 6, 6, 33
2019/1/31, 53, 61, 30, 7, 5, 35
2019/2/1, 68, 70, 23, 8, 5, 37
2019/2/2, 75, 52, 28, 6, 5, 35
2019/2/3, 65, 68, 45, 8, 5, 38
2019/2/4, 103, 62, 24, 8, 5, 37
2019/2/5, 87, 69, 37, 9, 5, 39
2019/2/6, 103, 82, 46, 11, 5, 41
2019/2/7, 100, 77, 30, 6, 6, 35
2019/2/8, 64, 48, 26, 4, 6, 32
2019/2/9, 28, , , , , 
2019/2/11, 145, 77, 22, 10, 6, 42
2019/2/12, 149, 48, 29, 7, 6, 36
2019/2/14, 35, 69, 41, 12, 14, 43
2019/2/15, 57, 71, 57, 9, 10, 47
2019/2/16, 60, 68, 92, 8, 10, 46
2019/2/17, 67, 61, 38, 5, 9, 45
2019/2/18, 65, 58, 29, 6, 7, 44
2019/2/19, 42, 60, 18, 7, 8, 45
2019/2/20, 59, 41, 35, 4, 5, 43
2019/2/21, 35, 54, 34, 7, 9, 44
2019/2/22, 43, 79, 37, 10, 17, 45
2019/2/23, 90, 90, 24, 9, 14, 45
2019/2/24, 91, 65, 42, 3, 7, 38
2019/2/25, 30, 58, 31, 7, 11, 40
2019/2/26, 42, 70, 48, 9, 13, 42
2019/2/27, 62, 67, 42, 7, 10, 41
2019/2/28, 70, 62, 21, 6, 9, 42
2019/3/1, 84, 51, 20, 5, 6, 40
2019/3/2, 73, 64, 36, 7, 9, 42
2019/3/3, 89, 54, 37, 5, 9, 40
2019/3/4, 80, 29, 8, 5, 5, 40
2019/3/5, 24, 39, 13, 5, 5, 40
2019/3/6, 42, 51, 20, 6, 10, 31
2019/3/7, 58, 79, , 37, 9, 13
2019/3/8, 105, 80, 22, 42, 7, 12
2019/3/9, 88, 76, 36, 38, 8, 11
2019/3/10, 89, 54, 33, 24, 6, 6
2019/3/11, 124, 58, 24, 23, 4, 8
2019/3/12, 86, 48, 22, 16, 16, 6
2019/3/13, 17, 59, 53, 27, 11, 6
2019/3/14, 95, 103, 42, 49, 8, 7
2019/3/15, 68, 51, 49, 26, 7, 6
2019/3/16, 59, 46, 48, 23, 8, 5
2019/3/21, 89, 26, 41, 30, 5, 7
2019/3/22, 49, 47, 42, 38, 9, 8
2019/3/23, 67, 52, 57, 26, 5, 6
2019/3/24, 55, 49, 64, 26, 4, 5
2019/3/29, 78, 61, 45, 22, 8, 8
2019/3/30, 85, 67, 44, 21, 5, 7
2019/3/31, 73, 24, 46, 12, 3, 3
2019/4/1, 13, 39, 34, 5, 10, 4
2018/10/2, 59, 27, 16, 4, 5, 26
2018/10/3, 54, 28, 17, 3, 4, 21
2018/10/4, 46, 34, 25, 3, 5, 22
2018/10/5, 44, 34, 25, 3, 4, 23
2018/10/6, 58, 35, 26, 3, 4, 24
2018/10/7, 50, 33, 26, 3, 4, 24
2018/10/8, 56, 29, 26, 3, 5, 25
2018/10/9, 66, 42, 50, 3, 5, 28
2018/10/10, 47, 36, 38, 3, 5, 26
2018/10/11, 58, 27, 19, 2, 5, 18
2018/10/12, 46, 13, 16, 2, 5, 18
2018/10/13, 31, 24, 60, 4, 5, 19
2018/10/14, 52, 17, 27, 3, 5, 19
2018/10/15, 115, 33, 7, 3, 5, 18
2018/10/16, 55, 50, 3, 4, 5, 18
2018/10/17, 55, 48, 4, 5, 5, 19
2018/10/18, 58, 37, 5, 5, 5, 21
2018/10/19, 52, 56, 10, 5, 5, 22
2018/10/20, 91, , , , , 
2018/11/8, 121, 56, 7, 7, 5, 29
2018/11/9, 85, 26, 3, 6, 5, 28
2018/11/10, 50, 21, 7, 6, 5, 28
2018/11/11, 31, 37, , 6, 5, 28
2018/11/12, 72, 51, , 6, 5, 28
2018/11/13, 79, 30, , 6, 5, 27
2018/11/14, 29, 37, , 7, 5, 26
2018/11/15, 43, 53, , 9, 5, 26
2018/11/16, 58, 51, 1, 10, 5, 27
2018/11/17, 56, 54, , 10, 5, 28
2018/11/18, 74, 40, , 9, 5, 29
2018/11/19, 58, 40, , 7, 5, 30
2018/11/20, 72, 41, , 8, 5, 31
2018/11/21, 59, 34, , 8, 5, 30
2018/11/22, 68, 37, , 7, 5, 31
2018/11/23, 75, 51, 6, 9, 5, 30
2018/11/24, 87, 46, 11, 9, 7, 26
2018/11/25, 57, 39, 9, 9, 7, 23
2018/11/26, 47, 53, 21, 5, 6, 21
2018/11/27, 34, , , , , 
2018/12/4, 61, 19, 32, 3, 5, 23
2018/12/5, 41, , 15, 5, 8, 24
2018/12/6, 42, 47, 11, 7, 8, 29
2018/12/7, 84, 52, 1, 6, 6, 30
2018/12/8, 99, 30, 1, 5, 5, 28
2018/12/9, 43, 14, 7, 5, 6, 25
2018/12/10, 60, 44, 18, 6, 8, 25
2018/12/11, 45, 40, 16, 6, 7, 25
2018/12/12, 47, 35, 7, 10, 10, 31
2018/12/13, 75, 41, 26, 4, 7, 25
2018/12/14, 22, 52, 34, 3, 7, 23
2018/12/15, 25, 38, 25, 6, 7, 25
2018/12/16, 42, 49, 29, 6, 7, 27
2018/12/17, 51, 56, 20, 8, 8, 28
2018/12/18, 45, 62, 14, 9, 11, 29
2018/12/19, 74, 45, 26, 6, 7, 27
2018/12/20, 48, 37, 29, 5, 7, 26
2018/12/21, 24, 43, 28, 6, 6, 28
2018/12/22, 41, 54, 29, 7, 7, 29
2018/12/23, 43, 48, 35, 5, 7, 29
2018/12/24, 42, 35, 41, 5, 7, 28
2018/12/25, 48, 21, 34, 5, 7, 31
2018/12/27, 96, , , , , 
2018/7/13, 54, 66, 42, 5, 5, 28
2018/7/14, 74, 55, 28, 5, 5, 28
2018/7/15, 56, 44, 41, 4, 5, 29
2018/7/16, 84, 61, 35, 4, 5, 28
2018/7/17, 100, 80, 32, 7, 8, 27
2018/7/18, 56, 61, 28, 8, 7, 26
2018/7/19, 47, 56, 30, 7, 8, 26
2018/7/20, 48, 56, 39, 8, 8, 27
2018/7/21, 45, 53, 32, 8, 8, 27
2018/7/22, 55, 50, 32, 7, 7, 27
2018/7/23, 65, 62, 38, 6, 8, 27
2018/7/24, 48, 53, 39, 7, 10, 27
2018/7/25, 52, 52, 35, 7, 9, 27
2018/7/26, 68, 70, 24, 7, 10, 28
2018/7/27, 59, 56, 34, 7, 9, 29
2018/7/28, 68, 57, 22, 6, 6, 28
2018/7/29, 66, 62, 28, 6, 8, 29
2018/7/31, 48, 42, 27, 6, 7, 29
2018/8/1, 56, 40, 25, 5, 6, 29
2018/8/2, 26, 32, 38, 5, 5, 29
2018/8/3, 30, 34, 41, 6, 7, 29
2018/8/4, 25, 41, 44, 6, 8, 29
2018/8/7, 21, 36, 14, 13, 4, 27
2018/8/8, 39, 27, 20, 6, 5, 25
2018/8/9, 27, 37, 29, 5, 7, 27
2018/8/10, 39, 42, 38, 5, 8, 28
2018/8/11, 51, 47, 50, 5, 7, 29
2018/8/12, 30, 45, 29, 5, 8, 28
2018/8/13, 53, 41, 31, 5, 8, 29
2018/8/14, 65, 54, 30, 5, 6, 29
2018/8/15, 56, 48, 28, 5, 5, 29
2018/8/16, 35, 44, 35, 5, 7, 29
2018/8/17, 50, 46, 35, 6, 7, 29
2018/8/18, 52, 46, 41, 6, 7, 30
2018/8/19, 47, 44, 31, 5, 7, 29
2018/8/20, 42, 39, 48, 5, 9, 29
2018/8/21, 51, 40, 24, 6, 7, 30
2018/8/22, 26, 37, 23, 5, 5, 29
2018/8/23, 53, 41, 28, 4, 6, 30
2018/8/24, 47, 36, 30, 5, 7, 30
2018/8/25, 29, 19, 5, 5, 7, 29
2018/9/7, 47, 31, 24, 3, 4, 34
2018/9/8, 50, 24, 14, 4, 5, 34
2018/9/9, 68, 38, 40, 4, 5, 35
2018/9/10, 27, 18, 18, 3, 4, 35
2018/9/11, 39, 21, 20, 4, 4, 35
2018/9/12, 36, 20, 23, 4, 4, 35
2018/9/13, 43, 32, 41, 4, 5, 35
2018/9/14, 33, 29, 32, 4, 4, 35
2018/9/15, 39, 23, 29, 3, 4, 34
2018/9/16, 50, 28, 39, 4, 4, 34
2018/9/17, 98, 45, 32, 4, 6, 36
2018/9/18, 58, 29, 19, 4, 5, 35
2018/9/19, 62, 34, 28, 4, 5, 36
2018/9/20, 70, 42, 14, 4, 5, 35
2018/9/21, 65, 43, 43, 5, 6, 36
2018/9/22, 72, 47, 76, 4, 5, 35
2018/9/23, 61, 28, 16, 4, 4, 35
2018/9/24, 37, 29, 35, 3, 5, 35
2018/9/25, 73, 35, 37, 3, 5, 35
2018/9/26, 71, 46, 55, 4, 5, 34
2018/9/27, 95, 46, 33, 3, 5, 35
2018/9/28, 38, 23, 22, 3, 4, 37
2018/9/29, 48, 25, 15, 3, 4, 34
2018/9/30, 51, 25, 12, 3, 4, 34
2018/10/1, 45, 21, 20, 2, 4, 32
2025/8/9, , 45, 4, 12, 5, 5
2025/1/1, , 38, 31, 15, 5, 8
2025/1/19, , 29, 18, 21, 5, 9
2025/3/30, , 28, 32, 15, 5, 4
2024/10/20, , 25, 12, 20, 4, 10
2024/11/19, , 61, 40, 38, 4, 12
2024/8/11, , 30, 37, 12, 4, 11
2024/4/9, , 75, 53, 18, 14, 20
2024/4/12, , 59, 35, 20, 5, 18
2024/4/19, , 60, 39, 18, 7, 22
2024/5/20, , 66, 44, 16, 4, 12
2024/6/15, , 35, 20, 12, 4, 4
2024/1/30, , 48, 10, 39, 5, 22
2024/3/19, , 27, 16, 20, 4, 19
2024/3/20, , 42, 26, 19, 4, 20
2023/6/7, , 41, 39, 17, 8, 9
2023/6/28, , 57, 22, 13, 4, 9
2023/1/3, , 55, 24, 31, 7, 11
2023/2/5, , 55, 40, 30, 4, 15
2022/10/9, , 35, 37, 9, 7, 7
2021/11/1, , 47, 24, 12, 3, 6
2021/8/15, , 38, 36, 6, , 14
2021/4/22, , 48, 26, 10, , 5
2021/4/23, , 67, 60, 12, , 7
2021/5/12, , 42, 13, 9, , 7
2021/2/17, , 58, 12, , , 20
2020/10/2, , 41, , , , 14
2020/10/3, , 41, , , , 14
2020/10/4, , 26, , , 3, 12
2020/10/5, , 26, , , 3, 12
2020/10/6, , 35, , , 2, 13
2020/10/7, , 57, , , 1, 14
2020/10/8, , 58, , , , 16
2020/10/9, , 50, , , 1, 14
2020/10/10, , 58, , , , 16
2020/10/11, , 77, , , , 20
2020/10/12, , 59, , , , 18
2020/10/13, , 45, , , 1, 15
2020/10/14, , 42, , , 1, 13
2020/10/15, , 39, , , 2, 14
2020/10/16, , 65, , , , 16
2020/10/17, , 71, , , , 15
2020/10/18, , 65, , , , 16
2020/10/19, , 54, , , 1, 15
2020/10/20, , 54, , , 1, 15
2020/10/21, , 47, , , , 14
2020/10/22, , 49, , , , 14
2020/10/23, , 53, , , 1, 14
2020/10/24, , 63, , , 3, 15
2020/10/25, , 53, , , , 14
2020/10/26, , 64, , , , 17
2020/10/27, , 36, , , , 14
2020/10/28, , 44, , , , 14
2020/10/29, , 41, , , , 12
2020/7/5, , 46, , , , 9
2020/7/6, , 48, , , , 9
2020/7/10, , 57, , , , 11
2020/7/11, , 41, , , , 11
2020/7/12, , 38, , , , 10
2020/7/13, , 48, , , , 11
2020/7/17, , 70, , , 1, 8
2020/7/19, , 56, , , 2, 9
2020/7/20, , 54, , , 1, 10
2020/7/21, , 48, , , 1, 11
2020/7/22, , 39, , , 2, 10
2020/7/23, , 34, , , , 9
2020/7/24, , 35, , , , 9
2020/7/25, , 38, , , 4, 9
2020/7/26, , 11, , , 6, 5
2020/7/27, , 32, , , , 8
2020/7/28, , 44, , , , 9
2020/7/29, , 44, , , 2, 9
2020/7/30, , 46, , , , 10
2020/7/31, , 62, , , 2, 11
2020/8/1, , 40, , , 3, 8
2020/8/2, , 36, , , 2, 9
2020/8/3, , 38, , , 2, 9
2020/8/4, , 41, , , , 10
2020/8/5, , 38, , , , 8
2020/8/6, , 45, , , , 7
2020/8/7, , 41, , , , 11
2020/8/8, , 27, , , , 10
2020/8/9, , 33, , , , 10
2020/8/10, , 31, , , , 11
2020/8/11, , 48, , , , 12
2020/8/12, , 58, , , , 13
2020/8/15, , 39, , , , 13
2020/8/16, , 31, , , , 12
2020/8/17, , 35, , , , 12
2020/8/18, , 42, , , 2, 12
2020/8/19, , 42, , , 1, 12
2020/8/20, , 52, , , 1, 13
2020/8/21, , 51, , , 1, 13
2020/8/22, , 35, , , , 12
2020/8/23, , 29, , , 1, 10
2020/8/24, , 31, , , 1, 11
2020/8/25, , 31, , , 1, 12
2020/8/26, , 45, , , 1, 13
2020/8/27, , 45, , , 1, 13
2020/8/28, , 48, , , , 12
2020/8/29, , 47, , , , 12
2020/8/30, , 38, , , , 11
2020/8/31, , 48, , , , 12
2020/9/1, , 64, , , 1, 12
2020/9/2, , 73, , , , 12
2020/9/3, , 70, , , 5, 13
2020/4/6, , 35, 13, 37, 6, 6
2020/4/12, , 65, 16, , 52, 34
2020/4/15, , 89, 19, , 12, 1
2020/4/30, , 27, , , , 
2020/5/6, , 17, , , , 
2020/5/22, , 43, , , , 
2020/5/23, , 37, , , , 
2020/5/24, , 28, , , , 
2020/5/25, , 31, , , , 
2020/6/17, , 21, , , , 
2020/1/1, , 34, , , 24, 4
2020/1/20, , 27, , , 21, 5
2020/2/2, , 46, , 20, 30, 11
2020/3/20, , 45, , 91, 5, 8
2019/12/11, , 26, , , 14, 5
2019/7/3, , 50, , , 6, 4
2019/7/28, , 47, , 2, , 3
2019/7/29, , 41, , 4, , 3
2019/8/12, , 48, , , 8, 3
2019/8/13, , 51, , , 9, 4
2019/9/30, , 40, , , 34, 9
2019/4/12, , 83, 89, 8, 12, 3
2019/6/16, , 40, , , 8, 1
2019/1/1, , 61, 16, 5, 14, 34
2019/1/4, , 58, 25, 8, 7, 33
2019/2/10, , 76, 8, 9, 6, 39
2019/2/13, , 45, 33, 5, 6, 34
2019/3/17, , 32, 58, 16, 6, 3
2019/3/18, , 23, 47, 18, 6, 3
2019/3/19, , 48, 44, 27, 6, 5
2019/3/20, , 58, 35, 28, 4, 6
2019/3/25, , 58, 37, 28, 5, 7
2019/3/26, , 33, 23, 32, 8, 6
2019/3/27, , 32, 26, 16, 11, 5
2019/3/28, , 45, 24, 17, 7, 5
2018/11/7, , 64, 17, 8, 5, 29
2018/12/3, , 64, 21, 5, 7, 26
2018/12/26, , 71, 25, 9, 8, 34
2018/7/2, , 56, 50, 3, 6, 26
2018/7/3, , 68, 32, 4, 5, 26
2018/7/4, , 64, 46, 6, 7, 26
2018/7/5, , 52, 15, 7, 8, 24
2018/7/6, , 56, 15, 7, 8, 25
2018/7/7, , 44, 21, 7, 8, 25
2018/7/8, , 31, 26, 6, 6, 27
2018/7/9, , 40, 47, 5, 5, 29
2018/7/10, , 52, 31, 4, 5, 28
2018/7/11, , 56, 20, 4, 5, 27
2018/7/12, , 48, 35, 5, 5, 28
2018/9/6, , 18, 12, 3, 4, 34
2018/4/6, , 65, 64, 9, 5, 26
2018/4/7, , 64, 24, 7, 5, 27
2018/4/8, , 57, 17, 5, 5, 26
2018/4/9, , 36, 31, 9, 5, 26
2018/4/10, , 58, 16, 8, 5, 26
2018/4/11, , 32, 18, 6, 5, 25
2018/4/12, , 33, 37, 7, 5, 26
2018/4/13, , 50, 27, 9, 5, 26
2018/4/14, , 66, 36, 6, 5, 25
2018/4/15, , 109, 39, 4, 5, 24
2018/4/17, , 71, 59, 9, 5, 26
2018/4/18, , 68, 31, 8, 5, 27
2018/4/19, , 67, 20, 7, 5, 26
2018/4/20, , 29, 18, 6, 4, 25
2018/4/21, , 28, 35, 6, 5, 25
2018/4/22, , 51, 31, 5, 5, 26
2018/4/23, , 43, 22, 6, 5, 25
2018/4/24, , 27, 14, 6, 5, 25
2018/4/25, , 31, 16, 6, 5, 25
2018/4/26, , 38, 24, 7, 5, 25
2018/4/27, , 47, 31, 7, 5, 26
2018/4/28, , 35, 26, 6, 5, 25
2018/4/29, , 22, 24, 6, 5, 25
2018/4/30, , 26, 21, 6, 5, 25
2018/5/1, , 39, 33, 5, 5, 25
2018/5/2, , 33, 31, 6, 5, 25
2018/5/3, , 49, 31, 8, 5, 26
2018/5/4, , 61, 4, 7, 5, 27
2018/5/5, , 55, 13, 6, 5, 26
2018/5/6, , 24, 36, 5, 5, 26
2018/5/7, , 34, 35, 7, 5, 26
2018/5/8, , 46, 39, 6, 5, 25
2018/5/9, , 40, 30, 6, 5, 24
2018/5/10, , 50, 26, 6, 5, 24
2018/5/11, , 47, 29, 6, 6, 24
2018/5/12, , 49, 46, 6, 5, 25
2018/5/13, , 50, 27, 5, 5, 24
2018/5/14, , 43, 21, 5, 4, 24
2018/5/15, , 39, 32, 5, 5, 24
2018/5/16, , 40, 35, 6, 5, 25
2018/5/17, , 43, 33, 6, 5, 25
2018/5/18, , 52, 33, 7, 6, 25
2018/5/19, , 51, 32, 5, 7, 24
2018/5/20, , 48, 26, 4, 4, 23
2018/5/21, , 38, 28, 6, 5, 24
2018/5/22, , 31, 20, 4, 4, 23
2018/5/23, , 28, 16, 4, 4, 23
2018/5/24, , 24, 22, 4, 4, 24
2018/5/25, , 38, 37, 5, 4, 24
2018/5/26, , 43, 55, 5, 5, 24
2018/5/27, , 37, 47, 5, 7, 24
2018/5/28, , 36, 40, 5, 6, 24
2018/5/29, , 37, 43, 6, 5, 26
2018/5/30, , 45, 42, 6, 5, 25
2018/5/31, , 50, 33, 5, 5, 25
2018/6/1, , 54, 46, 6, 5, 25
2018/6/2, , 59, 53, 5, 5, 25
2018/6/3, , 53, 32, 3, 5, 23
2018/6/4, , 37, 37, 5, 6, 25
2018/6/5, , 40, 49, 6, 7, 25
2018/6/6, , 48, 45, 6, 8, 26
2018/6/7, , 56, 35, 5, 6, 25
2018/6/8, , 53, 24, 4, 5, 24
2018/6/9, , 52, 24, 4, 5, 24
2018/6/10, , 48, 36, 4, 5, 24
2018/6/11, , 44, 33, 5, 6, 25
2018/6/12, , 56, 25, 5, 5, 25
2018/6/13, , 48, 26, 4, 5, 24
2018/6/14, , 38, 19, 4, 5, 24
2018/6/15, , 31, 21, 4, 4, 24
2018/6/16, , 32, 23, 4, 4, 24
2018/6/17, , 27, 28, 3, 5, 24
2018/6/18, , 21, 24, 6, 8, 25
2018/6/19, , 38, 31, 9, 11, 23
2018/6/20, , 43, 32, 10, 8, 25
2018/6/21, , 47, 15, 6, 5, 26
2018/6/22, , 16, 23, 6, 4, 27
2018/6/23, , 35, , , , 
2018/6/26, , 37, 27, 4, 4, 26
2018/6/27, , 34, 27, 4, 4, 26
2018/6/28, , 30, 38, 4, 4, 26
2018/6/29, , 37, 34, 5, 5, 27
2018/6/30, , 50, , , , 
2020/4/14, , , 7, , , 32
2018/4/5, , , 32, 9, 5, 25
2018/4/16, , , 41, 8, 5, 25
2018/6/25, , , 24, 5, 4, 26
2018/7/1, , , 50, 3, 6, 26
2020/8/13, , , , , , 13
2020/8/14, , , , , , 13